pathway,pval,padj,log2err,ES,NES,size,leadingEdge,gs_name,display_label,biological_axis,leadingEdge_string,gs_collection,gs_subcollection,gs_description,gs_exact_source,db_version,n_genes_total,Direction,source_for_map,node_label,node_id,node_size,evidence_weight,network_cluster,n_nodes,n_pCR,n_non_pCR,n_hypoxia_terms,n_oxidative_terms,n_prostaglandin_terms,pCR_prop,pCR_weighted_prop,median_fdr,cluster_label,cluster_direction,cluster_direction_majority80
KEGG_MEDICUS_REFERENCE_TRANSLATION_INITIATION,3.5715759742920767e-17,1.1184611534023197e-13,1.0672099868281106,-0.67483927556718315,-2.981133306381956,80,,KEGG_MEDICUS_REFERENCE_TRANSLATION_INITIATION,Medicus reference translation initiation,Ribosome and translation initiation,RPL38;RPL13;RPL27;RPL39;RPS7;RPL23;RPL37A;RPS4X;RPL19;RPL7;RPL35;RPL8;RPL11;RPS13;RPL30;RPL31;RPLP2;RPS20;RPL36A;RPL10;RPS27A;RPS3;RPL32;RPL37;RPS15A;RPS2;RPL22;RPL23A;RPS25;RPL24;RPS6;RPS23;RPS14;RPS18;RPS21;RPL35A;RPS12;RPL10A;RPL29;RPL27A;RPS27;RPL12;RPL36;RPL6;RPS10;FAU;RPL26;RPL7A;RPL41;RPL3;RPS28;RPS5;RPS24;RPS29;RPS19;RPL14;RPL34;RPS9,C2,CP:KEGG_MEDICUS,Pathway Definition from KEGG: 40S == mRNA == 60S,N01317,2026.1.Hs,80,non_pCR_high,global,Medicus reference translation initiation,KEGG_MEDICUS_REFERENCE_TRANSLATION_INITIATION,10,29.81133306381956,1,27,0,27,0,0,0,0,0,9.894071587304634e-7,"MYC target
program",non_pCR_high,non_pCR_high
REACTOME_EUKARYOTIC_TRANSLATION_ELONGATION,4.815800659236976e-17,1.1184611534023197e-13,1.0672099868281106,-0.6499429981430119,-2.927569766334774,92,,REACTOME_EUKARYOTIC_TRANSLATION_ELONGATION,Eukaryotic translation elongation,Ribosome and translation initiation,RPL38;RPL13;RPL27;RPL39;RPS7;RPL23;RPL37A;RPS4X;RPL19;RPL7;RPL35;RPL8;RPL11;RPS13;RPL30;RPL31;RPLP2;RPS20;RPL36A;RPL10;RPS27A;RPS3;RPL32;RPL37;RPS15A;RPS2;RPL22;RPL23A;RPS25;RPL24;RPS6;EEF1G;RPS23;RPS14;RPS18;RPS21;RPL35A;RPS12;RPL10A;EEF1A2;EEF1D;RPL29;RPL27A;RPS27;RPL12;RPL36;RPL6;RPS10;FAU;RPL26L1;RPL26;RPL7A;RPL41;EEF1B2;RPL3;RPS28;RPS5;EEF1A1;RPS24;RPS29;RPS19;RPL14,C2,CP:REACTOME,Eukaryotic Translation Elongation,R-HSA-156842,2026.1.Hs,92,non_pCR_high,global,Eukaryotic translation elongation,REACTOME_EUKARYOTIC_TRANSLATION_ELONGATION,10,29.27569766334774,1,27,0,27,0,0,0,0,0,9.894071587304634e-7,"MYC target
program",non_pCR_high,non_pCR_high
REACTOME_TRANSLATION,5.429423074768542e-17,1.1184611534023197e-13,1.0672099868281106,-0.4259915205335947,-2.305962356895079,351,,REACTOME_TRANSLATION,Translation,Ribosome and translation initiation,RPL38;RPL13;MRPL17;RPL27;EIF3H;RPL39;RPS7;RPL23;ELOB;MRPS17;RPL37A;EIF2B4;RPS4X;RPL19;MRPL58;MRPL20;EIF3E;RPL7;AARS1;MRPL28;MRPS23;RPL35;RPL8;PSMB3;MALSU1;MRPL38;MRPL33;MRPL13;RPL11;RPS13;EIF3M;RPL30;RPL31;RPLP2;MRPL36;RPS20;RPL36A;RPL10;RPS27A;RPS3;RPL32;RPL37;EIF1AX;RPS15A;MRPL53;PSMB1;EIF2S3;RPS2;RPL22;RPL23A;RPS25;MRPL55;MRPS18B;PSMC5;RPL24;RPS6;DAP3;EEF1G;RPS23;MRPL2;RPS14;RPS18;RPS21;RPL35A;RPS12;EIF3C;PSMB2;RPL10A;MRPL24;EEF1A2;PSMA7;MRPL18;EEF1D;RPL29;RPL27A;MRPS24;EIF3B;RPS27;RPL12;PSMB7;EIF3D;EIF5B;ELOC;PSMA1;AURKAIP1;RPL36;PSMD13;SEC61G;PABPC1;MRPL57;RPL6;MRPS34;PSMD3;EIF2S2;ADRM1;MRPL10;PSMA2;MRPS7;RPS10;YARS1;EIF4EBP1;MRPS28;MRPS33;PSMD11;MRPL32;FAU;PSMD14;MRPL40;RPL26L1;SEC61B;RPL26;MTIF2;HARS1;RPL7A;RPL41;DARS1;WARS1;MRPL45;AIMP2;MRPL15;EEF1B2;SEM1;MRPL50;RPL3;MRPS2;RPS28;MRPL30;PSMA3;RPS5;MRPL23;PSMB4;PELO;GSPT2;RPN2;EEF1A1;VCP;RPS24;RPS29;MRPS30;RPS19;MRPL21;RPL14;MRPL39;ZNF598;RARS2;LARS1;MRPS31;MRPL43;SRP19;PSMB5;PTCD3;RPL34;NARS2;RPS9;ANKZF1;MTRF1;MRPS14;EIF3I;EIF2S1;MRPS5;RPL5;MRPS27,C2,CP:REACTOME,Translation,R-HSA-72766,2026.1.Hs,351,non_pCR_high,global,Translation,REACTOME_TRANSLATION,10,23.05962356895079,1,27,0,27,0,0,0,0,0,9.894071587304634e-7,"MYC target
program",non_pCR_high,non_pCR_high
KEGG_RIBOSOME,9.591963857023688e-17,1.5807556436375039e-13,1.0574635727508575,-0.6492178119986394,-2.8943226183095474,86,,KEGG_RIBOSOME,Ribosome,Ribosome and translation initiation,RPL38;RPL13;RPL27;RPL39;RPS7;RPL23;RPL37A;RPS4X;RPL19;RPL7;RPL35;RPL8;MRPL13;RPL11;RPS13;RPL30;RPL31;RPLP2;RPS20;RPL36A;RPL10;RPS27A;RPS3;RPL32;RPL37;RPS15A;RPS2;RPL22;RPL23A;RPS25;RPL24;RPS6;RPS23;RPS18;RPS21;RPL35A;RPS12;RPL10A;RPL29;RPL27A;RPS27;RPL12;RPL36;RPL6;RPS10;FAU;RPL26L1;RPL26;RPL7A;RPL41;RPL3;RPS28;RPS5;RPS24;RPS29;RPS19;RPL14,C2,CP:KEGG_LEGACY,Ribosome,hsa03010,2026.1.Hs,86,non_pCR_high,global,Ribosome,KEGG_RIBOSOME,10,28.943226183095476,1,27,0,27,0,0,0,0,0,9.894071587304634e-7,"MYC target
program",non_pCR_high,non_pCR_high
REACTOME_EUKARYOTIC_TRANSLATION_INITIATION,4.838173078222649e-16,5.77503702827776e-13,1.027669870543582,-0.5829987149136855,-2.716719028112466,118,,REACTOME_EUKARYOTIC_TRANSLATION_INITIATION,Eukaryotic translation initiation,Ribosome and translation initiation,RPL38;RPL13;RPL27;EIF3H;RPL39;RPS7;RPL23;RPL37A;EIF2B4;RPS4X;RPL19;EIF3E;RPL7;RPL35;RPL8;RPL11;RPS13;EIF3M;RPL30;RPL31;RPLP2;RPS20;RPL36A;RPL10;RPS27A;RPS3;RPL32;RPL37;EIF1AX;RPS15A;EIF2S3;RPS2;RPL22;RPL23A;RPS25;RPL24;RPS6;RPS23;RPS14;RPS18;RPS21;RPL35A;RPS12;EIF3C;RPL10A;RPL29;RPL27A;EIF3B;RPS27;RPL12;EIF3D;EIF5B;RPL36;PABPC1;RPL6;EIF2S2;RPS10;EIF4EBP1;FAU;RPL26L1;RPL26;RPL7A;RPL41,C2,CP:REACTOME,Eukaryotic Translation Initiation,R-HSA-72613,2026.1.Hs,118,non_pCR_high,global,Eukaryotic translation initiation,REACTOME_EUKARYOTIC_TRANSLATION_INITIATION,10,27.16719028112466,1,27,0,27,0,0,0,0,0,9.894071587304634e-7,"MYC target
program",non_pCR_high,non_pCR_high
REACTOME_RRNA_PROCESSING,4.905978058002952e-16,5.77503702827776e-13,1.027669870543582,-0.4903272781302189,-2.501497959751029,208,,REACTOME_RRNA_PROCESSING,Rrna processing,Ribosome and translation initiation,RPL38;RPL13;RPL27;RPL39;RPS7;RPL23;RPL37A;RPS4X;RPL19;RPL7;MTERF3;MRM1;RPL35;RPL8;DCAF13;RPL11;RPS13;RPL30;RPL31;RPLP2;RPS20;RPL36A;RPL10;RPS27A;RPS3;EXOSC4;RPL32;EXOSC3;RPL37;RPS15A;RPS2;RPL22;RPL23A;RPS25;BOP1;RPL24;UTP18;TBL3;RPS6;WDR12;RPS23;MRM2;RPS14;NOL9;RPS18;RPS21;RPL35A;EMG1;RPS12;NOB1;NHP2;RPL10A;NOP58;HSD17B10;UTP14A;DIMT1;UTP6;RPL29;RRP9;LAS1L;RPL27A;RCL1;RPS27;RPL12;BUD23;EXOSC1;TFB1M;RPL36;PES1;TSR3;RPUSD3;RPL6;SNU13;IMP4;RPS10;PNO1;FAU;RPL26L1;WDR75;RPL26;UTP4;RPL7A;WDR46;RPL41;RPP21;RCC1L;DKC1;RPL3;RPS28;RRP1;PELP1;RPS5;RPP30;RPS24;RPS29;RPS19;RPL14;NIP7;RPL34;RPS9;DDX47;RPP40;WDR43;CSNK1E;EXOSC7;RPL5;BYSL,C2,CP:REACTOME,rRNA processing,R-HSA-72312,2026.1.Hs,208,non_pCR_high,global,Rrna processing,REACTOME_RRNA_PROCESSING,10,25.01497959751029,1,27,0,27,0,0,0,0,0,9.894071587304634e-7,"MYC target
program",non_pCR_high,non_pCR_high
WP_CYTOPLASMIC_RIBOSOMAL_PROTEINS,1.2243570316115923e-15,1.008870194047952e-12,1.0175447973098848,-0.6413532871247217,-2.853961536780905,87,,WP_CYTOPLASMIC_RIBOSOMAL_PROTEINS,Cytoplasmic ribosomal proteins,Ribosome and translation initiation,RPL38;RPL13;RPL27;RPL39;RPS7;RPL23;RPL37A;RPS4X;RPL19;RPL7;RPL35;RPL8;RPL11;RPS13;RPL30;RPL31;RPLP2;RPS20;RPL36A;RPL10;RPS27A;RPS3;RPL32;RPL37;RPS15A;RPS2;RPL22;RPL23A;RPS25;RPL24;RPS6;RPS23;RPS14;RPS18;RPS21;RPL35A;RPS12;RPL10A;RPL29;RPL27A;RPS27;RPL12;RPL36;RPL6;RPS6KA2;RPS10;FAU;RPL26;RPL7A;RPL41;RPL3;RPS28;RPS5;RPS24;RPS29;RPS19;RPL14,C2,CP:WIKIPATHWAYS,Cytoplasmic ribosomal proteins,WP477,2026.1.Hs,87,non_pCR_high,global,Cytoplasmic ribosomal proteins,WP_CYTOPLASMIC_RIBOSOMAL_PROTEINS,10,28.53961536780905,1,27,0,27,0,0,0,0,0,9.894071587304634e-7,"MYC target
program",non_pCR_high,non_pCR_high
SABATES_COLORECTAL_ADENOMA_UP,6.355030370934645e-14,4.3637875213751224e-11,0.9545416307257243,-0.5302076253864653,-2.5455712062892366,136,,SABATES_COLORECTAL_ADENOMA_UP,Sabates colorectal adenoma up,Adenoma/CRC epithelial program,TACSTD2;REG1A;REG1B;MSX1;UCA1;TNFRSF6B;SLC16A4;RNF183;DPEP1;CXCL1;ALDH4A1;APCDD1;C2CD4A;SP5;NQO1;TCN1;LRRC36;CXCL2;CD44;CBLIF;DMBT1;CST1;AXIN2;REG3A;TEAD4;GALNT6;ETV4;IGFBP2;MSLN;NOTUM;NKD1;HES6;GATA2-AS1;S100A2;KRT6B;SERPINA3;SLC22A3;SBSPON;GABRP;CLDN2;CRNDE;CLDN1;SLCO1B3;ODAM;MMP1;IL13RA2;S100A8;KRT23;TRIM29;AZGP1;MMP7;FOXQ1;CXCL8;INHBA;SRPX2;CCL20;GRHL3;CCNO,C2,CGP,Genes up-regulated in colorectal adenoma compared to normal mucosa samples.,Table S4,2026.1.Hs,136,non_pCR_high,targeted_keyword,Sabates colorectal adenoma up,SABATES_COLORECTAL_ADENOMA_UP,10,25.455712062892367,2,14,0,14,0,1,0,0,0,0.0356243471956615,"ECM/collagen
remodeling",non_pCR_high,non_pCR_high
REACTOME_RIBOSOME_ASSOCIATED_QUALITY_CONTROL,3.079620580512965e-13,1.8125766845304879e-10,0.932595211336209,-0.5178864685125508,-2.5097132604702423,143,,REACTOME_RIBOSOME_ASSOCIATED_QUALITY_CONTROL,Ribosome associated quality control,Ribosome and translation initiation,RPL38;RPL13;RPL27;RPL39;RPS7;RPL23;ELOB;RPL37A;RPS4X;RPL19;RPL7;RPL35;RPL8;PSMB3;RPL11;RPS13;RPL30;RPL31;RPLP2;RPS20;RPL36A;RPL10;RPS27A;RPS3;RPL32;RPL37;RPS15A;PSMB1;RPS2;RPL22;RPL23A;RPS25;PSMC5;RPL24;RPS6;RPS23;RPS14;RPS18;RPS21;RPL35A;RPS12;PSMB2;RPL10A;PSMA7;RPL29;RPL27A;RPS27;RPL12;PSMB7;ELOC;PSMA1;RPL36;PSMD13;RPL6;PSMD3;ADRM1;PSMA2;RPS10;PSMD11;FAU;PSMD14;RPL26L1;RPL26;RPL7A;RPL41;SEM1;RPL3;RPS28;PSMA3;RPS5;PSMB4;PELO;VCP;RPS24;RPS29;RPS19;RPL14;ZNF598;PSMB5;RPL34;RPS9;ANKZF1,C2,CP:REACTOME,Ribosome-associated quality control,R-HSA-9948299,2026.1.Hs,143,non_pCR_high,global,Ribosome associated quality control,REACTOME_RIBOSOME_ASSOCIATED_QUALITY_CONTROL,9.741703610707898,24.44888273136445,1,27,0,27,0,0,0,0,0,9.894071587304634e-7,"MYC target
program",non_pCR_high,non_pCR_high
REACTOME_SELENOAMINO_ACID_METABOLISM,2.4898422851085404e-12,1.2822687768308983e-9,0.8986712320616942,-0.5424702665158004,-2.530012558584857,115,,REACTOME_SELENOAMINO_ACID_METABOLISM,Selenoamino acid metabolism,Lipid/glycoprotein and metabolic remodeling,RPL38;RPL13;RPL27;RPL39;RPS7;RPL23;RPL37A;RPS4X;RPL19;RPL7;RPL35;RPL8;RPL11;RPS13;RPL30;RPL31;RPLP2;RPS20;RPL36A;RPL10;RPS27A;RPS3;RPL32;RPL37;RPS15A;CBS;RPS2;RPL22;RPL23A;RPS25;RPL24;RPS6;RPS23;RPS14;RPS18;RPS21;RPL35A;RPS12;RPL10A;NNMT;RPL29;RPL27A;RPS27;RPL12;RPL36;AHCY;RPL6;SCLY;RPS10;FAU;RPL26L1;RPL26;RPL7A;RPL41;DARS1;AIMP2;MAT1A;RPL3;RPS28;RPS5;RPS24;RPS29;RPS19;RPL14;LARS1;RPL34;RPS9,C2,CP:REACTOME,Selenoamino acid metabolism,R-HSA-2408522,2026.1.Hs,115,non_pCR_high,global,Selenoamino acid metabolism,REACTOME_SELENOAMINO_ACID_METABOLISM,8.892020932648764,22.49692463080081,1,27,0,27,0,0,0,0,0,9.894071587304634e-7,"MYC target
program",non_pCR_high,non_pCR_high
GOBP_CYTOPLASMIC_TRANSLATION,3.6018926643657704e-11,1.6488664196874414e-8,0.851339057116899,-0.4641660666927192,-2.290813239724061,170,,GOBP_CYTOPLASMIC_TRANSLATION,Cytoplasmic translation,Ribosome and translation initiation,RPL38;PIWIL2;RPL13;RPL27;EIF3H;RPL39;RPS7;MIF4GD;RPL23;RPL37A;EIF2B4;RPS4X;RPL19;EIF3E;RPL7;AARS1;RPL35;RPL8;RPL11;RPS13;EIF3M;RPL30;RPL31;RPLP2;RPS20;RPL36A;RPL10;RPS27A;RPS3;RPL32;RPL37;RPS15A;EIF2S3;RPS2;RPL22;ALKBH3;RPL23A;RPS25;RPL24;RPS6;RPS23;FTSJ1;RPS14;RPS18;RPS21;RPL35A;RPS12;EIF3C;EIF3CL;RPL10A;EEF1D;SMYD5;RPL29;RPL27A;EIF3B;RPS27;RPL12;EIF3D;PKP1;RPL36;PABPC1;RPL6;EIF2S2;MCTS1;RPS10;FAU;RPL26L1;RPL26;MTIF2;RPL7A;RPL41;RACK1;RPL3;RPLP0P6;RPS28;RPS5;RPS24;RPS29;RPS19;RPL14;RWDD1;DRG2;RPL34;RPS9;UNK;EIF2D,C5,GO:BP,The chemical reactions and pathways resulting in the formation of a protein in the cytoplasm. This is a ribosome-mediated process in which the information in messenger RNA (mRNA) is used to specify the sequence of amino acids in the protein. [GOC:hjd],GO:0002181,2026.1.Hs,170,non_pCR_high,global,Cytoplasmic translation,GOBP_CYTOPLASMIC_TRANSLATION,7.782814526612907,17.828974559881598,1,27,0,27,0,0,0,0,0,9.894071587304634e-7,"MYC target
program",non_pCR_high,non_pCR_high
REACTOME_SRP_DEPENDENT_COTRANSLATIONAL_PROTEIN_TARGETING_TO_MEMBRANE,4.464384914373768e-11,1.9361332470757814e-8,0.851339057116899,-0.5301705820889611,-2.4630400496023137,111,,REACTOME_SRP_DEPENDENT_COTRANSLATIONAL_PROTEIN_TARGETING_TO_MEMBRANE,Srp dependent cotranslational protein targeting to membrane,Ribosome and translation initiation,RPL38;RPL13;RPL27;RPL39;RPS7;RPL23;RPL37A;RPS4X;RPL19;RPL7;RPL35;RPL8;RPL11;RPS13;RPL30;RPL31;RPLP2;RPS20;RPL36A;RPL10;RPS27A;RPS3;RPL32;RPL37;RPS15A;RPS2;RPL22;RPL23A;RPS25;RPL24;RPS6;RPS23;RPS14;RPS18;RPS21;RPL35A;RPS12;RPL10A;RPL29;RPL27A;RPS27;RPL12;RPL36;SEC61G;RPL6;RPS10;FAU;RPL26L1;SEC61B;RPL26;RPL7A;RPL41;RPL3;RPS28;RPS5;RPN2;RPS24;RPS29;RPS19;RPL14;SRP19;RPL34;RPS9,C2,CP:REACTOME,SRP-dependent cotranslational protein targeting to membrane,R-HSA-1799339,2026.1.Hs,111,non_pCR_high,global,Srp dependent cotranslational protein targeting to membrane,REACTOME_SRP_DEPENDENT_COTRANSLATIONAL_PROTEIN_TARGETING_TO_MEMBRANE,7.713064757317705,18.997587402449657,1,27,0,27,0,0,0,0,0,9.894071587304634e-7,"MYC target
program",non_pCR_high,non_pCR_high
HALLMARK_EPITHELIAL_MESENCHYMAL_TRANSITION,3.3616225356934266e-10,1.259080440641538e-7,0.8140358378479079,-0.4278889728986612,-2.162689388510828,199,,HALLMARK_EPITHELIAL_MESENCHYMAL_TRANSITION,Epithelial mesenchymal transition,Epithelial–mesenchymal and matrix remodeling,PDLIM4;COMP;MSX1;HTRA1;CXCL1;EMP3;GADD45B;ITGA5;SNTB1;FOXC2;FLNA;TPM2;TNFAIP3;CDH6;CD44;MATN3;PLOD1;WNT5A;IGFBP2;COL16A1;MXRA5;PMEPA1;PLAUR;GPC1;TFPI2;SFRP4;TIMP3;IL32;TIMP1;TNFRSF12A;MMP1;LAMC1;LOXL2;PRSS2;COL7A1;CAPG;MAGEE1;COL6A2;NNMT;CRLF1;SLIT3;WIPF1;MGP;CXCL6;TNC;FBLN2;ITGA2;IL6;TGFB1;SERPINE2;EFEMP2;LRP1;ANPEP;CXCL8;INHBA;FSTL1;SDC4;COL5A3;PDGFRB;THY1;SERPINE1;SERPINH1;COL8A2;ELN;COL5A2;ITGB3;PRRX1;RHOB;NTM;ECM1;SPP1;ITGB5;MMP3;COL1A1;MYL9;SAT1;TGM2;BGN;CTHRC1;THBS2,H,,"Genes defining epithelial-mesenchymal transition, as in wound healing, fibrosis and metastasis.",,2026.1.Hs,199,non_pCR_high,targeted_keyword,Epithelial mesenchymal transition,HALLMARK_EPITHELIAL_MESENCHYMAL_TRANSITION,6.89994652262387,14.922441125770831,3,20,0,20,0,0,0,0,0,0.036060704099372815,"Epithelial–mesenchymal
transition",non_pCR_high,non_pCR_high
REACTOME_RIBOSOME_QUALITY_CONTROL_RQC_COMPLEX_EXTRACTS_AND_DEGRADES_NASCENT_PEPTIDE,4.148960270283256e-10,1.424476359463918e-7,0.8140358378479079,-0.5192740241114624,-2.3701431100086903,102,,REACTOME_RIBOSOME_QUALITY_CONTROL_RQC_COMPLEX_EXTRACTS_AND_DEGRADES_NASCENT_PEPTIDE,Ribosome quality control rqc complex extracts and degrades nascent peptide,Ribosome and translation initiation,RPL38;RPL13;RPL27;RPL39;RPL23;ELOB;RPL37A;RPL19;RPL7;RPL35;RPL8;PSMB3;RPL11;RPL30;RPL31;RPLP2;RPL36A;RPL10;RPS27A;RPL32;RPL37;PSMB1;RPL22;RPL23A;PSMC5;RPL24;RPL35A;PSMB2;RPL10A;PSMA7;RPL29;RPL27A;RPL12;PSMB7;ELOC;PSMA1;RPL36;PSMD13;RPL6;PSMD3;ADRM1;PSMA2;PSMD11;PSMD14;RPL26L1;RPL26;RPL7A;RPL41;SEM1;RPL3;PSMA3;PSMB4;VCP;RPL14;PSMB5;RPL34;ANKZF1,C2,CP:REACTOME,Ribosome Quality Control (RQC) complex extracts and degrades nascent peptide,R-HSA-9954709,2026.1.Hs,102,non_pCR_high,global,Ribosome quality control rqc complex extracts and degrades nascent peptide,REACTOME_RIBOSOME_QUALITY_CONTROL_RQC_COMPLEX_EXTRACTS_AND_DEGRADES_NASCENT_PEPTIDE,6.846344753893486,16.226816847184786,1,27,0,27,0,0,0,0,0,9.894071587304634e-7,"MYC target
program",non_pCR_high,non_pCR_high
REACTOME_SARS_COV_2_MODULATES_HOST_TRANSLATION_MACHINERY,7.023161389291963e-10,2.14336480917651e-7,0.8012155746177786,-0.6456002167339219,-2.6060871822275016,50,,REACTOME_SARS_COV_2_MODULATES_HOST_TRANSLATION_MACHINERY,Sars cov 2 modulates host translation machinery,Ribosome and translation initiation,RPS7;SMN1;RPS4X;GEMIN6;GEMIN8;RPS13;RPS20;RPS27A;RPS3;RPS15A;SMN2;RPS2;RPS25;RPS6;RPS23;RPS14;RPS18;RPS21;RPS12;RPS27;RPS10;SNRPE;FAU;SNRPD3;RPS28;SNRPD2;RPS5;RPS24;RPS29;RPS19;SNRPG;RPS9,C2,CP:REACTOME,SARS-CoV-2 modulates host translation machinery,R-HSA-9754678,2026.1.Hs,50,non_pCR_high,global,Sars cov 2 modulates host translation machinery,REACTOME_SARS_COV_2_MODULATES_HOST_TRANSLATION_MACHINERY,6.6689039040265605,17.379744983790562,1,27,0,27,0,0,0,0,0,9.894071587304634e-7,"MYC target
program",non_pCR_high,non_pCR_high
REACTOME_METABOLISM_OF_AMINO_ACIDS_AND_DERIVATIVES,3.7222842136704324e-9,9.894071587304634e-7,0.7749390301364363,-0.3487991793618104,-1.8784515561350825,335,,REACTOME_METABOLISM_OF_AMINO_ACIDS_AND_DERIVATIVES,Metabolism of amino acids and derivatives,Lipid/glycoprotein and metabolic remodeling,RPL38;RPL13;RPL27;PSPH;ALDH4A1;RPL39;GAMT;IL4I1;RPS7;KYAT1;NQO1;AFMID;RPL23;RPL37A;RPS4X;GCSH;GLS;RPL19;GRHPR;RPL7;FTCD;DDC;RPL35;RPL8;PSMB3;NMRAL1;TH;RPL11;RPS13;RPL30;RPL31;MTAP;RPLP2;RPS20;RPL36A;RPL10;DIO3;IDO1;RPS27A;RPS3;RPL32;RPL37;OCA2;RPS15A;PSMB1;CBS;RPS2;RPL22;SLC25A10;RPL23A;RPS25;PYCR3;PSMC5;RPL24;SHMT1;RPS6;HIBADH;RPS23;RPS14;RPS18;RPS21;GATM;RPL35A;RPS12;TMLHE;PSMB2;RPL10A;ARG1;PAOX;HSD17B10;HAAO;PSMA7;NNMT;RPL29;DIO2;RPL27A;KYNU;RPS27;RPL12;NAGS;CARNS1;PSMB7;PSMA1;RPL36;PSMD13;AASS;AHCY;RPL6;SCLY;PSMD3;ADRM1;PIPOX;SMS;PCBD1;PSMA2;ALDH7A1;SRM;RPS10;PHGDH;PSMD11;FAU;PSMD14;PYCR1;RPL26L1;SAT1;FMO1;RPL26;RPL7A;RPL41;DARS1;AIMP2;FAH;SDSL;MAT1A;SEM1;RPL3;RPS28;PSMA3;RPS5;PSMB4;SARDH;CKM;RPS24;RPS29;RPS19;RPL14;RIDA;HOGA1;LARS1;PSMB5;GLS2;RPL34;CKMT2;RPS9;UROC1,C2,CP:REACTOME,Metabolism of amino acids and derivatives,R-HSA-71291,2026.1.Hs,335,non_pCR_high,global,Metabolism of amino acids and derivatives,REACTOME_METABOLISM_OF_AMINO_ACIDS_AND_DERIVATIVES,6.004624951677629,11.279397084486387,1,27,0,27,0,0,0,0,0,9.894071587304634e-7,"MYC target
program",non_pCR_high,non_pCR_high
GOBP_RIBOSOME_BIOGENESIS,4.734369791359514e-9,1.2191002212750748e-6,0.7614608014455848,-0.3482056753005757,-1.8761137969106148,324,,GOBP_RIBOSOME_BIOGENESIS,Ribosome biogenesis,Ribosome and translation initiation,RPL38;NSUN5;RPL27;RBIS;NOC2L;PIN4;RPS7;ZNHIT3;RPS4X;RPL7;ZNF593;MTERF3;TSR2;MRTO4;MRM1;EIF4A3;RPL35;METTL5;MALSU1;EIF6;DCAF13;RPL11;RPS13;COPRS;GREB1L;TRMT61B;RPS27A;EXOSC4;EXOSC3;AATF;EIF1AX;RPS15A;RPS25;RPUSD1;BOP1;RPL24;UTP18;TBL3;UTP23;RPS6;WDR12;RPS23;MRM2;RPS14;NOL9;RPS21;GTF2H5;RPL35A;EMG1;RPS12;NOB1;NHP2;NOP58;UTP14A;DIMT1;PIH1D2;DDX56;UTP6;RPF2;RRP9;LAS1L;RCL1;RPS27;BUD23;EIF5B;EXOSC1;ERCC2;TFB1M;WDR74;PES1;TSR3;RPUSD3;SNU13;POP5;DDX10;IMP4;NLE1;USP36;PNO1;FAU;PDCD2;RPL26L1;WDR75;RBM10;RPL26;UTP4;NPM3;RPL7A;WDR46;NOL10;RCC1L;DKC1;DDX27;GNL3L;GTPBP6;RPLP0P6;MRPS2;NPM1;RPS28;RRP1;PELP1;RPS5;RPP30;MTG2;METTL16;AK6;RPS24;RPS19;C1QBP;RPL14;CDKN2A;NIP7;RPS9;DDX47;FGF12;GTF3A;SUV39H1;RPP40;ZNHIT6;WDR43;RRN3;EXOSC7;RPL5;BYSL;PWP1;TUFM;CHD7;RRS1;TEX10;XRCC5;MPHOSPH6;NOL8;BRIX1;HEATR1;SART1;RPP25;NSA2;SPOUT1;NOL7;DDX28;MYG1;RIOK1;RPS16;ERAL1;GTPBP4;EXOSC2;MCAT;HEATR3;RPSA;NOC4L;NOL11;DDX54;DDX18;MPHOSPH10;RPUSD4;ERI3,C5,GO:BP,"A cellular process that results in the biosynthesis of constituent macromolecules, assembly, and arrangement of constituent parts of ribosome subunits; includes transport to the sites of protein synthesis. [GOC:ma, PMID:26404467, Wikipedia:Ribosome_biogenesis]",GO:0042254,2026.1.Hs,324,non_pCR_high,global,Ribosome biogenesis,GOBP_RIBOSOME_BIOGENESIS,5.9139605899045185,11.095263057105505,1,27,0,27,0,0,0,0,0,9.894071587304634e-7,"MYC target
program",non_pCR_high,non_pCR_high
GOBP_RRNA_PROCESSING,4.320900528880674e-8,8.4771953233278e-6,0.7195128263389107,-0.3740467114573589,-1.933109242862931,232,,GOBP_RRNA_PROCESSING,Rrna processing,Ribosome and translation initiation,NSUN5;RPL27;PIN4;RPS7;ZNHIT3;RPL7;TSR2;MRTO4;MRM1;EIF4A3;RPL35;METTL5;EIF6;DCAF13;RPL11;COPRS;TRMT61B;EXOSC4;EXOSC3;AATF;RPS25;RPUSD1;BOP1;UTP18;TBL3;UTP23;RPS6;WDR12;MRM2;RPS14;NOL9;RPS21;GTF2H5;RPL35A;EMG1;NOB1;NHP2;NOP58;UTP14A;DIMT1;PIH1D2;DDX56;UTP6;RPF2;RRP9;LAS1L;RCL1;RPS27;BUD23;EXOSC1;ERCC2;TFB1M;WDR74;PES1;TSR3;RPUSD3;SNU13;POP5;DDX10;IMP4;USP36;PNO1;WDR75;RPL26;UTP4;NPM3;RPL7A;WDR46;NOL10;DKC1;DDX27;RPS28;RRP1;PELP1;RPP30;METTL16;AK6;RPS24;RPS19;RPL14;CDKN2A;DDX47;SUV39H1;RPP40;ZNHIT6;WDR43;EXOSC7;RPL5;BYSL;PWP1;CHD7;RRS1;TEX10;MPHOSPH6;NOL8;BRIX1;HEATR1;SART1;RPP25;NSA2;SPOUT1;NOL7;MYG1;RIOK1;RPS16;GTPBP4;EXOSC2;NOC4L;NOL11;DDX54;DDX18;MPHOSPH10;RPUSD4;ERI3;RPUSD2,C5,GO:BP,Any process involved in the conversion of a primary ribosomal RNA (rRNA) transcript into one or more mature rRNA molecules. [GOC:curators],GO:0006364,2026.1.Hs,232,non_pCR_high,global,Rrna processing,GOBP_RRNA_PROCESSING,5.0717478101344,9.804242569240639,1,27,0,27,0,0,0,0,0,9.894071587304634e-7,"MYC target
program",non_pCR_high,non_pCR_high
REACTOME_ACTIVATION_OF_THE_MRNA_UPON_BINDING_OF_THE_CAP_BINDING_COMPLEX_AND_EIFS_AND_SUBSEQUENT_BINDING_TO_43S,5.953840764773473e-8,1.1149919977666687e-5,0.7195128263389107,-0.567348056880775,-2.379780323858644,59,,REACTOME_ACTIVATION_OF_THE_MRNA_UPON_BINDING_OF_THE_CAP_BINDING_COMPLEX_AND_EIFS_AND_SUBSEQUENT_BINDING_TO_43S,Activation of the mrna upon binding of the cap binding complex and eifs and subsequent binding to 43s,Ribosome and translation initiation,EIF3H;RPS7;RPS4X;EIF3E;RPS13;EIF3M;RPS20;RPS27A;RPS3;EIF1AX;RPS15A;EIF2S3;RPS2;RPS25;RPS6;RPS23;RPS14;RPS18;RPS21;RPS12;EIF3C;EIF3B;RPS27;EIF3D;PABPC1;EIF2S2;RPS10;EIF4EBP1;FAU;RPS28;RPS5;RPS24;RPS29;RPS19;RPS9;EIF3I;EIF2S1,C2,CP:REACTOME,"Activation of the mRNA upon binding of the cap-binding complex and eIFs, and subsequent binding to 43S",R-HSA-72662,2026.1.Hs,59,non_pCR_high,global,Activation of the mrna upon binding of the cap binding complex and eifs and subsequent binding to 43s,REACTOME_ACTIVATION_OF_THE_MRNA_UPON_BINDING_OF_THE_CAP_BINDING_COMPLEX_AND_EIFS_AND_SUBSEQUENT_BINDING_TO_43S,4.952728249511112,11.78640523760541,1,27,0,27,0,0,0,0,0,9.894071587304634e-7,"MYC target
program",non_pCR_high,non_pCR_high
REACTOME_MITOCHONDRIAL_TRANSLATION_ELONGATION,3.292084899705993e-7,4.375287027996352e-5,0.674962860011025,-0.49411429449636984,-2.198761929775592,87,,REACTOME_MITOCHONDRIAL_TRANSLATION_ELONGATION,Mitochondrial translation elongation,Ribosome and translation initiation,MRPL17;MRPS17;MRPL58;MRPL20;MRPL28;MRPS23;MRPL38;MRPL33;MRPL13;MRPL36;MRPL53;MRPL55;MRPS18B;DAP3;MRPL2;MRPL24;MRPL18;MRPS24;AURKAIP1;MRPL57;MRPS34;MRPL10;MRPS7;MRPS28;MRPS33;MRPL32;MRPL40;MRPL45;MRPL15;MRPL50;MRPS2;MRPL30;MRPL23;MRPS30;MRPL21;MRPL39;MRPS31;MRPL43;PTCD3;MRPS14;MRPS5;MRPS27;MRPL52;TUFM,C2,CP:REACTOME,Mitochondrial translation elongation,R-HSA-5389840,2026.1.Hs,87,non_pCR_high,global,Mitochondrial translation elongation,REACTOME_MITOCHONDRIAL_TRANSLATION_ELONGATION,4.358993451079137,9.584388852373928,4,3,0,3,0,0,0,0,0,4.519438419815055e-5,"Translation
initiation",non_pCR_high,non_pCR_high
REACTOME_MITOCHONDRIAL_TRANSLATION,3.5163606245924014e-7,4.519438419815055e-5,0.674962860011025,-0.46810926034219835,-2.113075292133576,98,,REACTOME_MITOCHONDRIAL_TRANSLATION,Mitochondrial translation,Ribosome and translation initiation,MRPL17;MRPS17;MRPL58;MRPL20;MRPL28;MRPS23;MALSU1;MRPL38;MRPL33;MRPL13;MRPL36;MRPL53;MRPL55;MRPS18B;DAP3;MRPL2;MRPL24;MRPL18;MRPS24;AURKAIP1;MRPL57;MRPS34;MRPL10;MRPS7;MRPS28;MRPS33;MRPL32;MRPL40;MTIF2;MRPL45;MRPL15;MRPL50;MRPS2;MRPL30;MRPL23;MRPS30;MRPL21;MRPL39;MRPS31;MRPL43;PTCD3;MTRF1;MRPS14;MRPS5;MRPS27;MRPL52;TUFM;MTRES1;MRPL51,C2,CP:REACTOME,Mitochondrial translation,R-HSA-5368287,2026.1.Hs,98,non_pCR_high,global,Mitochondrial translation,REACTOME_MITOCHONDRIAL_TRANSLATION,4.344915526765534,9.18113364601579,4,3,0,3,0,0,0,0,0,4.519438419815055e-5,"Translation
initiation",non_pCR_high,non_pCR_high
REACTOME_SARS_COV_1_MODULATES_HOST_TRANSLATION_MACHINERY,3.6804523427979233e-7,4.5264070603962515e-5,0.674962860011025,-0.6421237700872908,-2.405110769199025,36,,REACTOME_SARS_COV_1_MODULATES_HOST_TRANSLATION_MACHINERY,Sars cov 1 modulates host translation machinery,Ribosome and translation initiation,RPS7;RPS4X;RPS13;RPS20;RPS27A;RPS3;RPS15A;RPS2;RPS25;RPS6;RPS23;RPS14;RPS18;RPS21;RPS12;RPS27;RPS10;FAU;RPS28;RPS5;EEF1A1;RPS24;RPS29;RPS19;RPS9,C2,CP:REACTOME,SARS-CoV-1 modulates host translation machinery,R-HSA-9735869,2026.1.Hs,36,non_pCR_high,global,Sars cov 1 modulates host translation machinery,REACTOME_SARS_COV_1_MODULATES_HOST_TRANSLATION_MACHINERY,4.344246392463803,10.448393782568706,1,27,0,27,0,0,0,0,0,9.894071587304634e-7,"MYC target
program",non_pCR_high,non_pCR_high
GOBP_RIBOSOMAL_SMALL_SUBUNIT_BIOGENESIS,8.89438046198304e-7,9.664868808138606e-5,0.6594443980379349,-0.44297356590212117,-2.057944500490971,111,,GOBP_RIBOSOMAL_SMALL_SUBUNIT_BIOGENESIS,Ribosomal small subunit biogenesis,Ribosome and translation initiation,RPS7;RPS4X;TSR2;DCAF13;RPS13;RPS27A;AATF;RPS15A;RPS25;UTP18;TBL3;UTP23;RPS6;RPS23;RPS14;RPS21;GTF2H5;EMG1;RPS12;NOB1;NOP58;UTP14A;DIMT1;UTP6;RRP9;RCL1;RPS27;ERCC2;TFB1M;TSR3;SNU13;IMP4;PNO1;FAU;PDCD2;WDR75;UTP4;WDR46;NOL10;RCC1L;NPM1;RPS28;RPS5;AK6;RPS24;RPS19;RPS9;RPP40;WDR43;BYSL;RRS1;XRCC5;HEATR1;NOL7;RIOK1;RPS16;ERAL1;MCAT;RPSA;NOC4L;NOL11;MPHOSPH10,C5,GO:BP,"A cellular process that results in the biosynthesis of constituent macromolecules, assembly, and arrangement of constituent parts of a small ribosomal subunit; includes transport to the sites of protein synthesis. [GOC:jl]",GO:0042274,2026.1.Hs,111,non_pCR_high,global,Ribosomal small subunit biogenesis,GOBP_RIBOSOMAL_SMALL_SUBUNIT_BIOGENESIS,4.014804036750603,8.262243887979853,1,27,0,27,0,0,0,0,0,9.894071587304634e-7,"MYC target
program",non_pCR_high,non_pCR_high
GOBP_MITOCHONDRIAL_TRANSLATION,2.718088140768263e-6,2.574373135624194e-4,0.6272567397185284,-0.4126139538906169,-1.9567966763042044,129,,GOBP_MITOCHONDRIAL_TRANSLATION,Mitochondrial translation,Ribosome and translation initiation,MRPL17;MRPS17;MRPL58;MRPL20;MRPL28;MRPS23;MALSU1;MRPL38;MRPL33;MRPL13;MRPL36;MRPL53;MRPL55;MRPS18B;DAP3;MRPL2;MRPL24;MRPL18;MRPS24;CDK5RAP1;COA3;AURKAIP1;MRPL57;RPUSD3;MRPS34;MRPL10;RMND1;MRPS7;MRPS28;MRPS33;MRPL32;MRPL40;MTIF2;MRPL45;MRPL15;MRPL50;MRPS2;MRPL30;MRPL23;MTG2;MRPS30;MRPL21;C1QBP;MRPL39;RARS2;MRPS31;MRPL43;PTCD3;LRPPRC;MTRF1;MRPS14;MRPS5;MRPS27;MRPL52;TUFM,C5,GO:BP,"The chemical reactions and pathways resulting in the formation of a protein in a mitochondrion. This is a ribosome-mediated process in which the information in messenger RNA (mRNA) is used to specify the sequence of amino acids in the protein; the mitochondrion has its own ribosomes and transfer RNAs, and uses a genetic code that differs from the nuclear code. [GOC:go_curators]",GO:0032543,2026.1.Hs,129,non_pCR_high,global,Mitochondrial translation,GOBP_MITOCHONDRIAL_TRANSLATION,3.5893285052179507,7.023586089174424,4,3,0,3,0,0,0,0,0,4.519438419815055e-5,"Translation
initiation",non_pCR_high,non_pCR_high
GOBP_RRNA_METABOLIC_PROCESS,3.6589827900955954e-6,3.2279725595027177e-4,0.6272567397185284,-0.3273700041589032,-1.735138804963635,284,,GOBP_RRNA_METABOLIC_PROCESS,Rrna metabolic process,Lipid/glycoprotein and metabolic remodeling,NSUN5;RPL27;PIN4;RPS7;ZNHIT3;RPL7;TSR2;MRTO4;MRM1;EIF4A3;RPL35;METTL5;EIF6;DCAF13;CAVIN1;RPL11;COPRS;TRMT61B;EXOSC4;EXOSC3;AATF;MACROH2A1;RPS25;RPUSD1;BOP1;UTP18;TBL3;UTP23;RPS6;WDR12;MRM2;RPS14;NOL9;RPS21;GTF2H5;RPL35A;EMG1;POLR1E;NOB1;NHP2;NOP58;UTP14A;DIMT1;PIH1D2;DDX56;UTP6;RPF2;RRP9;LAS1L;RCL1;RPS27;BUD23;EXOSC1;DDX11;ERCC2;TFB1M;WDR74;PES1;TSR3;RPUSD3;SNU13;GTF3C1;POP5;POLR1A;DDX10;POLR1C;IMP4;POLR2L;MACROH2A2;USP36;PNO1;NIFK;WDR75;RPL26;UTP4;NPM3;RPL7A;WDR46;GTF3C3;NOL10;POLR2K;DKC1;DDX27;RPS28;RRP1;PELP1;RPP30;METTL16;PELO;AK6;RPS24;RPS19;RPL14;MYC;CDKN2A;DDX47;GTF3A;SUV39H1;RPP40;ZNHIT6;POLR1F;WDR43;POLR2F;EXOSC7;RPL5;BYSL;PWP1;CHD7;RRS1;TEX10;POLR1H;MPHOSPH6;NOL8;BRIX1;POLR1B;HEATR1;SART1;GTF3C5;RPP25;NSA2;SPOUT1;NOL7;MYG1;RIOK1;POLR1D;RPS16;GTPBP4;NCL;EXOSC2;POLR2E;NOC4L;NOL11;DDX54;DDX18;MPHOSPH10;RPUSD4;ERI3,C5,GO:BP,"The chemical reactions and pathways involving rRNA, ribosomal RNA, a structural constituent of ribosomes. [ISBN:0198506732]",GO:0016072,2026.1.Hs,284,non_pCR_high,global,Rrna metabolic process,GOBP_RRNA_METABOLIC_PROCESS,3.491070165804739,6.057491315538633,1,27,0,27,0,0,0,0,0,9.894071587304634e-7,"MYC target
program",non_pCR_high,non_pCR_high
GOBP_RIBOSOMAL_LARGE_SUBUNIT_BIOGENESIS,3.794967798244029e-5,0.0017868876947160458,0.557332238758646,-0.44016860364108895,-1.9283959946448954,76,,GOBP_RIBOSOMAL_LARGE_SUBUNIT_BIOGENESIS,Ribosomal large subunit biogenesis,Ribosome and translation initiation,NOC2L;ZNHIT3;RPL7;MRTO4;RPL35;MALSU1;EIF6;RPL11;BOP1;RPL24;WDR12;MRM2;NOL9;RPL35A;RPF2;LAS1L;WDR74;PES1;NLE1;RPL26L1;RPL26;RPL7A;RCC1L;GTPBP6;NPM1;PELP1;MTG2;RPL14;NIP7;GTF3A;ZNHIT6;RPL5;TUFM;RRS1;TEX10;BRIX1;NSA2;DDX28;GTPBP4,C5,GO:BP,"A cellular process that results in the biosynthesis of constituent macromolecules, assembly, and arrangement of constituent parts of a large ribosomal subunit; includes transport to the sites of protein synthesis. [GOC:jl]",GO:0042273,2026.1.Hs,76,non_pCR_high,global,Ribosomal large subunit biogenesis,GOBP_RIBOSOMAL_LARGE_SUBUNIT_BIOGENESIS,2.747902741897142,5.299044641148174,1,27,0,27,0,0,0,0,0,9.894071587304634e-7,"MYC target
program",non_pCR_high,non_pCR_high
REACTOME_ECM_PROTEOGLYCANS,4.913145117687354e-5,0.002188341392959124,0.557332238758646,-0.46172372347742535,-2.0145150271279686,70,,REACTOME_ECM_PROTEOGLYCANS,Ecm proteoglycans,Epithelial–mesenchymal and matrix remodeling,COMP;MATN3;COL9A3;LAMA5;LAMA4;LRP4;COL4A3;LAMC1;ITGA9;COL6A2;TNC;ITGA7;MATN4;PTPRS;COL6A1;ITGA2;TGFB1;COL5A3;SERPINE1;COL5A2;ITGB3;ITGB5;COL1A1;HSPG2;BGN;COL4A1;LAMB1;TNN;COL6A3;LAMB2,C2,CP:REACTOME,ECM proteoglycans,R-HSA-3000178,2026.1.Hs,70,non_pCR_high,targeted_keyword,Ecm proteoglycans,REACTOME_ECM_PROTEOGLYCANS,2.659884924791699,5.3583781514240245,3,20,0,20,0,0,0,0,0,0.036060704099372815,"Epithelial–mesenchymal
transition",non_pCR_high,non_pCR_high
REACTOME_GLYCOSAMINOGLYCAN_PROTEIN_LINKAGE_REGION_BIOSYNTHESIS,7.461734386547684e-5,0.003043796601245194,0.5384340963099162,-0.6263116484307732,-2.2097672387274496,27,,REACTOME_GLYCOSAMINOGLYCAN_PROTEIN_LINKAGE_REGION_BIOSYNTHESIS,Glycosaminoglycan protein linkage region biosynthesis,Lipid/glycoprotein and metabolic remodeling,GPC3;SDC3;B3GALT6;B3GAT3;GPC1;CSPG4;GPC4;GPC2;SDC4;HSPG2;BGN;B4GALT7;XYLT2;GPC5,C2,CP:REACTOME,Glycosaminoglycan-protein linkage region biosynthesis,R-HSA-1971475,2026.1.Hs,27,non_pCR_high,global,Glycosaminoglycan protein linkage region biosynthesis,REACTOME_GLYCOSAMINOGLYCAN_PROTEIN_LINKAGE_REGION_BIOSYNTHESIS,2.516584372239251,5.561065699267782,3,20,0,20,0,0,0,0,0,0.036060704099372815,"Epithelial–mesenchymal
transition",non_pCR_high,non_pCR_high
WP_FOLATE_METABOLISM,9.342522273190732e-5,0.00354757527793049,0.5384340963099162,-0.46494811927431623,-1.9610227642123093,62,,WP_FOLATE_METABOLISM,Folate metabolism,Lipid/glycoprotein and metabolic remodeling,SAA4;SOD2;SAA1;FGB;SAA2;TNF;ICAM1;MPO;SOD3;PLG;GPX3;FGA;GPX1;CBS;SERPINA3;SOD1;SHMT1;FOLR1;GPX4;IFNG;FLAD1;IL6;CSF1;AHCY;SERPINE1;GPX2,C2,CP:WIKIPATHWAYS,Folate metabolism,WP176,2026.1.Hs,62,non_pCR_high,global,Folate metabolism,WP_FOLATE_METABOLISM,2.4500683802417482,4.804639867530848,2,14,0,14,0,1,0,0,0,0.0356243471956615,"ECM/collagen
remodeling",non_pCR_high,non_pCR_high
REACTOME_INTEGRIN_CELL_SURFACE_INTERACTIONS,1.2243212386458917e-4,0.0043112850454880974,0.5188480777437918,-0.4236429762682717,-1.8863478239578475,84,,REACTOME_INTEGRIN_CELL_SURFACE_INTERACTIONS,Integrin cell surface interactions,Epithelial–mesenchymal and matrix remodeling,COMP;FGB;ITGA5;ICAM1;CD44;COL16A1;COL9A3;FGA;COL18A1;ITGB2;ICAM2;COL4A3;ITGA9;COL7A1;COL6A2;COL10A1;TNC;ITGA7;VWF;COL6A1;ITGA2;COL13A1;COL5A3;COL8A2;COL5A2;ITGB3;SPP1;KDR;ITGB5;COL1A1;HSPG2,C2,CP:REACTOME,Integrin cell surface interactions,R-HSA-216083,2026.1.Hs,84,non_pCR_high,global,Integrin cell surface interactions,REACTOME_INTEGRIN_CELL_SURFACE_INTERACTIONS,2.3653932623258607,4.4619544331929415,3,20,0,20,0,0,0,0,0,0.036060704099372815,"Epithelial–mesenchymal
transition",non_pCR_high,non_pCR_high
REACTOME_EXTRACELLULAR_MATRIX_ORGANIZATION,1.685573644080895e-4,0.005404329504757423,0.5188480777437918,-0.29207975078799625,-1.5552968668819138,299,,REACTOME_EXTRACELLULAR_MATRIX_ORGANIZATION,Extracellular matrix organization,Epithelial–mesenchymal and matrix remodeling,COMP;MMP9;HTRA1;COL22A1;FGB;MMP17;SDC3;DMD;CAPN11;MFAP2;ITGA5;SNTB1;ICAM1;LTBP3;CD44;MATN3;PLOD1;COL16A1;COL9A3;PLG;MMP13;FGA;LAMA5;ADAM8;COL18A1;PDGFB;MMP8;CTSL;LAMA4;ITGB2;ICAM2;LRP4;DTNB;COL4A3;TIMP1;MMP1;LAMC1;BMP7;LOXL2;MMP25;PRSS2;ADAMTS9;COL28A1;ITGA9;COL7A1;COL6A2;MMP7;P3H3;COL10A1;TNC;ITGA7;BMP4;VWF;KLK7;MATN4;PTPRS;FBLN2;COL6A1;ITGA2;TGFB1;DDR1;EFEMP2;MMP24;CRTAP;SDC4;COL13A1;COL5A3;ADAM19;SERPINE1;COLGALT2;SERPINH1;COL8A2;CAPN14;ELN;COL5A2;ITGB3;MMP11;SPP1;KDR;ITGB5;MMP3;CTSG;COL1A1;HSPG2;COL21A1;ADAMTS8;BGN;MMP19;COL4A1;EMILIN3;FBLN5;CAPN10;LAMB1;TIMP2;TNN;ADAMTS1;ITGAM;COL6A3;LAMB2;COL27A1;MMP2;ADAMTS2,C2,CP:REACTOME,Extracellular matrix organization,R-HSA-1474244,2026.1.Hs,299,non_pCR_high,global,Extracellular matrix organization,REACTOME_EXTRACELLULAR_MATRIX_ORGANIZATION,2.267258179684182,3.5262595432752,3,20,0,20,0,0,0,0,0,0.036060704099372815,"Epithelial–mesenchymal
transition",non_pCR_high,non_pCR_high
SOGA_COLORECTAL_CANCER_MYC_UP,1.894535119705037e-4,0.005781840513470186,0.5188480777437918,-0.4122290608108031,-1.8227919383406626,81,,SOGA_COLORECTAL_CANCER_MYC_UP,Soga colorectal cancer myc up,Adenoma/CRC epithelial program,ADCY3;GNPDA1;POLR3K;ADSL;PYCR3;DHODH;ALDH1B1;POLR1E;MECR;RPIA;POLR3H;NME1;AHCY;ATIC;SRM;MTHFD1L;SLC25A14;SLC25A17;PYCR1;ENO1;HPRT1;CAD;GLO1;POLA1;UCKL1;LDHB;SLC25A19;SLC25A32;PYCR2;PFKM;POLR1H;CDK4;POLR1B;DTYMK;AGK;POLR1D;IMPDH1;PPAT;PRPS2;GART;POLE2;POLD2;POLA2;POLR2D;SLC19A1;GMPS;PAICS,C2,CGP,Metabolic related genes that showed positive correlation with MYC expression in CRC tissues,Table S3: Candidate MYC target metabolic genes,2026.1.Hs,81,non_pCR_high,targeted_keyword,Soga colorectal cancer myc up,SOGA_COLORECTAL_CANCER_MYC_UP,2.237933892097239,4.079287857054189,1,27,0,27,0,0,0,0,0,9.894071587304634e-7,"MYC target
program",non_pCR_high,non_pCR_high
PID_INTEGRIN1_PATHWAY,3.648373401017141e-4,0.00895581676486201,0.49849310876659025,-0.41979265780564246,-1.803635566851046,66,,PID_INTEGRIN1_PATHWAY,Pid integrin1 pathway,Epithelial–mesenchymal and matrix remodeling,FGB;ITGA5;PLAU;PLAUR;FGA;LAMA5;COL18A1;CD81;CSPG4;LAMA4;COL4A3;LAMC1;ITGA9;COL7A1;COL6A2;TNC;ITGA7;COL6A1;ITGA2;COL5A2;SPP1;COL1A1;TGM2;THBS2;COL4A1;LAMB1;COL6A3;LAMB2,C2,CP:PID,Beta1 integrin cell surface interactions,,2026.1.Hs,66,non_pCR_high,global,Pid integrin1 pathway,PID_INTEGRIN1_PATHWAY,2.0478948006248734,3.693655899576353,3,20,0,20,0,0,0,0,0,0.036060704099372815,"Epithelial–mesenchymal
transition",non_pCR_high,non_pCR_high
GOBP_LEUKOCYTE_MIGRATION_INVOLVED_IN_INFLAMMATORY_RESPONSE,5.791589926930134e-4,0.012472048738738617,0.47727081536286214,-0.6554371639587311,-2.041969253154452,18,,GOBP_LEUKOCYTE_MIGRATION_INVOLVED_IN_INFLAMMATORY_RESPONSE,Leukocyte migration involved in inflammatory response,Epithelial–mesenchymal and matrix remodeling,S100A9;NINJ1;CX3CL1;ADAM8;ITGB2;SELE;FFAR2;S100A8,C5,GO:BP,"The movement of a leukocyte within or between different tissues and organs of the body contributing to an inflammatory response. [GOC:add, ISBN:0781735149, PMID:14680625, PMID:14708592, PMID:7507411, PMID:8600538]",GO:0002523,2026.1.Hs,18,non_pCR_high,global,Leukocyte migration involved in inflammatory response,GOBP_LEUKOCYTE_MIGRATION_INVOLVED_IN_INFLAMMATORY_RESPONSE,1.904062200663676,3.888036469848829,5,1,0,1,0,0,0,0,0,0.012472048738738617,"Epithelial–mesenchymal
transition",non_pCR_high,non_pCR_high
WP_GLUTATHIONE_METABOLISM,6.50911434461254e-4,0.013408775549901834,0.47727081536286214,-0.648732787365082,-2.021082230540242,18,,WP_GLUTATHIONE_METABOLISM,Glutathione metabolism,Lipid/glycoprotein and metabolic remodeling,OPLAH;GSS;GPX3;GPX1;GGT5;GSTM2;GPX4;ANPEP;G6PD;GPX2,C2,CP:WIKIPATHWAYS,Glutathione metabolism,WP100,2026.1.Hs,18,non_pCR_high,global,Glutathione metabolism,WP_GLUTATHIONE_METABOLISM,1.8726108788374531,3.784700571934722,2,14,0,14,0,1,0,0,0,0.0356243471956615,"ECM/collagen
remodeling",non_pCR_high,non_pCR_high
REACTOME_COLLAGEN_CHAIN_TRIMERIZATION,6.959079306438751e-4,0.014123845685974213,0.47727081536286214,-0.48767894601809886,-1.8680640632190328,40,,REACTOME_COLLAGEN_CHAIN_TRIMERIZATION,Collagen chain trimerization,Epithelial–mesenchymal and matrix remodeling,COL22A1;COL16A1;COL9A3;COL18A1;COL4A3;COL28A1;COL7A1;COL6A2;COL10A1;COL6A1;COL13A1;COL5A3;COL8A2;COL5A2;COL1A1;COL21A1;COL4A1;COL6A3;COL27A1;COL12A1;COL11A2;COL4A2;COL5A1;COL1A2;COL24A1;COL8A1,C2,CP:REACTOME,Collagen chain trimerization,R-HSA-8948216,2026.1.Hs,40,non_pCR_high,targeted_keyword,Collagen chain trimerization,REACTOME_COLLAGEN_CHAIN_TRIMERIZATION,1.8500470360888321,3.4560063833824324,3,20,0,20,0,0,0,0,0,0.036060704099372815,"Epithelial–mesenchymal
transition",non_pCR_high,non_pCR_high
WP_VITAMIN_B12_METABOLISM,9.406742672200383e-4,0.017073030753068538,0.47727081536286214,-0.45234647085707647,-1.837863266729982,51,,WP_VITAMIN_B12_METABOLISM,Vitamin b12 metabolism,Lipid/glycoprotein and metabolic remodeling,SAA4;SOD2;SAA1;FGB;SAA2;TCN1;TNF;ICAM1;MPO;CBLIF;SOD3;PLG;FGA;CBS;SERPINA3;SOD1,C2,CP:WIKIPATHWAYS,Vitamin B12 metabolism,WP1533,2026.1.Hs,51,non_pCR_high,global,Vitamin b12 metabolism,WP_VITAMIN_B12_METABOLISM,1.7676893773914562,3.2487713736965493,2,14,0,14,0,1,0,0,0,0.0356243471956615,"ECM/collagen
remodeling",non_pCR_high,non_pCR_high
NABA_MATRISOME_METASTATIC_COLORECTAL_LIVER_METASTASIS,9.627502797043507e-4,0.01739706645781546,0.47727081536286214,-0.5431828193483366,-1.9434168287899072,29,,NABA_MATRISOME_METASTATIC_COLORECTAL_LIVER_METASTASIS,Naba matrisome metastatic colorectal liver metastasis,Adenoma/CRC epithelial program,COMP;HTRA1;COL22A1;PLOD1;MXRA5;TIMP1;LOXL2;GPC4;SERPINE2;EFEMP2;SPP1;THBS2,C2,CGP,Matrisome proteins found differentially expressed in secondary colorectal liver metastatases in comparison to normal colon and normal liver.,"12885_2014_4731_MOESM2_ESM.xlsx, Figure 2E. Venn diagram shows comparisons among the metastatic colon cancer matrisomes (primary colon tumor and associated metastases to liver) and control tissue matrisomes (normal colon and normal liver)",2026.1.Hs,29,non_pCR_high,targeted_keyword,Naba matrisome metastatic colorectal liver metastasis,NABA_MATRISOME_METASTATIC_COLORECTAL_LIVER_METASTASIS,1.7595239774985298,3.419488508529997,3,20,0,20,0,0,0,0,0,0.036060704099372815,"Epithelial–mesenchymal
transition",non_pCR_high,non_pCR_high
GOBP_ANTIMICROBIAL_HUMORAL_RESPONSE,0.0011022322586246962,0.018961156181769304,0.45505986738722953,-0.3239894383413624,-1.5903420654625828,153,,GOBP_ANTIMICROBIAL_HUMORAL_RESPONSE,Antimicrobial humoral response,Barrier and mucus program,REG1A;S100A9;REG1B;SPRR2A;CCL17;PGC;CXCL1;FGB;RPL39;CXCL2;ROMO1;REG3G;S100A12;XCL1;CCL24;LYZ;DMBT1;REG3A;COLEC11;CX3CL1;RPL30;GNLY;FGA;H2BC13;WFDC10B;SLC11A1;BPI;IGHG2;PRSS2;IL17A;MMP7;RNASE2;IGHG4;S100A7;CXCL6;IL17F;DEFB1;KLK7;CCL11;H2BC11;CXCL8;CCL22;CCL20;FAM3A;PGLYRP4;CCL3;CCL14;LTF;CTSG;FAU;CXCL10;PGLYRP3,C5,GO:BP,"An immune response against microbes mediated through a body fluid. Examples of this process are seen in the antimicrobial humoral response of Drosophila melanogaster and Mus musculus. [GOC:go_curators, GOC:mtg_sensu]",GO:0019730,2026.1.Hs,153,non_pCR_high,global,Antimicrobial humoral response,GOBP_ANTIMICROBIAL_HUMORAL_RESPONSE,1.722135184505687,2.7387840263325605,2,14,0,14,0,1,0,0,0,0.0356243471956615,"ECM/collagen
remodeling",non_pCR_high,non_pCR_high
WP_TRYPTOPHAN_KYNURENINE_PATHWAY_IN_POSTCOVID_SYNDROME,0.0013600954007417457,0.02152263710552691,0.45505986738722953,-0.6448195686259273,-1.9682503741837933,16,,WP_TRYPTOPHAN_KYNURENINE_PATHWAY_IN_POSTCOVID_SYNDROME,Tryptophan kynurenine pathway in postcovid syndrome,Lipid/glycoprotein and metabolic remodeling,KYAT1;TNF;AFMID;DDC;IDO1;HAAO;IFNG;KYNU;IL6,C2,CP:WIKIPATHWAYS,Tryptophan kynurenine pathway in post-COVID syndrome,WP5549,2026.1.Hs,16,non_pCR_high,global,Tryptophan kynurenine pathway in postcovid syndrome,WP_TRYPTOPHAN_KYNURENINE_PATHWAY_IN_POSTCOVID_SYNDROME,1.6671045169177419,3.2812790892268375,2,14,0,14,0,1,0,0,0,0.0356243471956615,"ECM/collagen
remodeling",non_pCR_high,non_pCR_high
HALLMARK_MYC_TARGETS_V1,0.0016147012816438923,0.02341052435095675,0.45505986738722953,-0.2960574026445553,-1.496369954925428,199,,HALLMARK_MYC_TARGETS_V1,MYC targets v1,Adenoma/CRC epithelial program,CCT4;LSM2;CCT7;PSMB3;HSPE1;YWHAQ;RPS3;EIF1AX;SSB;RPS2;RPL22;MRPS18B;RPS6;HSPD1;CCT3;PSMB2;NHP2;HDDC2;PSMA7;RRP9;SNRPA1;EIF3B;EIF3D;VDAC1;PSMA1;ORC2;CLNS1A;RSL1D1;NME1;PABPC1;RPL6;PSMD3;EIF2S2;RNPS1;PSMA2;SRM;RPS10;PRDX4;PSMD14;COPS5;PPM1G;CCT2;HPRT1;PPIA;AIMP2;SNRPD3;RACK1;ACP1;EEF1B2;NPM1;SNRPD2;HDAC2;RPS5;MRPL23;CAD;C1QBP;RPL14;MYC;TCP1;GLO1;SNRPG;SSBP1;RPL34;EIF2S1;EXOSC7;XPOT;PWP1;TUFM;CDK4;RAD23B;PSMD7;MCM6;PHB2;IMPDH2;PRPS2;PSMA6;SMARCC1;CANX;G3BP1;SF3B3;HSP90AB1;POLD2;DDX18;PGK1;GNL3;ERH;NAP1L1,H,,A subgroup of genes regulated by MYC - version 1 (v1).,,2026.1.Hs,199,non_pCR_high,targeted_keyword,MYC targets v1,HALLMARK_MYC_TARGETS_V1,1.6305888588289288,2.439964177187749,1,27,0,27,0,0,0,0,0,9.894071587304634e-7,"MYC target
program",non_pCR_high,non_pCR_high
REACTOME_ANTIGEN_PROCESSING_UB_ATP_INDEPENDENT_PROTEASOMAL_DEGRADATION,0.0019968935141042037,0.027107747209585895,0.4317076958033464,-0.6017612555592081,-1.9155422898200323,19,,REACTOME_ANTIGEN_PROCESSING_UB_ATP_INDEPENDENT_PROTEASOMAL_DEGRADATION,Antigen processing ub atp independent proteasomal degradation,Immune receptor and cytokine signaling,PSMB3;PSMB1;PSMB2;PSMA7;PSMB7;PSMA1;PSMB9;PSMA2;PSMA3;PSMB4;PSMB5;PSMA6;PSMA5;PSME2;PSMB8;PSMB10,C2,CP:REACTOME,"Antigen processing: Ub, ATP-independent proteasomal degradation",R-HSA-9912633,2026.1.Hs,19,non_pCR_high,global,Antigen processing ub atp independent proteasomal degradation,REACTOME_ANTIGEN_PROCESSING_UB_ATP_INDEPENDENT_PROTEASOMAL_DEGRADATION,1.5669065729801388,3.0014758047404344,6,6,0,6,0,0,0,0,0,0.044911791577368944,"Cell-cycle
progression",non_pCR_high,non_pCR_high
REACTOME_AUF1_HNRNP_D0_BINDS_AND_DESTABILIZES_MRNA,0.002124548807243285,0.027965306983521836,0.4317076958033464,-0.4578825302991819,-1.7777262569795207,42,,REACTOME_AUF1_HNRNP_D0_BINDS_AND_DESTABILIZES_MRNA,Auf1 hnrnp d0 binds and destabilizes mrna,Ribosome and translation initiation,PSMB3;RPS27A;PSMB1;PSMC5;PSMB2;PSMA7;HSPB1;PSMB7;PSMA1;PSMD13;PABPC1;PSMD3;ADRM1;PSMA2;HSPA1A;PSMD11;PSMD14;SEM1;PSMA3;PSMB4,C2,CP:REACTOME,AUF1 (hnRNP D0) binds and destabilizes mRNA,R-HSA-450408,2026.1.Hs,42,non_pCR_high,global,Auf1 hnrnp d0 binds and destabilizes mrna,REACTOME_AUF1_HNRNP_D0_BINDS_AND_DESTABILIZES_MRNA,1.5533804089294103,2.761485140031398,6,6,0,6,0,0,0,0,0,0.044911791577368944,"Cell-cycle
progression",non_pCR_high,non_pCR_high
WP_H19_RBE2F1_AND_CDKBETACATENIN_IN_COLORECTAL_CANCER,0.002384871965775584,0.030140099690169956,0.4317076958033464,-0.6362833282605181,-1.9109361394003512,15,,WP_H19_RBE2F1_AND_CDKBETACATENIN_IN_COLORECTAL_CANCER,H19 rbe2f1 and cdkbetacatenin in colorectal cancer,Adenoma/CRC epithelial program,CTNNB1;H19;SOX4;MACROH2A1;CDK8;TULP3;CSRP2,C2,CP:WIKIPATHWAYS,"H19, Rb-E2F1, and CDK-beta-catenin in colorectal cancer",WP3969,2026.1.Hs,15,non_pCR_high,targeted_keyword,H19 rbe2f1 and cdkbetacatenin in colorectal cancer,WP_H19_RBE2F1_AND_CDKBETACATENIN_IN_COLORECTAL_CANCER,1.5208553155642168,2.9062573853107874,7,1,0,1,0,0,0,0,0,0.030140099690169956,"Wnt/beta-catenin
CRC program",non_pCR_high,non_pCR_high
GOBP_CELL_MIGRATION_INVOLVED_IN_GASTRULATION,0.0024115483859744155,0.030291400457971317,0.4317076958033464,-0.6812940141414842,-1.8602418535214544,12,,GOBP_CELL_MIGRATION_INVOLVED_IN_GASTRULATION,Cell migration involved in gastrulation,Epithelial–mesenchymal and matrix remodeling,GPC3;AMOT;CRB2;SOX17;LRP5;MEGF8;NODAL;NCKAP1;MIXL1;EPB41L5,C5,GO:BP,"The migration of individual cells within the blastocyst to help establish the multi-layered body plan of the organism (gastrulation). For example, the migration of cells from the surface to the interior of the embryo (ingression). [GOC:jl, PMID:16099638]",GO:0042074,2026.1.Hs,12,non_pCR_high,global,Cell migration involved in gastrulation,GOBP_CELL_MIGRATION_INVOLVED_IN_GASTRULATION,1.5186806475285113,2.8251133026656006,8,1,0,1,0,0,0,0,0,0.030291400457971317,"Epithelial–mesenchymal
transition",non_pCR_high,non_pCR_high
GOBP_LEUKOCYTE_AGGREGATION,0.0025535858171728916,0.03140529422911138,0.4317076958033464,-0.668423423884094,-1.8972503694695964,13,,GOBP_LEUKOCYTE_AGGREGATION,Leukocyte aggregation,Immune receptor and cytokine signaling,S100A9;CD44;SEMA4D;RAC2;MSN;BMP7;S100A8,C5,GO:BP,"The adhesion of one leukocyte to one or more other leukocytes via adhesion molecules. [GOC:sl, PMID:12972508]",GO:0070486,2026.1.Hs,13,non_pCR_high,global,Leukocyte aggregation,GOBP_LEUKOCYTE_AGGREGATION,1.502997133433896,2.8515618667192038,9,1,0,1,0,0,0,0,0,0.03140529422911138,"Immune receptor
signaling",non_pCR_high,non_pCR_high
REACTOME_COLLAGEN_BIOSYNTHESIS_AND_MODIFYING_ENZYMES,0.002588016187741515,0.03163984182046006,0.4317076958033464,-0.3950086028767654,-1.678983793255809,63,,REACTOME_COLLAGEN_BIOSYNTHESIS_AND_MODIFYING_ENZYMES,Collagen biosynthesis and modifying enzymes,Epithelial–mesenchymal and matrix remodeling,COL22A1;PLOD1;COL16A1;COL9A3;COL18A1;COL4A3;COL28A1;COL7A1;COL6A2;P3H3;COL10A1;COL6A1;CRTAP;COL13A1;COL5A3;COLGALT2;SERPINH1;COL8A2;COL5A2;COL1A1;COL21A1;COL4A1;COL6A3;COL27A1;ADAMTS2;COL12A1;COL11A2;COL4A2;COL5A1;COL1A2;COL24A1;P3H1;PCOLCE;COL8A1,C2,CP:REACTOME,Collagen biosynthesis and modifying enzymes,R-HSA-1650814,2026.1.Hs,63,non_pCR_high,targeted_keyword,Collagen biosynthesis and modifying enzymes,REACTOME_COLLAGEN_BIOSYNTHESIS_AND_MODIFYING_ENZYMES,1.4997656963713606,2.518082297888527,3,20,0,20,0,0,0,0,0,0.036060704099372815,"Epithelial–mesenchymal
transition",non_pCR_high,non_pCR_high
REACTOME_POST_TRANSLATIONAL_MODIFICATION_SYNTHESIS_OF_GPI_ANCHORED_PROTEINS,0.002786368653322235,0.03317872500487748,0.4317076958033464,-0.3645160986226007,-1.6102665059068009,80,,REACTOME_POST_TRANSLATIONAL_MODIFICATION_SYNTHESIS_OF_GPI_ANCHORED_PROTEINS,Post translational modification synthesis of gpi anchored proteins,Ribosome and translation initiation,LYPD1;DPM2;MELTF;LYPD3;ALPG;RAET1L;ULBP2;RTN4RL1;MSLN;LY6D;PRSS41;PLAUR;PIGQ;MDGA1;LY6K;RECK;FCGR3B;RTN4RL2;TECTB;LY6G6C;GPAA1;VNN2;THY1;DPM3;NTM;ALPL;XPNPEP2;LY6E;DPM1;PIGU;NTNG2;OPCML;LY6G6D;PIGC,C2,CP:REACTOME,Post-translational modification: synthesis of GPI-anchored proteins,R-HSA-163125,2026.1.Hs,80,non_pCR_high,global,Post translational modification synthesis of gpi anchored proteins,REACTOME_POST_TRANSLATIONAL_MODIFICATION_SYNTHESIS_OF_GPI_ANCHORED_PROTEINS,1.4791403070996416,2.381810094059252,10,1,0,1,0,0,0,0,0,0.03317872500487748,"Translation
initiation",non_pCR_high,non_pCR_high
GOBP_ANTIMICROBIAL_HUMORAL_IMMUNE_RESPONSE_MEDIATED_BY_ANTIMICROBIAL_PEPTIDE,0.002959174577334008,0.03448882392819268,0.4317076958033464,-0.33245510371450676,-1.5482495253179116,113,,GOBP_ANTIMICROBIAL_HUMORAL_IMMUNE_RESPONSE_MEDIATED_BY_ANTIMICROBIAL_PEPTIDE,Antimicrobial humoral immune response mediated by antimicrobial peptide,Immune receptor and cytokine signaling,REG1A;S100A9;REG1B;CCL17;PGC;CXCL1;RPL39;CXCL2;ROMO1;REG3G;S100A12;XCL1;CCL24;DMBT1;REG3A;CX3CL1;RPL30;GNLY;H2BC13;BPI;IL17A;MMP7;S100A7;CXCL6;IL17F;DEFB1;KLK7;CCL11;H2BC11;CXCL8;CCL22;CCL20;FAM3A;PGLYRP4;CCL3;CCL14;LTF;FAU;CXCL10;PGLYRP3,C5,GO:BP,"An immune response against microbes mediated by anti-microbial peptides in body fluid. [PMID:15761415, PMID:24287494]",GO:0061844,2026.1.Hs,113,non_pCR_high,global,Antimicrobial humoral immune response mediated by antimicrobial peptide,GOBP_ANTIMICROBIAL_HUMORAL_IMMUNE_RESPONSE_MEDIATED_BY_ANTIMICROBIAL_PEPTIDE,1.4623216148586067,2.2640387460669595,2,14,0,14,0,1,0,0,0,0.0356243471956615,"ECM/collagen
remodeling",non_pCR_high,non_pCR_high
PID_INTEGRIN2_PATHWAY,0.003057238444991396,0.03523306963178896,0.4317076958033464,-0.5081465460122643,-1.8180629317334895,29,,PID_INTEGRIN2_PATHWAY,Pid integrin2 pathway,Epithelial–mesenchymal and matrix remodeling,FGB;F10;ICAM1;PLAU;PLAUR;FGA;C3;ITGB2;ICAM2,C2,CP:PID,Beta2 integrin cell surface interactions,,2026.1.Hs,29,non_pCR_high,global,Pid integrin2 pathway,PID_INTEGRIN2_PATHWAY,1.4530495178726193,2.6417354664174275,3,20,0,20,0,0,0,0,0,0.036060704099372815,"Epithelial–mesenchymal
transition",non_pCR_high,non_pCR_high
WP_CYTOKINES_AND_INFLAMMATORY_RESPONSE,0.0032744836067885507,0.036759870463130326,0.4317076958033464,-0.5482810545943692,-1.8252131960086948,22,,WP_CYTOKINES_AND_INFLAMMATORY_RESPONSE,Cytokines and inflammatory response,Immune receptor and cytokine signaling,CXCL1;TNF;CSF2;CXCL2;CSF3;IFNG;IL1A;IL7;IL6;TGFB1;CSF1;IL11;IL5,C2,CP:WIKIPATHWAYS,Cytokines and inflammatory response,WP530,2026.1.Hs,22,non_pCR_high,targeted_keyword,Cytokines and inflammatory response,WP_CYTOKINES_AND_INFLAMMATORY_RESPONSE,1.4346260276789302,2.6184983570571183,2,14,0,14,0,1,0,0,0,0.0356243471956615,"ECM/collagen
remodeling",non_pCR_high,non_pCR_high
REACTOME_COLLAGEN_FORMATION,0.0032993574664862946,0.036888338566956676,0.4317076958033464,-0.3549511324061622,-1.5824320773871425,86,,REACTOME_COLLAGEN_FORMATION,Collagen formation,Epithelial–mesenchymal and matrix remodeling,MMP9;COL22A1;PLOD1;COL16A1;COL9A3;MMP13;COL18A1;CTSL;COL4A3;LOXL2;COL28A1;COL7A1;COL6A2;MMP7;P3H3;COL10A1;COL6A1;CRTAP;COL13A1;COL5A3;COLGALT2;SERPINH1;COL8A2;COL5A2;MMP3;COL1A1;COL21A1;COL4A1;COL6A3;COL27A1;ADAMTS2;COL12A1;COL11A2;COL4A2;COL5A1;COL1A2;COL24A1;P3H1;PCOLCE;LOXL1;COL8A1,C2,CP:REACTOME,Collagen formation,R-HSA-1474290,2026.1.Hs,86,non_pCR_high,targeted_keyword,Collagen formation,REACTOME_COLLAGEN_FORMATION,1.43311090474749,2.267800666125738,3,20,0,20,0,0,0,0,0,0.036060704099372815,"Epithelial–mesenchymal
transition",non_pCR_high,non_pCR_high
WP_OVERVIEW_OF_PROINFLAMMATORY_AND_PROFIBROTIC_MEDIATORS,0.003363926417257437,0.03725638935242108,0.4317076958033464,-0.3377434075023732,-1.5262749361483945,97,,WP_OVERVIEW_OF_PROINFLAMMATORY_AND_PROFIBROTIC_MEDIATORS,Overview of proinflammatory and profibrotic mediators,Epithelial–mesenchymal and matrix remodeling,MMP9;CCL17;CXCL1;TNF;CSF2;CTF1;CXCL2;XCL1;CCL24;IL24;CX3CL1;IL22;CSF3;MMP1;IL17A;IFNG;IL1A;CXCL6;IL17F;CCL11;IL26;IL7;IL6;CXCL17;TGFB1;CSF1;CXCL8;CCL22;CCL20;SPP1;CCL3;CCL14;MMP3;IL11;CXCL10;IL5;IL17C;CCL2;IL17B;CCL26;OSM,C2,CP:WIKIPATHWAYS,Overview of proinflammatory and profibrotic mediators,WP5095,2026.1.Hs,97,non_pCR_high,global,Overview of proinflammatory and profibrotic mediators,WP_OVERVIEW_OF_PROINFLAMMATORY_AND_PROFIBROTIC_MEDIATORS,1.4287992364043882,2.1807404633119822,2,14,0,14,0,1,0,0,0,0.0356243471956615,"ECM/collagen
remodeling",non_pCR_high,non_pCR_high
GOBP_HUMORAL_IMMUNE_RESPONSE,0.003672279569074089,0.03960678488111321,0.4317076958033464,-0.2713212077019072,-1.4169727444900209,247,,GOBP_HUMORAL_IMMUNE_RESPONSE,Humoral immune response,Immune receptor and cytokine signaling,REG1A;S100A9;REG1B;SPRR2A;CCL17;PGC;CFB;CXCL1;FGB;RPL39;AIRE;TNF;C2;PTPN6;CXCL2;ROMO1;REG3G;S100A12;XCL1;CCL24;LYZ;DMBT1;REG3A;COLEC11;CX3CL1;RPL30;GNLY;FGA;C4B;H2BC13;C4A;C3;CD81;CFP;WFDC10B;SLC11A1;BPI;IGHG2;PRSS2;FCN1;IL17A;IFNG;MMP7;RNASE2;IGHG4;S100A7;CXCL6;IL17F;DEFB1;KLK7;CCL11;TREM1;FOXJ1;IL7;IL6;H2BC11;MASP1;CXCL8;CCL22;CCL20;FAM3A;PGLYRP4;CCL3;CCL14;LTF;CTSG;FAU;CXCL10;PGLYRP3;CCL2;CD83;CD46;SERPING1;POU2F2,C5,GO:BP,"An immune response mediated through a body fluid. [GOC:hb, ISBN:0198506732]",GO:0006959,2026.1.Hs,247,non_pCR_high,global,Humoral immune response,GOBP_HUMORAL_IMMUNE_RESPONSE,1.4022304104374894,1.9869222730849778,2,14,0,14,0,1,0,0,0,0.0356243471956615,"ECM/collagen
remodeling",non_pCR_high,non_pCR_high
PID_INTEGRIN3_PATHWAY,0.0037064957745559027,0.039654109675075135,0.4317076958033464,-0.44925167758745843,-1.751707015489816,43,,PID_INTEGRIN3_PATHWAY,Pid integrin3 pathway,Epithelial–mesenchymal and matrix remodeling,FGB;PLAU;L1CAM;PLAUR;FGA;PDGFB;SPHK1;LAMA4;COL4A3;LAMC1;TNC;SDC4;PDGFRB;THY1;ITGB3;SPP1;KDR;COL1A1;COL4A1;LAMB1,C2,CP:PID,Beta3 integrin cell surface interactions,,2026.1.Hs,43,non_pCR_high,global,Pid integrin3 pathway,PID_INTEGRIN3_PATHWAY,1.4017117965754502,2.45538838775605,3,20,0,20,0,0,0,0,0,0.036060704099372815,"Epithelial–mesenchymal
transition",non_pCR_high,non_pCR_high
GOBP_POSITIVE_REGULATION_OF_COLLAGEN_METABOLIC_PROCESS,0.003778254322775248,0.04006797377048654,0.4317076958033464,-0.5344643824622862,-1.8066017930721374,23,,GOBP_POSITIVE_REGULATION_OF_COLLAGEN_METABOLIC_PROCESS,Positive regulation of collagen metabolic process,Epithelial–mesenchymal and matrix remodeling,RUNX1;SERPINF2;AMELX;UCN;SCX;BMP4;ITGA2;TGFB1;PRDX5;INHBA;RGCC,C5,GO:BP,"Any process that increases the frequency, rate or extent of the chemical reactions and pathways resulting in the metabolism of collagen, any of a group of fibrous proteins of very high tensile strength that form the main component of connective tissue in animals. [GOC:dph, GOC:tb]",GO:0010714,2026.1.Hs,23,non_pCR_high,targeted_keyword,Positive regulation of collagen metabolic process,GOBP_POSITIVE_REGULATION_OF_COLLAGEN_METABOLIC_PROCESS,1.3972026191981113,2.5241887571283947,11,1,0,1,0,0,0,0,0,0.04006797377048654,"ECM/collagen
remodeling",non_pCR_high,non_pCR_high
HALLMARK_MYC_TARGETS_V2,0.004205143000779736,0.042990543829311445,0.40701791892395395,-0.4044876877501925,-1.6831669489221535,57,,HALLMARK_MYC_TARGETS_V2,MYC targets v2,Adenoma/CRC epithelial program,MRTO4;HSPE1;RABEPK;PRMT3;HSPD1;TBRG4;RRP9;LAS1L;RCL1;WDR74;PES1;DUSP2;DCTPP1;IMP4;SRM;NDUFAF4;AIMP2;NPM1;MYC;NIP7;WDR43;BYSL;CDK4;TMEM97;SLC29A2;NOC4L;DDX18;MPHOSPH10;GNL3;CBX3;NOP56;SLC19A1,H,,A subgroup of genes regulated by MYC - version 2 (v2).,,2026.1.Hs,57,non_pCR_high,targeted_keyword,MYC targets v2,HALLMARK_MYC_TARGETS_V2,1.3666270610338374,2.3002615006347735,1,27,0,27,0,0,0,0,0,9.894071587304634e-7,"MYC target
program",non_pCR_high,non_pCR_high
REACTOME_CROSS_PRESENTATION_OF_SOLUBLE_EXOGENOUS_ANTIGENS_ENDOSOMES,0.004250670803938007,0.04340214055074248,0.40701791892395395,-0.4230332763913255,-1.6277116663433133,41,,REACTOME_CROSS_PRESENTATION_OF_SOLUBLE_EXOGENOUS_ANTIGENS_ENDOSOMES,Cross presentation of soluble exogenous antigens endosomes,Immune receptor and cytokine signaling,PSMB3;PSMB1;PSMC5;PSMB2;PSMA7;PSMB7;PSMA1;PSMD13;PSMB9;PSMD3;ADRM1;PSMA2;PSMD11;PSMD14;SEM1;PSMA3;PSMB4;MRC2;PSMB5;PSMD12;PSMD7;PSMA6;PSMA5;PSME2;PSMC3;PSMB8;PSMB10,C2,CP:REACTOME,Cross-presentation of soluble exogenous antigens (endosomes),R-HSA-1236978,2026.1.Hs,41,non_pCR_high,global,Cross presentation of soluble exogenous antigens endosomes,REACTOME_CROSS_PRESENTATION_OF_SOLUBLE_EXOGENOUS_ANTIGENS_ENDOSOMES,1.3624888509840074,2.217738998009365,6,6,0,6,0,0,0,0,0,0.044911791577368944,"Cell-cycle
progression",non_pCR_high,non_pCR_high
WP_MATRIX_METALLOPROTEINASES,0.00467076242092109,0.04625851243796848,0.40701791892395395,-0.5131696884157443,-1.8105771594864808,27,,WP_MATRIX_METALLOPROTEINASES,Matrix metalloproteinases,Epithelial–mesenchymal and matrix remodeling,MMP9;MMP17;TNF;MMP13;MMP8;TIMP3;TIMP1;MMP1;MMP25;MMP7;MMP24;MMP11;MMP3;MMP19;TIMP2;MMP2,C2,CP:WIKIPATHWAYS,Matrix metalloproteinases,WP129,2026.1.Hs,27,non_pCR_high,global,Matrix metalloproteinases,WP_MATRIX_METALLOPROTEINASES,1.3348083372024337,2.4167734876308553,3,20,0,20,0,0,0,0,0,0.036060704099372815,"Epithelial–mesenchymal
transition",non_pCR_high,non_pCR_high
REACTOME_METABOLISM_OF_POLYAMINES,0.004692847292369924,0.04642144260399541,0.40701791892395395,-0.41512491569314514,-1.6521729683256676,46,,REACTOME_METABOLISM_OF_POLYAMINES,Metabolism of polyamines,Lipid/glycoprotein and metabolic remodeling,NQO1;PSMB3;PSMB1;PSMC5;PSMB2;PAOX;PSMA7;PSMB7;PSMA1;PSMD13;PSMD3;ADRM1;SMS;PSMA2;SRM;PSMD11;PSMD14;SAT1;SEM1;PSMA3;PSMB4;PSMB5;AGMAT;PSMD12;PSMD7,C2,CP:REACTOME,Metabolism of polyamines,R-HSA-351202,2026.1.Hs,46,non_pCR_high,global,Metabolism of polyamines,REACTOME_METABOLISM_OF_POLYAMINES,1.3332813674298682,2.2028114344399103,6,6,0,6,0,0,0,0,0,0.044911791577368944,"Cell-cycle
progression",non_pCR_high,non_pCR_high
GOBP_COLLAGEN_FIBRIL_ORGANIZATION,0.004782716370993106,0.047028141881841526,0.40701791892395395,-0.3568562944903352,-1.563401485854506,76,,GOBP_COLLAGEN_FIBRIL_ORGANIZATION,Collagen fibril organization,Epithelial–mesenchymal and matrix remodeling,COMP;SERPINF2;CHADL;FOXC2;PLOD1;P3H4;SCX;COL4A3;LOXL2;COL28A1;COL7A1;COL6A1;EFEMP2;CRTAP;COL5A3;COLGALT2;SERPINH1;COL5A2;MMP11;COL1A1;COL4A1;SELENON;ADAMTS2;COL12A1;COL11A2;COL4A2;FKBP10;COL5A1;EMILIN1;COL1A2;AEBP1;P3H1;EXT1;LOXL1,C5,GO:BP,"Any process that determines the size and arrangement of collagen fibrils within an extracellular matrix. [GOC:mah, ISBN:0815316194]",GO:0030199,2026.1.Hs,76,non_pCR_high,targeted_keyword,Collagen fibril organization,GOBP_COLLAGEN_FIBRIL_ORGANIZATION,1.3276421802248912,2.0756377572467106,3,20,0,20,0,0,0,0,0,0.036060704099372815,"Epithelial–mesenchymal
transition",non_pCR_high,non_pCR_high
GOBP_SUPEROXIDE_METABOLIC_PROCESS,0.004973087460984692,0.04815304427557446,0.40701791892395395,-0.3779319623924569,-1.6489289563411196,70,,GOBP_SUPEROXIDE_METABOLIC_PROCESS,Superoxide metabolic process,Lipid/glycoprotein and metabolic remodeling,NCF4;SOD2;PARK7;NQO1;CCS;NOS3;MPO;GNAI2;RAC2;PRDX1;SOD3;NCF1C;CBS;SOD1;ITGB2;GSTP1;ABCC1;BMP7;AGT;IMMP2L;NCF1B;TGFB1;MB;NOS2;FPR2;SH3PXD2B;NOXO1;FBLN5;NCF1;NCF2;ITGAM,C5,GO:BP,"The chemical reactions and pathways involving superoxide, the superoxide anion O2- (superoxide free radical), or any compound containing this species. [GOC:jl]",GO:0006801,2026.1.Hs,70,non_pCR_high,global,Superoxide metabolic process,GOBP_SUPEROXIDE_METABOLIC_PROCESS,1.3173762512125518,2.1722598470204897,2,14,0,14,0,1,0,0,0,0.0356243471956615,"ECM/collagen
remodeling",non_pCR_high,non_pCR_high
KEGG_ECM_RECEPTOR_INTERACTION,0.005061497904735531,0.048722830297921474,0.40701791892395395,-0.3506307378417953,-1.5504168508046958,81,,KEGG_ECM_RECEPTOR_INTERACTION,Ecm receptor interaction,Epithelial–mesenchymal and matrix remodeling,COMP;SDC3;ITGA5;CD44;LAMA5;LAMA4;LAMC1;GP5;ITGA9;COL6A2;TNC;ITGA7;VWF;COL6A1;ITGA2;THBS3;SDC4;COL5A3;COL5A2;ITGB3;SPP1;ITGB5;COL1A1;HSPG2;THBS2;COL4A1;SV2B;LAMB1;TNN;COL6A3;LAMB2,C2,CP:KEGG_LEGACY,ECM-receptor interaction,hsa04512,2026.1.Hs,81,non_pCR_high,targeted_keyword,Ecm receptor interaction,KEGG_ECM_RECEPTOR_INTERACTION,1.3122674915765917,2.034561631703557,3,20,0,20,0,0,0,0,0,0.036060704099372815,"Epithelial–mesenchymal
transition",non_pCR_high,non_pCR_high
REACTOME_NOD1_2_SIGNALING_PATHWAY,0.005884488830437952,0.05405595090614128,0.40701791892395395,-0.43725523701396485,-1.6377641327434385,36,,REACTOME_NOD1_2_SIGNALING_PATHWAY,Nod1 2 signaling pathway,Immune receptor and cytokine signaling,NOD2;TNFAIP3;RIPK2;IRAK2;CARD9;RPS27A;NOD1;AAMP;CASP4;MAPK12,C2,CP:REACTOME,NOD1/2 Signaling Pathway,R-HSA-168638,2026.1.Hs,36,non_pCR_high,targeted_keyword,Nod1 2 signaling pathway,REACTOME_NOD1_2_SIGNALING_PATHWAY,1.267156488511112,2.0753034474566223,12,1,0,1,0,0,0,0,0,0.05405595090614128,"TLR/NOD pattern-
recognition signaling",non_pCR_high,non_pCR_high
REACTOME_ACTIVATION_OF_MATRIX_METALLOPROTEINASES,0.0062002784996374235,0.05571460723774522,0.40701791892395395,-0.49993336407551003,-1.7671870769973368,28,,REACTOME_ACTIVATION_OF_MATRIX_METALLOPROTEINASES,Activation of matrix metalloproteinases,Epithelial–mesenchymal and matrix remodeling,MMP9;MMP17;PLG;MMP13;COL18A1;MMP8;TIMP1;MMP1;MMP25;PRSS2;MMP7;MMP24;MMP11;MMP3;CTSG;TIMP2;MMP2;MMP14;TPSAB1,C2,CP:REACTOME,Activation of Matrix Metalloproteinases,R-HSA-1592389,2026.1.Hs,28,non_pCR_high,global,Activation of matrix metalloproteinases,REACTOME_ACTIVATION_OF_MATRIX_METALLOPROTEINASES,1.254030926710246,2.2161072478373414,3,20,0,20,0,0,0,0,0,0.036060704099372815,"Epithelial–mesenchymal
transition",non_pCR_high,non_pCR_high
REACTOME_ASSEMBLY_OF_COLLAGEN_FIBRILS_AND_OTHER_MULTIMERIC_STRUCTURES,0.006460583660385883,0.05693633064149621,0.40701791892395395,-0.3703219860224728,-1.5611292307888416,60,,REACTOME_ASSEMBLY_OF_COLLAGEN_FIBRILS_AND_OTHER_MULTIMERIC_STRUCTURES,Assembly of collagen fibrils and other multimeric structures,Epithelial–mesenchymal and matrix remodeling,MMP9;COL9A3;MMP13;COL18A1;CTSL;COL4A3;LOXL2;COL7A1;COL6A2;MMP7;COL10A1;COL6A1;COL5A3;COL8A2;COL5A2;MMP3;COL1A1;COL4A1;COL6A3;COL27A1;COL12A1;COL11A2;COL4A2;COL5A1;COL1A2;COL24A1;PCOLCE;LOXL1;COL8A1,C2,CP:REACTOME,Assembly of collagen fibrils and other multimeric structures,R-HSA-2022090,2026.1.Hs,60,non_pCR_high,targeted_keyword,Assembly of collagen fibrils and other multimeric structures,REACTOME_ASSEMBLY_OF_COLLAGEN_FIBRILS_AND_OTHER_MULTIMERIC_STRUCTURES,1.244610525132509,1.94299787173181,3,20,0,20,0,0,0,0,0,0.036060704099372815,"Epithelial–mesenchymal
transition",non_pCR_high,non_pCR_high
KEGG_GLYCOSAMINOGLYCAN_BIOSYNTHESIS_CHONDROITIN_SULFATE,0.006826569940168732,0.05896324560481169,0.40701791892395395,-0.5230985711741182,-1.7413813716883797,22,,KEGG_GLYCOSAMINOGLYCAN_BIOSYNTHESIS_CHONDROITIN_SULFATE,Glycosaminoglycan biosynthesis chondroitin sulfate,Lipid/glycoprotein and metabolic remodeling,CHPF;B3GALT6;B3GAT3;CHST11;CHST13;CHSY3;CHST14;CHST3;CHST15;CHST12;B4GALT7;XYLT2;DSE;CHST7,C2,CP:KEGG_LEGACY,Glycosaminoglycan biosynthesis - chondroitin sulfate,hsa00532,2026.1.Hs,22,non_pCR_high,global,Glycosaminoglycan biosynthesis chondroitin sulfate,KEGG_GLYCOSAMINOGLYCAN_BIOSYNTHESIS_CHONDROITIN_SULFATE,1.2294186189504726,2.140886681047207,3,20,0,20,0,0,0,0,0,0.036060704099372815,"Epithelial–mesenchymal
transition",non_pCR_high,non_pCR_high
NABA_MATRISOME_PRIMARY_METASTATIC_COLORECTAL_TUMOR,0.007208475950807543,0.061298082388703976,0.40701791892395395,-0.39514147244654524,-1.6433931491908833,58,,NABA_MATRISOME_PRIMARY_METASTATIC_COLORECTAL_TUMOR,Naba matrisome primary metastatic colorectal tumor,Adenoma/CRC epithelial program,MMP9;HTRA1;COL22A1;PLOD1;MXRA5;CLEC11A;SERPINA3;CSPG4;TIMP1;MFGE8;MMP1;LOXL2;FCN1;GPC4;TGFB1;SERPINE2;EFEMP2;MMP11;THBS2;PAPLN;MEGF8,C2,CGP,Matrisome proteins found differentially expressed in primary metastatic colon tumors in comparison to normal colon and normal liver.,"12885_2014_4731_MOESM2_ESM.xlsx, Figure 2E. Venn diagram shows comparisons among the metastatic colon cancer matrisomes (primary colon tumor and associated metastases to liver) and control tissue matrisomes (normal colon and normal liver)",2026.1.Hs,58,non_pCR_high,targeted_keyword,Naba matrisome primary metastatic colorectal tumor,NABA_MATRISOME_PRIMARY_METASTATIC_COLORECTAL_TUMOR,1.212553111469035,1.9927014764183018,3,20,0,20,0,0,0,0,0,0.036060704099372815,"Epithelial–mesenchymal
transition",non_pCR_high,non_pCR_high
GOBP_RIBOSOME_ASSEMBLY,0.008443824519743121,0.06797460898465815,0.3807304007227924,-0.3590218022390531,-1.5530919547473259,68,,GOBP_RIBOSOME_ASSEMBLY,Ribosome assembly,Ribosome and translation initiation,RPL38;MTERF3;MRTO4;MALSU1;EIF6;RPL11;EIF1AX;BOP1;RPL24;RPS6;MRM2;RPS14;RPF2;RPS27;EIF5B;TFB1M;FAU;RCC1L;GTPBP6;MRPS2;NPM1;RPS28;MTG2;RPS19;C1QBP;NIP7;RPL5;TUFM;RRS1;XRCC5;BRIX1;DDX28;ERAL1;MCAT;RPSA,C5,GO:BP,"The aggregation, arrangement and bonding together of the mature ribosome and of its subunits. [GOC:ma, PMID:30467428]",GO:0042255,2026.1.Hs,68,non_pCR_high,global,Ribosome assembly,GOBP_RIBOSOME_ASSEMBLY,1.1676532819573615,1.813472918142289,1,27,0,27,0,0,0,0,0,9.894071587304634e-7,"MYC target
program",non_pCR_high,non_pCR_high
REACTOME_DEGRADATION_OF_THE_EXTRACELLULAR_MATRIX,0.009133865565025453,0.071554594905897,0.3807304007227924,-0.29237479028086183,-1.3868843927153078,128,,REACTOME_DEGRADATION_OF_THE_EXTRACELLULAR_MATRIX,Degradation of the extracellular matrix,Epithelial–mesenchymal and matrix remodeling,MMP9;HTRA1;MMP17;CAPN11;CD44;COL16A1;COL9A3;PLG;MMP13;LAMA5;ADAM8;COL18A1;MMP8;CTSL;COL4A3;TIMP1;MMP1;LAMC1;MMP25;PRSS2;ADAMTS9;COL7A1;COL6A2;MMP7;COL10A1;KLK7;COL6A1;MMP24;COL13A1;COL5A3;COL8A2;CAPN14;ELN;COL5A2;MMP11;SPP1;MMP3;CTSG;COL1A1;HSPG2;ADAMTS8;MMP19;COL4A1;CAPN10;LAMB1;TIMP2;ADAMTS1;COL6A3;MMP2;ADAMTS16;COL12A1,C2,CP:REACTOME,Degradation of the extracellular matrix,R-HSA-1474228,2026.1.Hs,128,non_pCR_high,global,Degradation of the extracellular matrix,REACTOME_DEGRADATION_OF_THE_EXTRACELLULAR_MATRIX,1.1453624726211538,1.5884853372800922,3,20,0,20,0,0,0,0,0,0.036060704099372815,"Epithelial–mesenchymal
transition",non_pCR_high,non_pCR_high
GOBP_POSITIVE_REGULATION_OF_MEIOTIC_CELL_CYCLE,0.009384781671516297,0.0725427776484937,0.3807304007227924,-0.5480607159882276,-1.778367569063766,20,,GOBP_POSITIVE_REGULATION_OF_MEIOTIC_CELL_CYCLE,Positive regulation of meiotic cell cycle,Cell-cycle checkpoint and proliferation,MAPK15;PIWIL2;MSX1;NPM2;WNT5A;PLCB1,C5,GO:BP,"Any process that activates or increases the frequency, rate or extent of progression through the meiotic cell cycle. [GOC:ai, GOC:dph, GOC:tb]",GO:0051446,2026.1.Hs,20,non_pCR_high,targeted_keyword,Positive regulation of meiotic cell cycle,GOBP_POSITIVE_REGULATION_OF_MEIOTIC_CELL_CYCLE,1.1394058193880856,2.026282357202298,13,1,0,1,0,0,0,0,0,0.0725427776484937,"Cell-cycle
progression",non_pCR_high,non_pCR_high
REACTOME_FBXL7_DOWN_REGULATES_AURKA_DURING_MITOTIC_ENTRY_AND_IN_EARLY_MITOSIS,0.009601984627136661,0.07373751475079784,0.3807304007227924,-0.4158510860440587,-1.6145394194684215,42,,REACTOME_FBXL7_DOWN_REGULATES_AURKA_DURING_MITOTIC_ENTRY_AND_IN_EARLY_MITOSIS,Fbxl7 down regulates aurka during mitotic entry and in early mitosis,Cell-cycle checkpoint and proliferation,PSMB3;RPS27A;PSMB1;PSMC5;PSMB2;PSMA7;PSMB7;PSMA1;PSMD13;PSMD3;ADRM1;PSMA2;PSMD11;PSMD14;SKP1;SEM1;PSMA3;PSMB4,C2,CP:REACTOME,FBXL7 down-regulates AURKA during mitotic entry and in early mitosis,R-HSA-8854050,2026.1.Hs,42,non_pCR_high,targeted_keyword,Fbxl7 down regulates aurka during mitotic entry and in early mitosis,REACTOME_FBXL7_DOWN_REGULATES_AURKA_DURING_MITOTIC_ENTRY_AND_IN_EARLY_MITOSIS,1.1323115039444849,1.8281615582359438,6,6,0,6,0,0,0,0,0,0.044911791577368944,"Cell-cycle
progression",non_pCR_high,non_pCR_high
GOBP_CD8_POSITIVE_ALPHA_BETA_T_CELL_HOMEOSTASIS,0.010315472092262329,0.07737335160245036,0.3807304007227924,-0.6099781942967936,-1.7783155677422278,14,,GOBP_CD8_POSITIVE_ALPHA_BETA_T_CELL_HOMEOSTASIS,Cd8 positive alpha beta t cell homeostasis,Immune receptor and cytokine signaling,PSMB3;PSMB1;PSMB2;PSMA7;PSMA1;PSMB9;PSMA2;PSMA3;PSMB4;PSMA6;PSMA5;PSMB8;PSMB10,C5,GO:BP,"The process of regulating the proliferation and elimination of CD8-positive alpha-beta T cells such that the total number of CD8-positive alpha-beta T cells within a whole or part of an organism is stable over time in the absence of an outside stimulus. [PMID:30650357, PMID:33815406]",GO:0160165,2026.1.Hs,14,non_pCR_high,global,Cd8 positive alpha beta t cell homeostasis,GOBP_CD8_POSITIVE_ALPHA_BETA_T_CELL_HOMEOSTASIS,1.1114085902831092,1.9764351982228965,6,6,0,6,0,0,0,0,0,0.044911791577368944,"Cell-cycle
progression",non_pCR_high,non_pCR_high
WP_UREA_CYCLE_AND_METABOLISM_OF_AMINO_GROUPS,0.010828561425696772,0.07938375991791939,0.3807304007227924,-0.5182980245776502,-1.7110918370746686,21,,WP_UREA_CYCLE_AND_METABOLISM_OF_AMINO_GROUPS,Urea cycle and metabolism of amino groups,Lipid/glycoprotein and metabolic remodeling,GAMT;PYCR3;GATM;ARG1;NAGS;SMS;SRM;PYCR1;SARDH;CKM,C2,CP:WIKIPATHWAYS,Urea cycle and metabolism of amino groups,WP497,2026.1.Hs,21,non_pCR_high,global,Urea cycle and metabolism of amino groups,WP_UREA_CYCLE_AND_METABOLISM_OF_AMINO_GROUPS,1.1002683350971127,1.8826601667764058,1,27,0,27,0,0,0,0,0,9.894071587304634e-7,"MYC target
program",non_pCR_high,non_pCR_high
REACTOME_DETOXIFICATION_OF_REACTIVE_OXYGEN_SPECIES,0.010981041889705554,0.0802161216056505,0.3807304007227924,-0.4358911150158207,-1.6162209654284356,34,,REACTOME_DETOXIFICATION_OF_REACTIVE_OXYGEN_SPECIES,Detoxification of reactive oxygen species,Hypoxia and oxidative-stress response,NCF4;SOD2;CCS;PRDX1;SOD3;GPX3;GPX1;ATOX1;SOD1;GSTP1,C2,CP:REACTOME,Detoxification of Reactive Oxygen Species,R-HSA-3299685,2026.1.Hs,34,non_pCR_high,global,Detoxification of reactive oxygen species,REACTOME_DETOXIFICATION_OF_REACTIVE_OXYGEN_SPECIES,1.0957383396864953,1.7709552772250585,2,14,0,14,0,1,0,0,0,0.0356243471956615,"ECM/collagen
remodeling",non_pCR_high,non_pCR_high
GOBP_GLYCINE_METABOLIC_PROCESS,0.011173482688441849,0.08084621360238216,0.3807304007227924,-0.6609880860638009,-1.7179940758433627,10,,GOBP_GLYCINE_METABOLIC_PROCESS,Glycine metabolic process,Lipid/glycoprotein and metabolic remodeling,GCSH;BAAT;SHMT1;PHGDH;NDP;RIDA,C5,GO:BP,"The chemical reactions and pathways involving glycine, aminoethanoic acid. [GOC:go_curators]",GO:0006544,2026.1.Hs,10,non_pCR_high,global,Glycine metabolic process,GOBP_GLYCINE_METABOLIC_PROCESS,1.092340315276427,1.8766341904497728,14,1,0,1,0,0,0,0,0,0.08084621360238216,"Lipid/glycoprotein
metabolic remodeling",non_pCR_high,non_pCR_high
GOBP_RIBOSOMAL_LARGE_SUBUNIT_ASSEMBLY,0.012963602471849625,0.0884864196302833,0.3807304007227924,-0.47617362043066286,-1.6832000600484107,28,,GOBP_RIBOSOMAL_LARGE_SUBUNIT_ASSEMBLY,Ribosomal large subunit assembly,Ribosome and translation initiation,MRTO4;MALSU1;EIF6;RPL11;BOP1;RPL24;MRM2;RPF2;RCC1L;GTPBP6;MTG2;RPL5;TUFM;RRS1;BRIX1;DDX28,C5,GO:BP,"The aggregation, arrangement and bonding together of constituent RNAs and proteins to form the large ribosomal subunit. [GOC:jl, PMID:30467428]",GO:0000027,2026.1.Hs,28,non_pCR_high,global,Ribosomal large subunit assembly,GOBP_RIBOSOMAL_LARGE_SUBUNIT_ASSEMBLY,1.0531233771235617,1.7726173316127642,1,27,0,27,0,0,0,0,0,9.894071587304634e-7,"MYC target
program",non_pCR_high,non_pCR_high
GOBP_POSITIVE_REGULATION_OF_METAPHASE_ANAPHASE_TRANSITION_OF_CELL_CYCLE,0.013657263040991607,0.09124697224557657,0.3807304007227924,-0.5365600196623659,-1.7079919971497781,19,,GOBP_POSITIVE_REGULATION_OF_METAPHASE_ANAPHASE_TRANSITION_OF_CELL_CYCLE,Positive regulation of metaphase anaphase transition of cell cycle,Cell-cycle checkpoint and proliferation,MAPK15;PRAP1;ANAPC11;MAD1L1,C5,GO:BP,"Any process that activates or increases the frequency, rate or extent of metaphase/anaphase transition of cell cycle. [GOC:mtg_cell_cycle, GOC:TermGenie]",GO:1902101,2026.1.Hs,19,non_pCR_high,targeted_keyword,Positive regulation of metaphase anaphase transition of cell cycle,GOBP_POSITIVE_REGULATION_OF_METAPHASE_ANAPHASE_TRANSITION_OF_CELL_CYCLE,1.0397815373794823,1.7759385446282487,15,1,0,1,0,0,0,0,0,0.09124697224557657,"Cell-cycle
progression",non_pCR_high,non_pCR_high
KEGG_GLUTATHIONE_METABOLISM,0.01414285461578242,0.09306777945673465,0.3807304007227924,-0.3993190223358672,-1.5879005027742614,45,,KEGG_GLUTATHIONE_METABOLISM,Glutathione metabolism,Lipid/glycoprotein and metabolic remodeling,OPLAH;GSS;GGCT;GPX3;GPX1;GGT5;GSTP1;GSTM2;GPX4;ANPEP;G6PD;SMS;SRM;GPX2;GSTK1;GGT7;GGT1;IDH2;GCLC;GSTM1;PGD;RRM2B,C2,CP:KEGG_LEGACY,Glutathione metabolism,hsa00480,2026.1.Hs,45,non_pCR_high,global,Glutathione metabolism,KEGG_GLUTATHIONE_METABOLISM,1.0312006479781004,1.6374440273855697,2,14,0,14,0,1,0,0,0,0.0356243471956615,"ECM/collagen
remodeling",non_pCR_high,non_pCR_high
WP_LUNG_FIBROSIS,0.014804501259245302,0.095984709266328,0.3807304007227924,-0.35014155991237655,-1.4760566337534233,60,,WP_LUNG_FIBROSIS,Lung fibrosis,Epithelial–mesenchymal and matrix remodeling,MMP9;TNF;CSF2;CXCL2;PLAU;CEBPB;PDGFB;CSF3;TIMP1;BMP7;TERT;HGF;CCL11;IL6;TGFB1;CXCL8;ELN;SPP1;CCL3;IL5;PARN;MT2A;CCL2,C2,CP:WIKIPATHWAYS,Lung fibrosis,WP3624,2026.1.Hs,60,non_pCR_high,global,Lung fibrosis,WP_LUNG_FIBROSIS,1.0177979462330666,1.502327410357928,2,14,0,14,0,1,0,0,0,0.0356243471956615,"ECM/collagen
remodeling",non_pCR_high,non_pCR_high
SABATES_COLORECTAL_ADENOMA_DN,5.905530521890486e-32,4.86615715003776e-28,1.4675239767129606,0.5613273881950765,2.8708009405090675,293,,SABATES_COLORECTAL_ADENOMA_DN,Sabates colorectal adenoma dn,Adenoma/CRC epithelial program,INSM1;SYNPO2;SPINK5;CPM;RBM24;PRKAA2;CCL19;CA2;MS4A8;NAP1L2;CDKL1;SI;RSPO3;SLC25A34;RAB3B;CHGA;ADH1B;FEV;CHGB;ENPP6;C7;SCN9A;SST;TRAF3IP3;SCNN1B;SPIB;TMCC3;SLC4A4;MCOLN2;B3GALT5;CCL21;KIF5C;CES2;HSD17B2;MT1M;SEMA6D;AMPD1;B3GALT5-AS1;TEX11;ANO5;CCL23;CA1;SPINK2;CCL5;IL6R;CLDN8;MFSD4A;MFAP5;CXCL13;BEST4;RSPO2;LINC02023;GFRA3;FN1;OR51E2;USP2;PAG1;BMP3;EPHA3;NR5A2;LGALS2;PDE3A;SYNE3;TRPM6;PKIB;MYLK;TMEM140;DOCK10;MFAP4;KCTD12;SCNN1G;GUCA2B;VSTM2A;GHR;CR2;CDKN2B-AS1;PCK1;GDPD2;GUCA2A;FCRL3;GCG;GREM2;VPREB3;EPB41L3;ZG16;TNFRSF13C;CPNE8;ARHGAP15;MYH11;EDN3;CA7;PYY;TMEM72;SCN7A;SCARA5;MS4A1;LPAR1;ZBTB16;GBA3;CHP2;FCMR;TPH1;FABP4;CDKN2B;ADCY2;CDHR5;C2orf88;SFRP1;WNT2B;TUSC3;GLDN;FCRLA;TLR7;CHAD;GCNT2;RUNDC3B;BMP5;AFF3;CNNM2;NDN;RFX6;OGN;WSCD1;ADAMDEC1;TMEM100;STAP1;TMEM171;BEND5;PDE6A;THRB;CLDN23;FMN2;TNXA;SLC26A2;TP53INP2;NEXMIF;LMOD1;CD36;TMEM200A;LYPD8;MS4A12;NAP1L3;TM6SF2;SCGN;TMEM255A;PRIMA1;CA4;CMAHP;CRYBA2;TSPAN7;CLU;GPC6;BRINP3;CHRNA1;CXCL12;CLCA4;SIT1;DHRS11;INSL5;HSD3B2;PPY;COL14A1;DPP10,C2,CGP,Genes down-regulated in colorectal adenoma compared to normal mucosa samples.,Table S4,2026.1.Hs,293,pCR_high,targeted_keyword,Sabates colorectal adenoma dn,SABATES_COLORECTAL_ADENOMA_DN,10,28.708009405090674,16,1,1,0,0,0,0,1,1,4.86615715003776e-28,"Colorectal adenoma-down
signature",pCR_high,pCR_high
SOGA_COLORECTAL_CANCER_MYC_DN,6.123337801185581e-16,6.066828156312536e-13,1.027669870543582,0.6900096681895621,2.8671484617481253,68,,SOGA_COLORECTAL_CANCER_MYC_DN,Soga colorectal cancer myc dn,Adenoma/CRC epithelial program,SLCO4C1;SLC37A2;SLC35D1;ENPP6;SLC41A2;B3GNT5;SLC4A4;PLA2G10;PAPSS2;SLC17A5;NEU4;PLCD3;LDHD;FAS;UGT2A3;UGP2;PAFAH1B1;FUCA1;MKNK1;SLC44A1;SLC35A5;CDS1;SLC35A3;SLC31A2;SLC26A3;CPT2;PPM1A;SLC1A1;PGM1;SLC35B3;TRAF6;SLC25A24;TNFRSF1A;FABP2;GBA3;SLC46A3;PIP4K2C;SLC30A4;PAFAH2;B3GALT1;PIP5K1B;SLC26A2;ACO2;MKNK2;CD36;SMPD1,C2,CGP,Metabolic related genes that showed negative correlation with MYC expression in CRC tissues,Table S3: Candidate MYC target metabolic genes,2026.1.Hs,68,pCR_high,targeted_keyword,Soga colorectal cancer myc dn,SOGA_COLORECTAL_CANCER_MYC_DN,10,28.671484617481255,17,15,15,0,0,0,0,1,1,7.976595829862831e-4,"MYC-down
 signature",pCR_high,pCR_high
GOBP_GOLGI_VESICLE_TRANSPORT,2.5495245946577176e-13,1.6160063584599685e-10,0.932595211336209,0.41839285318498964,2.161790752277431,314,,GOBP_GOLGI_VESICLE_TRANSPORT,Golgi vesicle transport,Golgi–endosomal vesicle trafficking,RAB8A;SCAMP2;TRAPPC8;LMAN1;SEC24B;CIDEB;SEC24C;SEC16A;MPPE1;SNAP23;RAB14;ATP9B;MON2;TMED6;TRAPPC10;SNX1;ANKFY1;DNM2;STXBP5;WHAMM;MIA3;SEC24A;IER3IP1;TRAPPC11;TMED5;AP3S2;SEC22B;SEC24D;AP3M1;TRAPPC6B;SAR1B;RABGGTA;CNST;GBF1;VAPA;GOLGA4;EXOC6;KDELR3;BLZF1;YIPF5;MIA2;KIF16B;RSC1A1;AMN;ATP2C1;RAB11A;GAK;ANXA13;GOLPH3L;NAPA;PPP6C;PRKCI;EXOC8;DOP1B;RAB43;RAB4B;TBC1D14;GGA1;AP2A1;RAB1B;ARF4;AP1G1;RAB1A;GOLGA2;SAR1A;ERGIC1;TMED3;AP1AR;SURF4;RP2;SORL1;VTI1A;COPG1;GOLGA7;ARFGAP3;STX18;ACSL3;SEC23IP;KIF13A;COG2;TRIP11;GOLPH3;AP2M1;CTAGE8;VPS13A;COG7;EXOC5;SEC31A;YIPF4;TFG;RABIF;USO1;CLN3;CTAGE6;WIPI1;PRKD1;GOPC;COPE;BNIP1;CTAGE15;ATL3;COPB2;NAPG;ARCN1;EXOC1;TMED10;SCFD1;ARMH3;NSF;VAMP4;KDELR1;CTAGE9;KDELR2;CSK;PGAP1;COPB1;COG3;ANK3;CCDC93;GABARAPL2;STX17;COPZ2;VAMP2;SORT1;ARL8B;BCAP29;EPS15;OPTN;GOLGA5;SEC31B;KLHL20;RABEP1;VTI1B;CTAGE4;SEC23B;SEC13;VPS35L;TMED2;COG5;RAB3IP;CRYZL2P-SEC16B;CEP19;KLHL12,C5,GO:BP,"The directed movement of substances into, out of or within the Golgi apparatus, mediated by vesicles. [GOC:jid, ISBN:0716731363, PMID:10219233]",GO:0048193,2026.1.Hs,314,pCR_high,global,Golgi vesicle transport,GOBP_GOLGI_VESICLE_TRANSPORT,9.79155693475039,21.167297231941344,18,24,24,0,0,0,0,1,1,0.001449405039933608,G2/M checkpoint,pCR_high,pCR_high
GOBP_ANTIGEN_RECEPTOR_MEDIATED_SIGNALING_PATHWAY,3.234286489356612e-10,1.259080440641538e-7,0.8140358378479079,0.4253595315507429,2.118642629679975,216,,GOBP_ANTIGEN_RECEPTOR_MEDIATED_SIGNALING_PATHWAY,Antigen receptor mediated signaling pathway,Immune receptor and cytokine signaling,CD8A;SLA2;BCL2;ITK;BANK1;ERMAP;CD3E;CD38;GCSAM;THEMIS;NFKB1;TESPA1;RC3H1;UBASH3A;MALT1;PTPN2;CD247;SH2D1A;CD28;FYB2;BRAF;ZNF683;TRAT1;MAPK1;CLEC2D;PSEN1;PDE4D;LCK;TRGC2;CRKL;PDCD1;BTNL3;CYLD;ZAP70;BCL10;TRBC2;DENND1B;FCRL3;CD3G;BLK;TRAF6;TXK;PVRIG;KLHL6;PTPRJ;MS4A1;PLCL2;FOXP1;NCKAP1L;LGALS3;LAX1;FCMR;BTN3A2;PTPN22;BMX;CD19;BTNL9;KCNN4;UBR2;BTK;GCSAML;CD22;RC3H2;SOS1;NCK1;EIF2B5;TRAC;HLA-A;BTN2A1;SPG21;STAP1;TRBC1,C5,GO:BP,The series of molecular signals initiated by the cross-linking of an antigen receptor on a B or T cell. [GOC:add],GO:0050851,2026.1.Hs,216,pCR_high,global,Antigen receptor mediated signaling pathway,GOBP_ANTIGEN_RECEPTOR_MEDIATED_SIGNALING_PATHWAY,6.89994652262387,14.618520845343037,19,22,22,0,0,0,0,1,1,0.0018856701806126985,"T-cell / lymphocyte
activation",pCR_high,pCR_high
GOBP_GLYCOPROTEIN_METABOLIC_PROCESS,3.353750536412322e-9,9.211634806679178e-7,0.7749390301364363,0.35453694190461915,1.8596956437499579,361,,GOBP_GLYCOPROTEIN_METABOLIC_PROCESS,Glycoprotein metabolic process,Lipid/glycoprotein and metabolic remodeling,GAL3ST2;HPSE;CCL19;B3GNT7;HS3ST6;MFSD8;SLC35D1;EDEM3;GALNT5;ITM2A;SOAT1;ENTPD5;ST6GAL1;BCL2;SLC39A8;MAN2A2;B3GNT5;CHP1;ST6GALNAC6;MPDU1;B3GALT5;CCL21;TMEM59;GAL3ST1;CHST5;NEU4;SLC35A1;B3GNT3;ITM2C;OGA;BMP2;GANC;TRAK1;TMEM106A;GALNT1;BMPR1B;MAN2B2;DHDDS;GALNT7;ANGPT1;MGAT4A;CANT1;PSEN1;SLC10A7;PCSK6;MGAT2;GNPTAB;B3GLCT;TNIP1;MGAT1;ITM2B;SERP1;MESD;B4GALNT2;UBE2J1;ALG6;ST6GALNAC1;POFUT2;EDEM1;GALNT12;ST3GAL4;MAN2A1;FUT5;ALG14;AGA;CNMD;FUT6;B4GALT1;TET2;ALG11;RAB1B;BTK;TET3;ATP7A;GCNT3;TUSC3;RAB1A;GOLGA2;B4GALT4;GCNT2;NDST2;GMPPB;C1GALT1C1;FUT3;GUSB;DOLPP1;CHSY1;CHST6;TRIP11;GOLPH3;COG7;STT3A;B3GALT2;NGLY1;CHST2;GFPT1;IHH;MAN1A2;MAN2B1;FUT11;RNF185;SLC2A10;NCSTN;TMEM165;UST;OSTC;B3GNT6;FKRP;POMK;MARCHF6;FUT2;GALNT3;UGDH;RPN1;ST3GAL3;MANBA;GLB1;ALG9;COG3;HS3ST1;GAL3ST4;GALNTL6;FUT4;B3GNT4;NAGLU;RNF103;RNF5;HEXB;ALG3;ALG2,C5,GO:BP,"The chemical reactions and pathways involving glycoproteins, a protein that contains covalently bound glycose (i.e. monosaccharide) residues; the glycose occurs most commonly as oligosaccharide or fairly small polysaccharide but occasionally as monosaccharide. [GOC:go_curators, ISBN:0198506732]",GO:0009100,2026.1.Hs,361,pCR_high,global,Glycoprotein metabolic process,GOBP_GLYCOPROTEIN_METABOLIC_PROCESS,6.035663287879743,11.224496723611505,20,9,9,0,0,0,0,1,1,0.0010912894735718502,"Mucus/goblet-cell
program",pCR_high,pCR_high
GOBP_PHOSPHOLIPID_METABOLIC_PROCESS,6.369621115199763e-9,1.5904750905832134e-6,0.7614608014455848,0.35544107383659695,1.8675824008775233,364,,GOBP_PHOSPHOLIPID_METABOLIC_PROCESS,Phospholipid metabolic process,Lipid/glycoprotein and metabolic remodeling,SLC44A2;MFSD2A;MTMR7;LPCAT4;SPHK2;ENPP6;SYNJ1;SACM1L;CHP1;ALOX15;NR1H2;PCYT1A;MPPE1;GPAT3;SMPD3;PLA2G10;NAAA;LIPH;PI4K2B;PIK3C2G;PIGN;SMPDL3A;PIK3CB;PRDX6;MTMR3;PLA2G2A;DGKA;DHDDS;PAFAH1B1;ABHD3;PIK3C3;PLPPR4;PRKCD;PI4KA;INPP1;SCP2;FAR1;SLC44A1;NR1H4;PIGB;VAPA;CDS1;PTEN;PIGG;PLD1;PLCE1;ITPKA;ABHD5;GPAT4;SMPDL3B;ABHD12B;SGPP1;SGMS2;SPTLC1;PIK3CG;PDGFA;SLC44A4;INPP5B;HTR2A;GDPD3;SERINC1;PLCL2;PITPNM3;PIGK;CERT1;MTMR6;IP6K1;SGMS1;PIP4K2C;BMX;NAPEPLD;PIGS;PLSCR1;PLCB2;BLOC1S6;DGKI;PLA2G12A;LDLR;GUSB;GDE1;OSBP;DOLPP1;APOA1;MBOAT2;IPMK;PITPNM1;ABCA3;HMGCS2;PLA2G7;ACSL3;PNPLA8;MTM1;MTMR4;PGAP4;IDI1;PIP5K1B;PGAP3;BPNT1;SH3GLB1;PMVK;INPP5A;CLN3;PIK3C2B;CLN8;PIK3R3;SERAC1;PNPLA7;INPP5K;IMPA1;PLCB3;SMPD1;PLPP5;IMPA2;MBOAT1;DGKH;SERINC4;SLC44A3;PIGZ;PLAA;FITM1;PIK3R4;PIK3CA;HMGCR;HDHD5;PGAP1,C5,GO:BP,"The chemical reactions and pathways involving phospholipids, any lipid containing phosphoric acid as a mono- or diester. [ISBN:0198506732]",GO:0006644,2026.1.Hs,364,pCR_high,global,Phospholipid metabolic process,GOBP_PHOSPHOLIPID_METABOLIC_PROCESS,5.79847312825858,10.829126366296961,17,15,15,0,0,0,0,1,1,7.976595829862831e-4,"MYC-down
 signature",pCR_high,pCR_high
GOBP_RESPONSE_TO_PROSTAGLANDIN,8.681903357199488e-9,2.0439681046663936e-6,0.7477396631498854,0.6849772578778528,2.4850112220667926,36,,GOBP_RESPONSE_TO_PROSTAGLANDIN,Response to prostaglandin,Prostaglandin signaling and response,PRKAA2;CCL19;ANKRD13C;PTGER4;CCL21;ADCY6;TNFSF4;PRKAA1;GNAQ;GNAI1;PTGDR2;YY1;EDN1;AKAP8;PTGDR;P2RY4;SFRP1;HMGCS2;GNRH1;SCN11A;PRKCE;PTGER2,C5,GO:BP,"Any process that results in a change in state or activity of a cell or an organism (in terms of movement, secretion, enzyme production, gene expression, etc.) as a result of a prostagladin stimulus. [GOC:BHF, GOC:vk]",GO:0034694,2026.1.Hs,36,pCR_high,global,Response to prostaglandin,GOBP_RESPONSE_TO_PROSTAGLANDIN,5.689525885482267,14.138535673662938,21,4,4,0,0,0,4,1,1,3.069491132539668e-4,"Prostaglandin
response",pCR_high,pCR_high
GOBP_VESICLE_ORGANIZATION,1.768899309429e-8,3.939386570187827e-6,0.7337619883564803,0.3454420989430175,1.8235039086080223,386,,GOBP_VESICLE_ORGANIZATION,Vesicle organization,Golgi–endosomal vesicle trafficking,RAB8A;VPS4B;TMF1;TRAPPC8;RAB27A;SYNJ1;BCL2;ZNRF2;CHMP1B;SEC24B;CIDEB;SEC24C;SEC16A;SNAP23;RAB14;TRAPPC10;SNX1;ANKFY1;DNM2;PI4K2B;MIA3;SEC24A;CHMP4BP1;SPINK2;SNX32;VPS37B;TRAPPC11;S100A10;PLN;AP3S2;SEC22B;VPS8;SEC24D;SYT13;PAFAH1B1;AP3M1;TRAPPC6B;PIK3C3;STAM2;HOOK1;SAR1B;USP8;CORO1A;GBF1;VAPA;DNAJC13;MYCBPAP;RUBCNL;YIPF5;SNAP29;LYST;RAB39A;SAMD9;WASHC4;SNX5;RAB11A;GOLPH3L;WASL;PPP6C;CLCN3;PRKCI;SCARB2;EXOC8;RILP;CHMP5;RAB4B;RAB5B;AP1G1;CFAP65;PLEKHM1;BLOC1S6;ANKRD27;RAB1A;ATP6V1A;CHMP2A;SAR1A;VPS37C;STX12;SURF4;VTI1A;EEA1;KNL1;SPG11;CHMP2B;ARFGAP3;OSBP;SNX33;KIF13A;GOLPH3;AP2M1;MICALL2;TMEM127;RAB20;SEC31A;YIPF4;TFG;PICALM;MX2;USO1;PHETA2;CLN3;RAB7A;HPS6;STX19;ERC2;VPS37A;ATP6V0A1;ABCA1;MFSD14A;AP3B1;PLEKHF2;SNX11;TMED10;ATP6V0B;TSG101;HPS1;SYP;CHMP3;ATP6V1D;STXBP6;SNX6;AKTIP;ZFYVE16;AQP1;VAMP4;PDCD6IP;FASLG;HPS5;STX17;VAMP2;SORT1;ANXA8L1;PIKFYVE;SYT8;ARL8B;STAM;VPS39;ATP6V0D1;EPS15;SEC31B;ATP6V1E1;VTI1B;SEC23B;SEC13;UBAP1;HOOK2;SNCA;TOM1;VPS33B;TMED2;KLHL12;CEP70,C5,GO:BP,"A process that is carried out at the cellular level which results in the assembly, arrangement of constituent parts, or disassembly of a vesicle. [GOC:mah]",GO:0016050,2026.1.Hs,386,pCR_high,global,Vesicle organization,GOBP_VESICLE_ORGANIZATION,5.4045713999824505,9.85525707221913,18,24,24,0,0,0,0,1,1,0.001449405039933608,G2/M checkpoint,pCR_high,pCR_high
GOBP_IMMUNE_RESPONSE_REGULATING_CELL_SURFACE_RECEPTOR_SIGNALING_PATHWAY,1.8792205050700007e-8,3.970455631224822e-6,0.7337619883564803,0.3467606739898591,1.8248893088874927,382,,GOBP_IMMUNE_RESPONSE_REGULATING_CELL_SURFACE_RECEPTOR_SIGNALING_PATHWAY,Immune response regulating cell surface receptor signaling pathway,Immune receptor and cytokine signaling,KLRC1;CD8A;SLA2;CHUK;KLRC4;YES1;BCL2;ITK;BANK1;ERMAP;CD3E;CD38;GCSAM;KLRK1;THEMIS;KLRD1;NFKB1;TESPA1;KIR3DL2;RC3H1;UBASH3A;MALT1;CD200R1;KLRC3;PTPN2;CD247;EP300;SH2D1A;CD28;SCIMP;PAK2;APPL2;FYB2;BRAF;ZNF683;PAK3;TRAT1;MAPK1;CLEC2D;PSEN1;PRKCD;PDE4D;LCK;F2RL1;TRGC2;HLA-G;CRKL;MAP2K4;RAP1A;PDCD1;BTNL3;CYLD;ZAP70;CR2;BCL10;TRBC2;DENND1B;FCRL3;CD3G;BLK;TRAF6;TXK;PVRIG;KIR2DL4;CYBA;KLHL6;TRAF3;PTPRJ;MS4A1;PLCL2;MYD88;FOXP1;NCKAP1L;LGALS3;LAX1;FCMR;BTN3A2;PJA2;PTPN22;BMX;CD19;BTNL9;KCNN4;UBR2;BTK;PLSCR1;GCSAML;CD22;RC3H2;SOS1;NCK1;EIF2B5;TRAC;HLA-A;BTN2A1;BTLA;TYROBP;SPG21;FCER2;TNIP2;RABGEF1;CD14;STAP1;TRBC1;FCER1A;PRKCE;MAP2K7;MIR200B;CLEC2B;PRKD2;EZR;LILRA4;CD3D;TNFRSF21;BTN3A1;CD36,C5,GO:BP,"The series of molecular signals initiated by an extracellular ligand binding to a receptor on the surface of the target cell capable of activating, perpetuating, or inhibiting an immune response. [GOC:add, ISBN:0781735149, PMID:15771571]",GO:0002768,2026.1.Hs,382,pCR_high,global,Immune response regulating cell surface receptor signaling pathway,GOBP_IMMUNE_RESPONSE_REGULATING_CELL_SURFACE_RECEPTOR_SIGNALING_PATHWAY,5.401159652740034,9.856518505879771,19,22,22,0,0,0,0,1,1,0.0018856701806126985,"T-cell / lymphocyte
activation",pCR_high,pCR_high
GOBP_VESICLE_CARGO_LOADING,2.1120531410106798e-8,4.244711678519025e-6,0.7337619883564803,0.672015220766771,2.4230540138589354,35,,GOBP_VESICLE_CARGO_LOADING,Vesicle cargo loading,Golgi–endosomal vesicle trafficking,SEC24B;CIDEB;SEC24C;MIA3;SEC24A;AP3S2;SEC24D;AP3M1;SAR1B;MIA2;RAB1A;SAR1A;SURF4;KIF13A;CTAGE8;SEC31A;PICALM;CTAGE6;CTAGE15;AP3B1;TMED10;CTAGE9;SEC31B;CTAGE4;SEC23B;SEC13;TMED2,C5,GO:BP,"The formation of a macromolecular complex between the coat proteins and proteins and/or lipoproteins that are going to be transported by a vesicle. [GOC:bf, GOC:lb]",GO:0035459,2026.1.Hs,35,pCR_high,global,Vesicle cargo loading,GOBP_VESICLE_CARGO_LOADING,5.372151803813612,13.017013991290092,18,24,24,0,0,0,0,1,1,0.001449405039933608,G2/M checkpoint,pCR_high,pCR_high
GOBP_PHOSPHOLIPID_BIOSYNTHETIC_PROCESS,4.83431264412977e-8,9.263892136657978e-6,0.7195128263389107,0.37592507650486134,1.894444592451977,247,,GOBP_PHOSPHOLIPID_BIOSYNTHETIC_PROCESS,Phospholipid biosynthetic process,Lipid/glycoprotein and metabolic remodeling,SLC44A2;MFSD2A;MTMR7;LPCAT4;SPHK2;SYNJ1;SACM1L;CHP1;ALOX15;PCYT1A;MPPE1;GPAT3;LIPH;PI4K2B;PIK3C2G;PIGN;PIK3CB;MTMR3;DGKA;DHDDS;ABHD3;PIK3C3;PI4KA;INPP1;SCP2;FAR1;SLC44A1;NR1H4;PIGB;VAPA;CDS1;PTEN;PIGG;PLD1;ITPKA;ABHD5;GPAT4;SGMS2;SPTLC1;PIK3CG;PDGFA;SLC44A4;HTR2A;SERINC1;PITPNM3;PIGK;CERT1;MTMR6;IP6K1;SGMS1;PIP4K2C;BMX;PIGS;PLSCR1;DGKI;GUSB;OSBP;DOLPP1;APOA1;MBOAT2;PITPNM1;HMGCS2;ACSL3;MTM1;MTMR4;PGAP4;IDI1;PIP5K1B;PGAP3;BPNT1;SH3GLB1;PMVK;CLN3;PIK3C2B;PIK3R3;SERAC1;INPP5K;IMPA1;IMPA2;MBOAT1;DGKH;SERINC4;SLC44A3;PIGZ;FITM1;PIK3R4;PIK3CA;HMGCR;HDHD5;PGAP1,C5,GO:BP,"The chemical reactions and pathways resulting in the formation of a phospholipid, a lipid containing phosphoric acid as a mono- or diester. [ISBN:0198506732]",GO:0008654,2026.1.Hs,247,pCR_high,global,Phospholipid biosynthetic process,GOBP_PHOSPHOLIPID_BIOSYNTHETIC_PROCESS,5.033206510258149,9.535130856052637,17,15,15,0,0,0,0,1,1,7.976595829862831e-4,"MYC-down
 signature",pCR_high,pCR_high
HALLMARK_PROTEIN_SECRETION,6.770334058742403e-8,1.2373112094968529e-5,0.7049757151672383,0.49714893408726624,2.2254865441506295,96,,HALLMARK_PROTEIN_SECRETION,Protein secretion,Golgi–endosomal vesicle trafficking,VPS4B;ADAM10;ARFIP1;LMAN1;SNAP23;RAB14;MON2;SEC22B;SEC24D;MAPK1;RAB5A;TMX1;TSPAN8;GBF1;GOLGA4;NAPA;CLCN3;SGMS1;AP1G1;ATP7A;EGFR;STX12;CD63;ARFGAP3;COG2;AP2M1;SEC31A;USO1;SH3GL2;COPE;ABCA1;AP3B1;COPB2;NAPG;ARCN1;ARF1;AP2B1;TMED10;TSG101;VAMP4;COPB1;TPD52;STAM;TOM1L1;TMED2;CLTC;IGF2R;STX7;BET1;RER1;YIPF6;VPS45;AP2S1;RPS6KA3;CLN5,H,,Genes involved in protein secretion pathway.,,2026.1.Hs,96,pCR_high,global,Protein secretion,HALLMARK_PROTEIN_SECRETION,4.90752105253868,10.921622067560767,18,24,24,0,0,0,0,1,1,0.001449405039933608,G2/M checkpoint,pCR_high,pCR_high
GOBP_ENDOPLASMIC_RETICULUM_TO_GOLGI_VESICLE_MEDIATED_TRANSPORT,8.104373717088844e-8,1.4208519027406825e-5,0.7049757151672383,0.4451042090625273,2.102194177474143,136,,GOBP_ENDOPLASMIC_RETICULUM_TO_GOLGI_VESICLE_MEDIATED_TRANSPORT,Endoplasmic reticulum to golgi vesicle mediated transport,Golgi–endosomal vesicle trafficking,TRAPPC8;LMAN1;SEC24B;CIDEB;SEC24C;SEC16A;MPPE1;TMED6;TRAPPC10;WHAMM;MIA3;SEC24A;IER3IP1;TRAPPC11;TMED5;SEC22B;SEC24D;TRAPPC6B;SAR1B;RABGGTA;GBF1;VAPA;YIPF5;MIA2;PPP6C;RAB43;RAB1B;ARF4;RAB1A;GOLGA2;SAR1A;ERGIC1;TMED3;SURF4;SORL1;VTI1A;COPG1;STX18;SEC23IP;TRIP11;CTAGE8;SEC31A;YIPF4;TFG;USO1;CTAGE6;GOPC;COPE;CTAGE15;ATL3;COPB2;ARCN1;TMED10;SCFD1;CTAGE9;PGAP1;COPB1;COG3;STX17;BCAP29;SEC31B;CTAGE4;SEC23B;SEC13;TMED2;CRYZL2P-SEC16B;KLHL12;CSNK1D;PEF1,C5,GO:BP,"The directed movement of substances from the endoplasmic reticulum (ER) to the Golgi, mediated by COP II vesicles. Small COP II coated vesicles form from the ER and then fuse directly with the cis-Golgi. Larger structures are transported along microtubules to the cis-Golgi. [GOC:ascb_2009, GOC:dph, GOC:jp, GOC:tb, ISBN:0716731363]",GO:0006888,2026.1.Hs,136,pCR_high,global,Endoplasmic reticulum to golgi vesicle mediated transport,GOBP_ENDOPLASMIC_RETICULUM_TO_GOLGI_VESICLE_MEDIATED_TRANSPORT,4.847451186797622,10.190283660476085,18,24,24,0,0,0,0,1,1,0.001449405039933608,G2/M checkpoint,pCR_high,pCR_high
GOBP_POST_GOLGI_VESICLE_MEDIATED_TRANSPORT,1.2301471210035406e-7,2.0686555667488112e-5,0.6901324587967956,0.4619581953349653,2.1369824087646387,118,,GOBP_POST_GOLGI_VESICLE_MEDIATED_TRANSPORT,Post golgi vesicle mediated transport,Golgi–endosomal vesicle trafficking,SCAMP2;SEC16A;SNAP23;RAB14;MON2;ANKFY1;DNM2;STXBP5;AP3S2;AP3M1;CNST;GBF1;GOLGA4;EXOC6;BLZF1;KIF16B;RSC1A1;AMN;ATP2C1;RAB11A;GAK;ANXA13;GOLPH3L;EXOC8;DOP1B;GGA1;AP2A1;AP1G1;AP1AR;RP2;SORL1;VTI1A;GOLGA7;ACSL3;KIF13A;GOLPH3;AP2M1;VPS13A;EXOC5;RABIF;CLN3;WIPI1;GOPC;EXOC1;SCFD1;ARMH3;NSF;VAMP4;CSK;ANK3;CCDC93;VAMP2;SORT1;EPS15;OPTN;KLHL20;RABEP1;VTI1B,C5,GO:BP,"The directed movement of substances from the Golgi to other parts of the cell, including organelles and the plasma membrane, mediated by small transport vesicles. [GOC:ai, GOC:mah]",GO:0006892,2026.1.Hs,118,pCR_high,global,Post golgi vesicle mediated transport,GOBP_POST_GOLGI_VESICLE_MEDIATED_TRANSPORT,4.68431181378702,10.01029194323124,18,24,24,0,0,0,0,1,1,0.001449405039933608,G2/M checkpoint,pCR_high,pCR_high
GOBP_GLYCEROLIPID_METABOLIC_PROCESS,1.793009317002254e-7,2.9297546644629472e-5,0.6901324587967956,0.3375798897319091,1.7725566759020372,369,,GOBP_GLYCEROLIPID_METABOLIC_PROCESS,Glycerolipid metabolic process,Lipid/glycoprotein and metabolic remodeling,SLC44A2;MFSD2A;MTMR7;LPCAT4;ENPP6;SYNJ1;SACM1L;CIDEB;ALOX15;NR1H2;PCYT1A;MPPE1;GPAT3;PLA2G10;NAAA;LIPH;GAL3ST1;PI4K2B;PIK3C2G;PIGN;PIK3CB;PRDX6;MTMR3;PLA2G2A;DGKA;MOGAT2;GK5;PAFAH1B1;ABHD3;PIK3C3;PAK4;PI4KA;INPP1;SCP2;FAR1;SLC44A1;NR1H4;TMX1;PIGB;APOBR;CDS1;PTEN;SIRT1;PIGG;PLD1;PLCE1;ITPKA;PCK1;ABHD5;GPAT4;ABHD12B;LPIN2;CPT1A;PIK3CG;PDGFA;FBXW7;SLC44A4;INPP5B;ABHD2;HTR2A;GDPD3;SERINC1;PLCL2;PITPNM3;FABP2;PIGK;MTMR6;FABP4;MGLL;IP6K1;PIP4K2C;KAT5;BMX;SREBF1;NAPEPLD;PIGS;PLSCR1;PLCB2;DGKI;LDLR;SEL1L;SORL1;GUSB;TNXB;GDE1;APOA1;MBOAT2;IPMK;PITPNM1;ABCA3;PLA2G7;ACSL3;PNPLA8;MTM1;MTMR4;PGAP4;PNPLA2;PIP5K1B;PGAP3;BPNT1;SH3GLB1;INPP5A;CLN3;PIK3C2B;PIK3R3;CNEP1R1;SERAC1;PNPLA7;INPP5K;IMPA1,C5,GO:BP,"The chemical reactions and pathways involving glycerolipids, any lipid with a glycerol backbone. Diacylglycerol and phosphatidate are key lipid intermediates of glycerolipid biosynthesis. [GOC:ai, PMID:8906569]",GO:0046486,2026.1.Hs,369,pCR_high,global,Glycerolipid metabolic process,GOBP_GLYCEROLIPID_METABOLIC_PROCESS,4.533168745629151,8.035298523055417,17,15,15,0,0,0,0,1,1,7.976595829862831e-4,"MYC-down
 signature",pCR_high,pCR_high
GOBP_REGULATION_OF_INNATE_IMMUNE_RESPONSE,2.0995805646247835e-7,3.089382830805038e-5,0.6901324587967956,0.31308959717398244,1.6871917093606306,470,,GOBP_REGULATION_OF_INNATE_IMMUNE_RESPONSE,Regulation of innate immune response,Immune receptor and cytokine signaling,KLRC1;PLSCR2;CHUK;KLRC4;CTSS;SLC15A2;RASGRP1;CRK;PYHIN1;UBE2K;RBM47;LRRC19;TRAF3IP3;KLRK1;RNF125;NR1H2;TIGIT;EPG5;LRCH4;KLRD1;IRF2;TLR10;KLRC3;CD96;PTPN2;LSM14A;EP300;GFI1;NLRC3;CCL5;ANKRD17;SMPDL3A;SH2D1A;ZDHHC3;SCIMP;OTUD4;PAK2;USP38;APPL2;CLNK;PAK3;PIK3C3;USP15;RIOK3;IRF4;GPR108;F2RL1;TRIM41;NR1H4;HLA-G;CYLD;NAIP;TNIP1;HMGB2;TRIM25;PIK3R6;BCL10;FCRL3;SLAMF6;RALB;SMPDL3B;TRAF6;TXK;WASHC4;CPT1A;PPP6C;EIF4E2;ABHD17A;KIR2DL4;LGR4;HLA-E;CYBA;TRAF3;MARCHF5;MYD88;B2M;PVR;CDC37;NFE2L2;ZC3HAV1;PJA2;PTPN22;KAT5;KCNK6;AP1G1;BTK;PLSCR1;ERBIN;CSNK1A1;ZDHHC5;CASP6;DTX4;TLR7;IRF1;STAT5A;HLA-A;INAVA;TYROBP;TNIP2;CEP63;CD300LF;CD14;RSAD2;STAT2;HLA-C;TRIM21;PRKCE;MAPKAPK2;RNF34;MIR200B;RNF185;IRF7;CRTAM;XIAP;PRKD1;ENPP3;LILRA4;SFPQ;POLR3F;PIM1;SIN3A;AP3B1;DDX60;CD36;TRIM3;TICAM1;DDX39A;SLC15A3;BIRC2;MUL1;UNC93B1;PARP14;NCR1;OASL;RTN4;AKT1;HMGB1;CREBBP;NEK7;CD160;NLRC5;PSPC1;NAGLU;HCFC2;DAB2IP;ZNFX1;TRIM56;CD1D;IFIH1;RELA;MAPK8;TIFA;SEC14L1;IL12B;USP18;ALPK1;MIR4691;HLA-B;ZDHHC12;PTPN1;ECSIT;LATS1;GRN;DHX58;ADAR;GPS2;SERPINB4;PPP2CA;CACTIN;LYAR;KCNK13;TLR3;PARP9;MAVS;KLRC2;HEXIM1;TREX1;DCST1;APPL1;COLEC10;PUM2;TTLL12;SLAMF8;TRAFD1;HSPA1B;YTHDF3;HLA-F;IL18RAP;PLCG2;TIRAP;RNF144A;GRB2;IFI16;CPTP;LY96;GRAMD4,C5,GO:BP,"Any process that modulates the frequency, rate or extent of the innate immune response, the organism's first line of defense against infection. [GOC:ebc]",GO:0045088,2026.1.Hs,470,pCR_high,global,Regulation of innate immune response,GOBP_REGULATION_OF_INNATE_IMMUNE_RESPONSE,4.510128271366953,7.609451027603315,19,22,22,0,0,0,0,1,1,0.0018856701806126985,"T-cell / lymphocyte
activation",pCR_high,pCR_high
GOBP_T_CELL_RECEPTOR_SIGNALING_PATHWAY,2.5250487043949295e-7,3.5265086990193595e-5,0.674962860011025,0.42515871697282726,2.043413339235154,156,,GOBP_T_CELL_RECEPTOR_SIGNALING_PATHWAY,T cell receptor signaling pathway,Immune receptor and cytokine signaling,CD8A;SLA2;ITK;ERMAP;CD3E;THEMIS;TESPA1;RC3H1;UBASH3A;MALT1;PTPN2;CD247;SH2D1A;CD28;FYB2;BRAF;ZNF683;TRAT1;MAPK1;CLEC2D;PSEN1;PDE4D;LCK;TRGC2;CRKL;PDCD1;BTNL3;CYLD;ZAP70;BCL10;TRBC2;DENND1B;CD3G;TRAF6;TXK;PVRIG;PTPRJ;LGALS3;BTN3A2;PTPN22;BTNL9;KCNN4;UBR2;BTK;RC3H2;NCK1;EIF2B5;TRAC;HLA-A;BTN2A1;TRBC1;CLEC2B;PRKD2;EZR;CD3D;TNFRSF21;BTN3A1,C5,GO:BP,The series of molecular signals initiated by the cross-linking of an antigen receptor on a T cell. [GOC:add],GO:0050852,2026.1.Hs,156,pCR_high,global,T cell receptor signaling pathway,GOBP_T_CELL_RECEPTOR_SIGNALING_PATHWAY,4.452655040521649,9.098614704814583,19,22,22,0,0,0,0,1,1,0.0018856701806126985,"T-cell / lymphocyte
activation",pCR_high,pCR_high
GOBP_GLYCEROLIPID_BIOSYNTHETIC_PROCESS,2.7110390856966717e-7,3.7231603443567627e-5,0.674962860011025,0.3681924322341984,1.8403218769933123,233,,GOBP_GLYCEROLIPID_BIOSYNTHETIC_PROCESS,Glycerolipid biosynthetic process,Lipid/glycoprotein and metabolic remodeling,SLC44A2;MFSD2A;MTMR7;LPCAT4;SYNJ1;SACM1L;ALOX15;NR1H2;PCYT1A;MPPE1;GPAT3;LIPH;PI4K2B;PIK3C2G;PIGN;PIK3CB;MTMR3;DGKA;MOGAT2;ABHD3;PIK3C3;PI4KA;INPP1;SCP2;FAR1;SLC44A1;NR1H4;TMX1;PIGB;CDS1;PTEN;SIRT1;PIGG;PLD1;PLCE1;ITPKA;PCK1;ABHD5;GPAT4;LPIN2;PIK3CG;PDGFA;FBXW7;SLC44A4;HTR2A;PITPNM3;FABP2;PIGK;MTMR6;IP6K1;PIP4K2C;KAT5;BMX;SREBF1;PIGS;PLSCR1;DGKI;LDLR;GUSB;APOA1;PITPNM1;ACSL3;MTM1;MTMR4;PGAP4;PNPLA2;PIP5K1B;PGAP3;BPNT1;SH3GLB1;CLN3;PIK3C2B;PIK3R3;CNEP1R1;INPP5K;IMPA1;IMPA2;DGKH;SLC44A3;PIGZ;PIK3R4;PIK3CA;HDHD5;PGAP1,C5,GO:BP,"The chemical reactions and pathways resulting in the formation of glycerolipids, any lipid with a glycerol backbone. [GOC:ai]",GO:0045017,2026.1.Hs,233,pCR_high,global,Glycerolipid biosynthetic process,GOBP_GLYCEROLIPID_BIOSYNTHETIC_PROCESS,4.429088259733847,8.150948019522437,17,15,15,0,0,0,0,1,1,7.976595829862831e-4,"MYC-down
 signature",pCR_high,pCR_high
GOBP_LEUKOCYTE_MEDIATED_IMMUNITY,3.252340763395031e-7,4.375287027996352e-5,0.674962860011025,0.311788370160344,1.6756519555739604,450,,GOBP_LEUKOCYTE_MEDIATED_IMMUNITY,Leukocyte mediated immunity,Immune receptor and cytokine signaling,KLRC1;CD8A;SLA2;KLRC4;RASGRP1;CRK;RAB27A;WDR1;CHGA;SPHK2;C7;SCNN1B;KLRK1;RNF19B;PCYT1A;TIGIT;SNAP23;KLRD1;CAMK4;IL18;MALT1;TRPM4;STXBP3;RAB44;IL2RB;TNFSF4;FBXO38;KLRC3;CD1C;LIG4;CD96;IL6R;GZMM;PIK3CB;SH2D1A;CD28;PRKAA1;KMT5B;SCIMP;SASH3;CLNK;GNAQ;CEBPG;GNAI1;PIK3C3;PRKCD;KMT2E;CORO1A;F2RL1;IGHV3-33;HLA-G;STXBP2;IL12RB1;CD2;PDCD1;IGHV3-66;CR2;PIK3R6;SPN;LYST;BCL10;DENND1B;TRAF3IP2;SLAMF6;TRAF6;ZBTB1;IGHV3-30;SHLD2;DAO;PIK3CG;TNFSF13;IL23R;CLC;KIR2DL4;IL18R1;HLA-E;IL9R;PTGDR;IL2RG;MYD88;BCR;NCKAP1L;B2M;FCMR;PVR;IGHV7-4-1;BTN3A2;CD19;HCST;CD1E;NBN;AP1G1;FZD5;BTK;ANXA3;RNF168;MLH1;NDST2;HLA-H;STAT5A;IGHV2-70D;ADORA2B;NSD2;HLA-A;BTLA;TYROBP;FCER2;RABGEF1;STAP1;RSAD2;TAC1;SCN11A;HLA-C;CD27;FCER1A;TFRC;BCL3;IRF7;IGHV3-49;CRTAM;TCIRG1;CD84;CD7;SLC18A2;IGHV1-3;TUBB4B;IGHV1-24;IGHV3-72;CD55;JAGN1;TICAM1;IGHV2-5;IL21R;C4BPA;C4BPB;CBL;NCR1;C6;HMGB1;SNX6;TNFRSF14;DDX21;SNX4;C8G;CLU,C5,GO:BP,"Any process involved in the carrying out of an immune response by a leukocyte. [GO_REF:0000022, GOC:add, ISBN:0781735149]",GO:0002443,2026.1.Hs,450,pCR_high,global,Leukocyte mediated immunity,GOBP_LEUKOCYTE_MEDIATED_IMMUNITY,4.358993451079137,7.304155900634842,19,22,22,0,0,0,0,1,1,0.0018856701806126985,"T-cell / lymphocyte
activation",pCR_high,pCR_high
GOBP_GLYCOPROTEIN_BIOSYNTHETIC_PROCESS,3.6183565230630614e-7,4.519438419815055e-5,0.674962860011025,0.3507624890228781,1.7975039855882826,295,,GOBP_GLYCOPROTEIN_BIOSYNTHETIC_PROCESS,Glycoprotein biosynthetic process,Lipid/glycoprotein and metabolic remodeling,GAL3ST2;CCL19;B3GNT7;HS3ST6;SLC35D1;GALNT5;ITM2A;SOAT1;ENTPD5;ST6GAL1;BCL2;SLC39A8;MAN2A2;B3GNT5;CHP1;MPDU1;B3GALT5;CCL21;TMEM59;GAL3ST1;CHST5;SLC35A1;B3GNT3;ITM2C;OGA;GANC;TRAK1;TMEM106A;GALNT1;BMPR1B;DHDDS;GALNT7;ANGPT1;MGAT4A;CANT1;PSEN1;SLC10A7;MGAT2;GNPTAB;B3GLCT;TNIP1;MGAT1;ITM2B;SERP1;MESD;B4GALNT2;UBE2J1;ALG6;ST6GALNAC1;POFUT2;GALNT12;ST3GAL4;MAN2A1;FUT5;ALG14;FUT6;B4GALT1;TET2;ALG11;TET3;ATP7A;GCNT3;TUSC3;GOLGA2;B4GALT4;GCNT2;NDST2;GMPPB;C1GALT1C1;FUT3;DOLPP1;CHSY1;CHST6;TRIP11;GOLPH3;COG7;STT3A;B3GALT2;CHST2;GFPT1;MAN1A2;FUT11;SLC2A10;NCSTN;TMEM165;UST;OSTC;B3GNT6;FKRP;POMK;FUT2;GALNT3;UGDH;RPN1;ST3GAL3;ALG9;COG3;HS3ST1;GAL3ST4;GALNTL6;FUT4;B3GNT4,C5,GO:BP,"The chemical reactions and pathways resulting in the formation of glycoproteins, a protein that contains covalently bound glycose (i.e. monosaccharide) residues; the glycose occurs most commonly as oligosaccharide or fairly small polysaccharide but occasionally as monosaccharide. [PMID:35536965]",GO:0009101,2026.1.Hs,295,pCR_high,global,Glycoprotein biosynthetic process,GOBP_GLYCOPROTEIN_BIOSYNTHETIC_PROCESS,4.344915526765534,7.8100029764054595,20,9,9,0,0,0,0,1,1,0.0010912894735718502,"Mucus/goblet-cell
program",pCR_high,pCR_high
GOBP_GOLGI_ORGANIZATION,6.45619597364356e-7,7.492824622932808e-5,0.6594443980379349,0.4294016377413587,2.049721578920662,146,,GOBP_GOLGI_ORGANIZATION,Golgi organization,Golgi–endosomal vesicle trafficking,RAB8A;AKAP9;TRAPPC8;LMAN1;TMED6;PI4K2B;ATP8B1;TRAPPC11;TMED5;MAPK1;HOOK1;GBF1;GOLGB1;BLZF1;PDCD10;YIPF5;GAK;GOLPH3L;PTK2B;PDE4DIP;MAP2K1;RAB43;LYSMD3;RAB1B;CSNK1A1;RAB1A;GOLGA2;TMED3;SURF4;FHDC1;VTI1A;ATP8B4;UBXN2B;STX18;SEC23IP;COG2;TRIP11;GOLPH3;COG7;YIPF4;ARL1;USO1;PRKD1;DYM;FBXW8;TMED10;GOLGA8N;ARMH3;CLASP2;VAMP4;COG3;STX17;NAGLU;GORASP2;OPTN;GOLGA5;CAMSAP3;ARHGAP21;BAG5;VTI1B;SYNE1;TMED2;COG5;CSNK1D;RAB33B;GOLGA8T;CDK1;GOLGA6B;BET1;TMED7;PLK1;GOLGA6C;GORASP1;MYO18A;RBSN;GCC2;VCPIP1;GOLGA8Q;STX5,C5,GO:BP,"A process that is carried out at the cellular level which results in the assembly, arrangement of constituent parts, or disassembly of the Golgi apparatus. [GOC:dph, GOC:jl, GOC:mah]",GO:0007030,2026.1.Hs,146,pCR_high,global,Golgi organization,GOBP_GOLGI_ORGANIZATION,4.125354432380398,8.4558280007461,18,24,24,0,0,0,0,1,1,0.001449405039933608,G2/M checkpoint,pCR_high,pCR_high
REACTOME_TRANSPORT_TO_THE_GOLGI_AND_SUBSEQUENT_MODIFICATION,7.216998951219594e-7,8.14631114493828e-5,0.6594443980379349,0.40128063679790194,1.9498022018472916,172,,REACTOME_TRANSPORT_TO_THE_GOLGI_AND_SUBSEQUENT_MODIFICATION,Transport to the golgi and subsequent modification,Golgi–endosomal vesicle trafficking,ST6GAL1;LMAN1;MAN2A2;SEC24B;SEC24C;B4GALT6;SEC16A;TRAPPC10;MIA3;PPP6R1;SEC24A;SEC22B;SEC24D;TRAPPC6B;MGAT4A;FUCA1;SAR1B;GBF1;GOLGB1;MGAT2;KDELR3;MGAT1;MIA2;CAPZA1;NAPA;PPP6C;ST3GAL4;MAN2A1;B4GALT1;RAB1B;ARF4;CNIH1;RAB1A;GOLGA2;B4GALT4;TMED3;FUT3;COPG1;SPTB;ARFGAP3;PPP6R3;SEC23IP;COG2;COG7;SEC31A;TFG;MAN1A2;F5;USO1;DYNC1I2;COPE;TUBB4B;ACTR10;CD55;COPB2;NAPG;ARCN1;ARF1;TMED10;SCFD1;TUBA1C;DYNC1LI2;NSF;DCTN5;KDELR1;KDELR2;COPB1;COG3;ANK3;STX17;COPZ2;TUBAL3;TUBA1B;TUBA8;SEC31B;ANKRD28;SEC13;TMED2;COG5;MGAT3;DCTN4;CSNK1D;DCTN3;CD59;F8;BET1;TMED7,C2,CP:REACTOME,Transport to the Golgi and subsequent modification,R-HSA-948021,2026.1.Hs,172,pCR_high,global,Transport to the golgi and subsequent modification,REACTOME_TRANSPORT_TO_THE_GOLGI_AND_SUBSEQUENT_MODIFICATION,4.089039006237605,7.972817257801543,18,24,24,0,0,0,0,1,1,0.001449405039933608,G2/M checkpoint,pCR_high,pCR_high
GOBP_GLYCEROPHOSPHOLIPID_METABOLIC_PROCESS,7.382605952139809e-7,8.220631492652977e-5,0.6594443980379349,0.341551396830534,1.7453848911165606,286,,GOBP_GLYCEROPHOSPHOLIPID_METABOLIC_PROCESS,Glycerophospholipid metabolic process,Lipid/glycoprotein and metabolic remodeling,SLC44A2;MFSD2A;MTMR7;LPCAT4;ENPP6;SYNJ1;SACM1L;ALOX15;NR1H2;PCYT1A;MPPE1;GPAT3;PLA2G10;NAAA;LIPH;PI4K2B;PIK3C2G;PIGN;PIK3CB;PRDX6;MTMR3;PLA2G2A;DGKA;PAFAH1B1;ABHD3;PIK3C3;PI4KA;INPP1;FAR1;SLC44A1;NR1H4;PIGB;CDS1;PTEN;PIGG;PLD1;PLCE1;ITPKA;ABHD5;GPAT4;ABHD12B;PIK3CG;PDGFA;SLC44A4;INPP5B;HTR2A;GDPD3;SERINC1;PLCL2;PITPNM3;PIGK;MTMR6;IP6K1;PIP4K2C;BMX;NAPEPLD;PIGS;PLSCR1;PLCB2;DGKI;LDLR;GUSB;GDE1;APOA1;MBOAT2;IPMK;PITPNM1;ABCA3;PLA2G7;ACSL3;PNPLA8;MTM1;MTMR4;PGAP4;PIP5K1B;PGAP3;BPNT1;SH3GLB1;INPP5A;CLN3;PIK3C2B;PIK3R3;SERAC1;PNPLA7;INPP5K;IMPA1;PLCB3;IMPA2;MBOAT1;DGKH;SLC44A3;PIGZ;PIK3R4;PIK3CA;HDHD5;PGAP1,C5,GO:BP,"The chemical reactions and pathways involving glycerophospholipids, any derivative of glycerophosphate that contains at least one O-acyl, O-alkyl, or O-alkenyl group attached to the glycerol residue. [ISBN:0198506732]",GO:0006650,2026.1.Hs,286,pCR_high,global,Glycerophospholipid metabolic process,GOBP_GLYCEROPHOSPHOLIPID_METABOLIC_PROCESS,4.0850948195353185,7.130062776795477,17,15,15,0,0,0,0,1,1,7.976595829862831e-4,"MYC-down
 signature",pCR_high,pCR_high
GOBP_MEMBRANE_LIPID_METABOLIC_PROCESS,2.5968004725059966e-6,2.4880971969127224e-4,0.6272567397185284,0.37229179371424,1.8397360111611405,206,,GOBP_MEMBRANE_LIPID_METABOLIC_PROCESS,Membrane lipid metabolic process,Lipid/glycoprotein and metabolic remodeling,GAL3ST2;MFSD8;SPHK2;B3GNT5;ST6GALNAC6;B4GALT6;MPPE1;SLC35C1;SMPD3;NAAA;PPM1L;GAL3ST1;NEU4;HACD2;PIGN;SMPDL3A;PRKAA1;ELOVL6;FUCA1;PRKCD;P2RX1;PIGB;VAPA;PIGG;ASAH2;GBA2;SMPDL3B;SGPP1;SGMS2;B3GALT4;SPTLC1;SCARB2;SPTLC3;SERINC1;ST3GAL4;FUT5;PIGK;GBA3;CERT1;FUT6;SGMS1;PIGS;KDSR;B4GALT4;FUT3;ASAH1;OSBP;SPTSSB;B3GALT1;ST6GALNAC5;PGAP4;B3GALT2;PGAP3;PRKD2;CLN8;ELOVL1;PRKD1;SGPL1;FUT2;ITGB8;SMPD1;ST3GAL3;PIGZ;GLB1;NAGA;PGAP1;GAL3ST4;ASAH2B;FUT4;SGPP2;NAGLU;ALDH3B1;UGCG;CLN6;HEXB;HEXA,C5,GO:BP,"The chemical reactions and pathways involving membrane lipids, any lipid found in or associated with a biological membrane. [GOC:ai]",GO:0006643,2026.1.Hs,206,pCR_high,global,Membrane lipid metabolic process,GOBP_MEMBRANE_LIPID_METABOLIC_PROCESS,3.6041326580413715,6.630652640000632,20,9,9,0,0,0,0,1,1,0.0010912894735718502,"Mucus/goblet-cell
program",pCR_high,pCR_high
GOBP_RESPONSE_TO_PROSTAGLANDIN_E,2.952872439491381e-6,2.733895382180784e-4,0.6272567397185284,0.6761307015400632,2.272991278389463,27,,GOBP_RESPONSE_TO_PROSTAGLANDIN_E,Response to prostaglandin e,Prostaglandin signaling and response,PRKAA2;CCL19;PTGER4;CCL21;ADCY6;TNFSF4;PRKAA1;GNAQ;GNAI1;AKAP8;P2RY4;SFRP1;GNRH1;SCN11A;PRKCE;PTGER2;AKT1,C5,GO:BP,"Any process that results in a change in state or activity of a cell or an organism (in terms of movement, secretion, enzyme production, gene expression, etc.) as a result of a prostagladin E stimulus. [GOC:BHF, GOC:vk]",GO:0034695,2026.1.Hs,27,pCR_high,global,Response to prostaglandin e,GOBP_RESPONSE_TO_PROSTAGLANDIN_E,3.56321810857248,8.099163683784644,21,4,4,0,0,0,4,1,1,3.069491132539668e-4,"Prostaglandin
response",pCR_high,pCR_high
GOBP_T_CELL_DIFFERENTIATION,3.1166716014832123e-6,2.8534859995801853e-4,0.6272567397185284,0.32455242931076744,1.6823702089036079,328,,GOBP_T_CELL_DIFFERENTIATION,T cell differentiation,Immune receptor and cytokine signaling,KLRC1;CLPTM1;CD8A;SPINK5;CCL19;RASGRP1;IKZF3;BCL2;ITK;PTGER4;CD3E;THEMIS;CAMK4;RABL3;TESPA1;RC3H1;IL18;MALT1;TNFSF4;LIG4;PTPN2;ZBTB7B;EP300;IL15;IL6R;CD28;SH3RF1;BRAF;ENTPD7;ZNF683;SASH3;METTL14;IRF4;LCK;HLA-G;YY1;IL12RB1;CD2;BTNL3;CYLD;ZAP70;PIK3R6;PCK1;SPN;TRAF3IP2;SLAMF6;CD3G;PBRM1;RHOA;ZBTB1;IL23R;IL18R1;ZEB1;SOS2;LY9;WNT4;IL2RG;FOXP1;GPR18;NCKAP1L;ZBTB16;B2M;NFE2L2;PTPN22;KAT5;ARID1A;FZD5;ATP7A;VNN1;BRD4;IRF1;EOMES;STAT5A;RC3H2;SOS1;TSC1;RORC;JAK1;FGL2;RSAD2;NHEJ1;CD27;IHH;CRACR2A;BCL3;CRTAM;TCIRG1;MYB;PIK3R3;PRDM1;NRARP;ARID2;CCR9;USP44;CD3D;ZMIZ1;GLI3;AP3B1;STAT3,C5,GO:BP,"The process in which a precursor cell type acquires characteristics of a more mature T-cell. A T cell is a type of lymphocyte whose definin characteristic is the expression of a T cell receptor complex. [GO_REF:0000022, GOC:jid, GOC:mah]",GO:0030217,2026.1.Hs,328,pCR_high,global,T cell differentiation,GOBP_T_CELL_DIFFERENTIATION,3.544624253943825,5.963370246592268,19,22,22,0,0,0,0,1,1,0.0018856701806126985,"T-cell / lymphocyte
activation",pCR_high,pCR_high
GOBP_CELLULAR_RESPONSE_TO_PROSTAGLANDIN_STIMULUS,4.008415383994654e-6,3.405086882898551e-4,0.610526878385931,0.6668356079034002,2.2264731496494474,26,,GOBP_CELLULAR_RESPONSE_TO_PROSTAGLANDIN_STIMULUS,Cellular response to prostaglandin stimulus,Prostaglandin signaling and response,PRKAA2;CCL19;ANKRD13C;PTGER4;CCL21;ADCY6;TNFSF4;PRKAA1;PTGDR2;AKAP8;PTGDR;P2RY4;SFRP1;PRKCE;PTGER2;AKT1,C5,GO:BP,"Any process that results in a change in state or activity of a cell (in terms of movement, secretion, enzyme production, gene expression, etc.) as a result of a prostagladin stimulus. [GOC:mah]",GO:0071379,2026.1.Hs,26,pCR_high,global,Cellular response to prostaglandin stimulus,GOBP_CELLULAR_RESPONSE_TO_PROSTAGLANDIN_STIMULUS,3.467871802317416,7.721123454286164,21,4,4,0,0,0,4,1,1,3.069491132539668e-4,"Prostaglandin
response",pCR_high,pCR_high
GOBP_LYMPHOCYTE_DIFFERENTIATION,4.525713571570162e-6,3.6711282613452023e-4,0.610526878385931,0.29975947059951064,1.6062772808259058,434,,GOBP_LYMPHOCYTE_DIFFERENTIATION,Lymphocyte differentiation,Immune receptor and cytokine signaling,KLRC1;CLPTM1;CD8A;SPINK5;CCL19;RASGRP1;ITM2A;IKZF3;BCL2;ITK;PTGER4;CD3E;SPIB;THEMIS;CAMK4;RABL3;TESPA1;RC3H1;IL18;MALT1;TNFSF4;LIG4;PTPN2;ZBTB7B;EP300;IL15;IL6R;CD28;SH3RF1;ZBTB7A;BRAF;ENTPD7;ZNF683;SASH3;METTL14;CEBPG;IRF4;DOCK10;LCK;KLF6;HLA-G;YY1;IL12RB1;CD2;BTNL3;CYLD;ZAP70;CR2;PIK3R6;PCK1;SPN;TRAF3IP2;FCRL3;SLAMF6;CD3G;PBRM1;RHOA;PAX5;ZBTB1;IL23R;GAS6;IL18R1;PTK2B;ZEB1;SOS2;LY9;WNT4;PTPRJ;IL2RG;MS4A1;PLCL2;FOXP1;GPR18;NCKAP1L;ZBTB16;B2M;NFE2L2;PTPN22;KAT5;ARID1A;CD19;FZD5;BTK;ATP7A;VNN1;SFRP1;LRRC8A;BRD4;IRF1;EOMES;STAT5A;SLC39A7;RC3H2;SOS1;TSC1;RORC;JAK1;FGL2;RSAD2;NHEJ1;CD27;IHH;CRACR2A;BCL3;CRTAM;TCIRG1;MYB;RNF41;PIK3R3;PRDM1;NRARP;ARID2;CCR9;USP44;CD3D;ZMIZ1;MFNG;GLI3;AP3B1;STAT3;RBPJ;LGALS8;RELB;NOTCH2;LEPR;HMGB1;ID2;PPP2R3C;HDAC9;KDELR1;HLA-DRB1;OPA1;NTRK1;SP3;TPD52;IL6ST,C5,GO:BP,"The process in which a relatively unspecialized precursor cell acquires specialized features of a lymphocyte. A lymphocyte is a leukocyte commonly found in the blood and lymph that has the characteristics of a large nucleus, a neutral staining cytoplasm, and prominent heterochromatin. [CL:0000542, GOC:go_curators]",GO:0030098,2026.1.Hs,434,pCR_high,global,Lymphocyte differentiation,GOBP_LYMPHOCYTE_DIFFERENTIATION,3.435200441913508,5.51788442492878,19,22,22,0,0,0,0,1,1,0.0018856701806126985,"T-cell / lymphocyte
activation",pCR_high,pCR_high
KEGG_T_CELL_RECEPTOR_SIGNALING_PATHWAY,7.2676449876998994e-6,5.444126790786106e-4,0.610526878385931,0.44772806775087864,2.023678807588266,104,,KEGG_T_CELL_RECEPTOR_SIGNALING_PATHWAY,T cell receptor signaling pathway,Immune receptor and cytokine signaling,AKT3;CD8A;CHUK;RASGRP1;NRAS;ITK;CHP1;CD3E;RAF1;NFKB1;MALT1;CD247;PIK3CB;CD28;PAK2;PPP3CA;PAK3;MAPK1;PAK4;LCK;KRAS;PDCD1;AKT2;ZAP70;BCL10;GRAP2;CD3G;RHOA;PIK3CG;SOS2;MAP2K1;CHP2;SOS1;NCK1;MAP2K7;PIK3R3;CD3D;NFATC1;CBL;GSK3B;AKT1;PIK3CA;DLG1,C2,CP:KEGG_LEGACY,T cell receptor signaling pathway,hsa04660,2026.1.Hs,104,pCR_high,global,T cell receptor signaling pathway,KEGG_T_CELL_RECEPTOR_SIGNALING_PATHWAY,3.264071768865921,6.605432865101109,19,22,22,0,0,0,0,1,1,0.0018856701806126985,"T-cell / lymphocyte
activation",pCR_high,pCR_high
REACTOME_PI_METABOLISM,8.461676405646694e-6,6.170284387834403e-4,0.5933254763964051,0.47150250771587143,2.0386733066100886,83,,REACTOME_PI_METABOLISM,Pi metabolism,Lipid/glycoprotein and metabolic remodeling,MTMR7;ENPP6;SYNJ1;SACM1L;MTMR10;RAB14;PI4K2B;PIK3C2G;PIK3CB;MTMR3;PIK3C3;RAB5A;PI4KA;PTEN;PIK3R6;PIK3CG;GDPD3;MTMR6;PLEKHA6;PIP4K2C;BMX;TNFAIP8L1;GDE1;MTM1;MTMR4;PIP5K1B;PIK3C2B;PIK3R3;PNPLA7;INPP5K;ARF1;PIK3R4;PIK3CA,C2,CP:REACTOME,PI Metabolism,R-HSA-1483255,2026.1.Hs,83,pCR_high,global,Pi metabolism,REACTOME_PI_METABOLISM,3.2096948189131247,6.543519149682889,17,15,15,0,0,0,0,1,1,7.976595829862831e-4,"MYC-down
 signature",pCR_high,pCR_high
GOBP_LYMPHOCYTE_MEDIATED_IMMUNITY,1.025359364229312e-5,7.160136577330112e-4,0.5933254763964051,0.31035649335145926,1.6250391132984667,354,,GOBP_LYMPHOCYTE_MEDIATED_IMMUNITY,Lymphocyte mediated immunity,Immune receptor and cytokine signaling,KLRC1;CD8A;SLA2;KLRC4;RASGRP1;CRK;RAB27A;C7;KLRK1;RNF19B;PCYT1A;TIGIT;KLRD1;IL18;MALT1;TRPM4;IL2RB;TNFSF4;FBXO38;KLRC3;CD1C;LIG4;CD96;GZMM;PIK3CB;SH2D1A;CD28;PRKAA1;KMT5B;SASH3;CLNK;CEBPG;PIK3C3;PRKCD;CORO1A;IGHV3-33;HLA-G;IL12RB1;CD2;PDCD1;IGHV3-66;CR2;PIK3R6;SPN;LYST;BCL10;DENND1B;TRAF3IP2;SLAMF6;TRAF6;ZBTB1;IGHV3-30;SHLD2;TNFSF13;IL23R;CLC;KIR2DL4;IL18R1;HLA-E;IL9R;IL2RG;MYD88;NCKAP1L;B2M;FCMR;PVR;IGHV7-4-1;BTN3A2;CD19;HCST;CD1E;NBN;AP1G1;FZD5;BTK;RNF168;MLH1;HLA-H;STAT5A;IGHV2-70D;NSD2;HLA-A;BTLA;TYROBP;FCER2;RSAD2;HLA-C;CD27;FCER1A;TFRC;BCL3;IRF7;IGHV3-49;CRTAM;TCIRG1;CD7;IGHV1-3;TUBB4B;IGHV1-24;IGHV3-72;CD55;IGHV2-5;IL21R;C4BPA;C4BPB;NCR1;C6;HMGB1;TNFRSF14;C8G;CLU,C5,GO:BP,"Any process involved in the carrying out of an immune response by a lymphocyte. [GO_REF:0000022, GOC:add, ISBN:0781735149]",GO:0002449,2026.1.Hs,354,pCR_high,global,Lymphocyte mediated immunity,GOBP_LYMPHOCYTE_MEDIATED_IMMUNITY,3.145078693583889,5.110875891475462,19,22,22,0,0,0,0,1,1,0.0018856701806126985,"T-cell / lymphocyte
activation",pCR_high,pCR_high
WP_MIRTARGETED_GENES_IN_LYMPHOCYTES,1.0086597003167825e-5,7.160136577330112e-4,0.5933254763964051,0.3032355509335111,1.6151266284238264,411,,WP_MIRTARGETED_GENES_IN_LYMPHOCYTES,Mirtargeted genes in lymphocytes,Immune receptor and cytokine signaling,DOCK5;ARFIP1;ADPGK;BCL2;PDCD4;MCL1;SMAD1;LAMTOR3;SHOC2;SNAP23;MPDU1;CALCOCO2;SLC4A10;TMEM59;MBNL1;ANKFY1;ATP2A2;BRPF3;CAP1;SEC24A;STRN;GYS1;PPP3CA;GALNT1;ATG3;GALNT7;GNA13;SEC62;PDE3A;FAR1;CSDE1;KRAS;SUCLG2;NARS1;SH3BGRL3;NXN;TYMS;SNAP29;SERP1;PGM1;PPP5C;MAPK7;IRS1;AKAP8;PKN2;CPNE8;UAP1;RAVER2;SLC25A24;GAK;SPTLC1;UBE2J1;PRKCI;PDLIM5;ZEB1;PURA;EIF4E;PTPRJ;ELMOD2;AP2A1;ARF4;ARID1A;OTULINL;DHX15;KCNN4;NUFIP2;FBXW11;CDCP1;EGFR;CHMP2A;LRRC8A;TMED3;LUZP1;PTBP1;RCOR1;SPCS3;GPD2;GOLGA7;NCEH1;HIPK3;ARID4B;TCL1A;CLOCK;SLC38A2;DDX5;GFPT1;PICALM;USP1;MIR200B;CD164;TPM4;CHD1;MYB;MPZL1;UBE2S;ATP6V0A1;ARID2;AP3B1;TPM3;NAPG;TNFRSF10A;MYO1E;ARCN1;DNAJB1;TMED10;UNC93B1;HSD17B12;NOTCH2;DMTF1;RTN4;SNX6;WDR11;CXCL12;CYP51A1;RAB27B;LMNB2;LTN1;SLC38A1;ADAMTSL4-AS1;WDR82;ACP2;PPP2R5C;VPS39;MTPN;RAI14;BRI3BP;ARFIP2;VTI1B;GFM1;HACD3;CIAO2A;NPR3;ATG9A;SYNE1;VEZT;ADAR;TMED2;PHC2;PTBP2;NT5C3A;UBE4A;EZH2;NAA15;CSNK1D;IGF2R;SDCBP;ARHGDIA;TMEM41B;BDNF;STX7;FGF2;BET1;SRPRB;TMED7;MAPK14;SRSF10;PLK1,C2,CP:WIKIPATHWAYS,miR-targeted genes in lymphocytes,WP2004,2026.1.Hs,411,pCR_high,global,Mirtargeted genes in lymphocytes,WP_MIRTARGETED_GENES_IN_LYMPHOCYTES,3.145078693583889,5.079700346495759,22,1,1,0,0,0,0,1,1,7.160136577330112e-4,"T-cell / lymphocyte
activation",pCR_high,pCR_high
GOBP_LIPOSACCHARIDE_METABOLIC_PROCESS,1.0602838281379393e-5,7.280615619880517e-4,0.5933254763964051,0.42472243401309784,1.9387254672477705,112,,GOBP_LIPOSACCHARIDE_METABOLIC_PROCESS,Liposaccharide metabolic process,Lipid/glycoprotein and metabolic remodeling,GAL3ST2;MFSD8;B3GNT5;ST6GALNAC6;B4GALT6;MPPE1;SLC35C1;GAL3ST1;NEU4;PIGN;PRKAA1;FUCA1;PRKCD;PIGB;PIGG;GBA2;B3GALT4;SPTLC1;SCARB2;ST3GAL4;PIGK;GBA3;FUT6;PIGS;KDSR;B4GALT4;B3GALT1;ST6GALNAC5;PGAP4;B3GALT2;PGAP3;FUT2;ITGB8;SMPD1;ST3GAL3;PIGZ;GLB1;NAGA;PGAP1;GAL3ST4;FUT4;NAGLU;UGCG;CLN6;HEXB;HEXA,C5,GO:BP,"The chemical reactions and pathways involving liposaccharide. [GO_REF:0000068, GOC:dph, GOC:TermGenie, PMID:9452964]",GO:1903509,2026.1.Hs,112,pCR_high,global,Liposaccharide metabolic process,GOBP_LIPOSACCHARIDE_METABOLIC_PROCESS,3.1378318969214027,6.0833946105039045,20,9,9,0,0,0,0,1,1,0.0010912894735718502,"Mucus/goblet-cell
program",pCR_high,pCR_high
GOBP_VESICLE_BUDDING_FROM_MEMBRANE,1.1678623624217969e-5,7.823728346630573e-4,0.5933254763964051,0.4518972927598144,1.9845405680860997,89,,GOBP_VESICLE_BUDDING_FROM_MEMBRANE,Vesicle budding from membrane,Golgi–endosomal vesicle trafficking,TRAPPC8;SEC24B;CIDEB;SEC24C;SEC16A;TRAPPC10;DNM2;MIA3;SEC24A;CHMP4BP1;TRAPPC11;S100A10;AP3S2;SEC24D;TRAPPC6B;SAR1B;GBF1;VAPA;GOLPH3L;WASL;PPP6C;PRKCI;RILP;CHMP5;RAB1A;SAR1A;SURF4;ARFGAP3;GOLPH3;AP2M1;SEC31A;TFG;PICALM;MX2;RAB7A,C5,GO:BP,"The evagination of a membrane, resulting in formation of a vesicle. [GOC:jid, GOC:tb]",GO:0006900,2026.1.Hs,89,pCR_high,global,Vesicle budding from membrane,GOBP_VESICLE_BUDDING_FROM_MEMBRANE,3.1065862374136426,6.165146416405329,18,24,24,0,0,0,0,1,1,0.001449405039933608,G2/M checkpoint,pCR_high,pCR_high
GOBP_CYTOKINESIS,1.1928431398991257e-5,7.926635058684513e-4,0.5933254763964051,0.37207783706486797,1.8064230159326182,180,,GOBP_CYTOKINESIS,Cytokinesis,Immune receptor and cytokine signaling,VPS4B;IQGAP1;CHMP1B;SON;CXCR5;ARF6;CHMP4BP1;TRIM36;MTMR3;PIK3C3;USP8;ANXA11;EXOC6;IQGAP2;PKN2;RHOA;RAB11A;CDC14A;CFL1;ECT2;EXOC8;CHMP5;CALM1;CCDC66;SEPTIN1;GIPC1;BIRC6;CHMP2A;CALM3;LUZP1;CHMP2B;PRC1;ROCK1;CDCA8;SNX33;KIF13A;SPART;NUP62;MTMR4;EXOC5;CALM2;ACTR2;FMN2;PRKCE;KIF23;SH3GLB1;APC;DCAF11;BIN3;SNX9;JTB;SSTR5;KIF14;ARF1;EXOC1;RAB35;CHMP3;SETD2;KIF20B;PIK3R4;PDCD6IP;ACTR3;AURKC;ANK3,C5,GO:BP,The division of the cytoplasm and the plasma membrane of a cell and its partitioning into two daughter cells. [GOC:mtg_cell_cycle],GO:0000910,2026.1.Hs,180,pCR_high,targeted_keyword,Cytokinesis,GOBP_CYTOKINESIS,3.10091113621154,5.601557246814291,18,24,24,0,0,0,0,1,1,0.001449405039933608,G2/M checkpoint,pCR_high,pCR_high
GOBP_GLYCEROPHOSPHOLIPID_BIOSYNTHETIC_PROCESS,1.2100418431223955e-5,7.976595829862831e-4,0.5933254763964051,0.36287108571079185,1.7898733389198187,197,,GOBP_GLYCEROPHOSPHOLIPID_BIOSYNTHETIC_PROCESS,Glycerophospholipid biosynthetic process,Lipid/glycoprotein and metabolic remodeling,SLC44A2;MFSD2A;MTMR7;LPCAT4;SYNJ1;SACM1L;ALOX15;PCYT1A;MPPE1;GPAT3;LIPH;PI4K2B;PIK3C2G;PIGN;PIK3CB;MTMR3;DGKA;ABHD3;PIK3C3;PI4KA;INPP1;FAR1;SLC44A1;NR1H4;PIGB;CDS1;PTEN;PIGG;PLD1;ITPKA;ABHD5;GPAT4;PIK3CG;PDGFA;SLC44A4;HTR2A;PITPNM3;PIGK;MTMR6;IP6K1;PIP4K2C;BMX;PIGS;PLSCR1;DGKI;GUSB;APOA1;PITPNM1;ACSL3;MTM1;MTMR4;PGAP4;PIP5K1B;PGAP3;BPNT1;SH3GLB1;CLN3;PIK3C2B;PIK3R3;INPP5K;IMPA1;IMPA2;DGKH;SLC44A3;PIGZ;PIK3R4;PIK3CA;HDHD5;PGAP1,C5,GO:BP,"The chemical reactions and pathways resulting in the formation of glycerophospholipids, any derivative of glycerophosphate that contains at least one O-acyl, O-alkyl, or O-alkenyl group attached to the glycerol residue. [ISBN:0198506732]",GO:0046474,2026.1.Hs,197,pCR_high,global,Glycerophospholipid biosynthetic process,GOBP_GLYCEROPHOSPHOLIPID_BIOSYNTHETIC_PROCESS,3.0981824128763407,5.5453540999176365,17,15,15,0,0,0,0,1,1,7.976595829862831e-4,"MYC-down
 signature",pCR_high,pCR_high
KEGG_MEDICUS_REFERENCE_COPI_VESICLE_FORMATION,1.2863611116114383e-5,8.280949655998634e-4,0.5933254763964051,0.6658967363354589,2.1388354672118304,23,,KEGG_MEDICUS_REFERENCE_COPI_VESICLE_FORMATION,Medicus reference copi vesicle formation,Golgi–endosomal vesicle trafficking,TMED6;TMED5;GBF1;KDELR3;TMED3;COPG1;COPE;COPB2;ARCN1;ARF1;TMED10;KDELR1;KDELR2;COPB1;COPZ2;TMED2;TMED7,C2,CP:KEGG_MEDICUS,Pathway Definition from KEGG: GBF1 -> ARF1 == (KDELR+TMED2+TMED10) == (COPI+TMED4/9+TMED1/3/5/6/7),N01293,2026.1.Hs,23,pCR_high,global,Medicus reference copi vesicle formation,KEGG_MEDICUS_REFERENCE_COPI_VESICLE_FORMATION,3.081919855641408,6.591719494350207,18,24,24,0,0,0,0,1,1,0.001449405039933608,G2/M checkpoint,pCR_high,pCR_high
WP_PHOSPHOINOSITIDES_METABOLISM,1.3518229680686039e-5,8.634900199135889e-4,0.5933254763964051,0.5413362893282345,2.0995190188098367,47,,WP_PHOSPHOINOSITIDES_METABOLISM,Phosphoinositides metabolism,Lipid/glycoprotein and metabolic remodeling,MTMR7;SACM1L;MTMR10;PIK3C2G;PLCD3;PIK3CB;MTMR3;MTMR11;PIK3C3;PTEN;PLCE1;PIK3CG;MTMR6;PIP4K2C;PLCB2;MTM1;MTMR4;PIP5K1B;PIK3C2B;PLCB3;PIK3R4;PIK3CA;PIKFYVE;PLCD1;MTMR9;MTMR12;MTMR8;PLCH2;PLCB4;PLCG2,C2,CP:WIKIPATHWAYS,Phosphoinositides metabolism,WP4971,2026.1.Hs,47,pCR_high,global,Phosphoinositides metabolism,WP_PHOSPHOINOSITIDES_METABOLISM,3.06374267757713,6.432386020312558,17,15,15,0,0,0,0,1,1,7.976595829862831e-4,"MYC-down
 signature",pCR_high,pCR_high
REACTOME_PHOSPHOLIPID_METABOLISM,1.7294133550634633e-5,0.0010143452701990693,0.5756102610711286,0.3525903168657746,1.743670151350061,202,,REACTOME_PHOSPHOLIPID_METABOLISM,Phospholipid metabolism,Lipid/glycoprotein and metabolic remodeling,SLC44A2;MFSD2A;PLBD1;MTMR7;LPCAT4;ENPP6;SYNJ1;SACM1L;MTMR10;PCYT1A;GPAT3;RAB14;PLA2G10;LIPH;PI4K2B;PIK3C2G;PIK3CB;MIGA1;MTMR3;PLA2G2A;ABHD3;PIK3C3;RAB5A;PI4KA;SLC44A1;CDS1;PTEN;PLD1;PIK3R6;GPAT4;LPIN2;GPD1L;PIK3CG;SLC44A4;GDPD3;PITPNM3;MTMR6;MGLL;PLEKHA6;PIP4K2C;BMX;STARD10;MIGA2;TNFAIP8L1;PLA2G12A;GPD2;GDE1;MBOAT2;PITPNM1;PNPLA8;MTM1;ACHE;MTMR4;PNPLA2;PIP5K1B;PIK3C2B;PIK3R3;PNPLA7;INPP5K;PLD4,C2,CP:REACTOME,Phospholipid metabolism,R-HSA-1483257,2026.1.Hs,202,pCR_high,global,Phospholipid metabolism,REACTOME_PHOSPHOLIPID_METABOLISM,2.993814191532297,5.2202244444630805,17,15,15,0,0,0,0,1,1,7.976595829862831e-4,"MYC-down
 signature",pCR_high,pCR_high
WP_MODULATORS_OF_TCR_SIGNALING_AND_T_CELL_ACTIVATION,1.79496873494854e-5,0.0010271209983316646,0.5756102610711286,0.5026081541752618,2.0563690988680476,61,,WP_MODULATORS_OF_TCR_SIGNALING_AND_T_CELL_ACTIVATION,Modulators of tcr signaling and t cell activation,Immune receptor and cytokine signaling,CD8A;CHUK;RASA2;ITK;CD3E;NFKB1;UBASH3A;MALT1;MAP4K1;CD247;SH2D1A;CD28;MEF2D;DGKA;GNA13;LCK;ZAP70;BCL10;GRAP2;CD3G;TRAF6,C2,CP:WIKIPATHWAYS,Modulators of TCR signaling and T cell activation,WP5072,2026.1.Hs,61,pCR_high,global,Modulators of tcr signaling and t cell activation,WP_MODULATORS_OF_TCR_SIGNALING_AND_T_CELL_ACTIVATION,2.988378392028408,6.145208981092202,19,22,22,0,0,0,0,1,1,0.0018856701806126985,"T-cell / lymphocyte
activation",pCR_high,pCR_high
KEGG_GLYCOSPHINGOLIPID_BIOSYNTHESIS_LACTO_AND_NEOLACTO_SERIES,1.960083035056236e-5,0.0010912894735718502,0.5756102610711286,0.6634578467820279,2.201469594427816,25,,KEGG_GLYCOSPHINGOLIPID_BIOSYNTHESIS_LACTO_AND_NEOLACTO_SERIES,Glycosphingolipid biosynthesis lacto and neolacto series,Lipid/glycoprotein and metabolic remodeling,B3GNT5;B3GALT5;B3GNT3;ABO;ST3GAL4;FUT5;FUT6;B4GALT1;B4GALT4;GCNT2;FUT3;B3GALT1;B3GALT2;FUT2;ST3GAL3;FUT4;B3GNT4;B4GAT1,C2,CP:KEGG_LEGACY,Glycosphingolipid biosynthesis - lacto and neolacto series,hsa00601,2026.1.Hs,25,pCR_high,global,Glycosphingolipid biosynthesis lacto and neolacto series,KEGG_GLYCOSPHINGOLIPID_BIOSYNTHESIS_LACTO_AND_NEOLACTO_SERIES,2.9620600339215306,6.5208851015480755,20,9,9,0,0,0,0,1,1,0.0010912894735718502,"Mucus/goblet-cell
program",pCR_high,pCR_high
HALLMARK_G2M_CHECKPOINT,2.0653994097149037e-5,0.001134592742403387,0.5756102610711286,0.35814847744203737,1.7665789212512177,197,,HALLMARK_G2M_CHECKPOINT,G2/M checkpoint,Cell-cycle checkpoint and proliferation,DR1;YTHDC1;UPF1;KMT5A;STAG1;EGF;NUP50;MARCKS;PAFAH1B1;SS18;TRA2B;ARID4A;EFNA5;TACC3;NDC80;HIRA;PURA;ATF5;CTCF;STIL;LMNB1;KNL1;SMC4;CCNA2;CCNT1;PRC1;NSD2;CENPE;E2F2;BCL3;KIF23;CUL1;TMPO;UBE2S;SFPQ;MTF2;SMAD3;NUMA1;DDX39A;MKI67;KIF20B;NOTCH2;EWSR1;HUS1;TENT4A;HNRNPD;ILF3;CDKN3;POLE;PLK4;HMGN2;CDC7;SLC38A1;KIF11;CENPF;CCNB2;STMN1;CDC20;LBR;CUL5;RPS6KA5;TROAP;AMD1;EZH2;SMC2;POLQ;TOP1;ESPL1;CDK1;MAPK14;SRSF10;PLK1;INCENP;PDS5B;CDKN2C;KIF2C;KIF15;NUSAP1;BUB3;NASP;PBK;H2AZ1;SLC7A1;CUL3;ABL1;SAP30;TOP2A;CDKN1B;BUB1;DBF4;H2BC12;ODC1;NUP98;UCK2;CDC25A;SRSF2;AURKB;TNPO2;KPNB1;E2F4;SRSF1;CCNF;TFDP1,H,,"Genes involved in the G2/M checkpoint, as in progression through the cell division cycle.",,2026.1.Hs,197,pCR_high,targeted_keyword,G2/M checkpoint,HALLMARK_G2M_CHECKPOINT,2.94515999879374,5.202857573581283,18,24,24,0,0,0,0,1,1,0.001449405039933608,G2/M checkpoint,pCR_high,pCR_high
REACTOME_ONCOGENIC_MAPK_SIGNALING,3.1822822935209073e-05,0.001560833696345969,0.557332238758646,0.45762967072686495,1.9571519943083455,80,,REACTOME_ONCOGENIC_MAPK_SIGNALING,Oncogenic mapk signaling,Adenoma/CRC epithelial program,AKAP9;DUSP6;NRAS;IQGAP1;BCL2L11;ARRB1;SHOC2;RAF1;KSR2;TRAK1;FN1;BRAF;MAPK1;SPRED1;KRAS;RAP1A;CAMK2D;JAK2;MAP2K1;CAMK2G;CALM1;FGG;MRAS;ZC3HAV1;SPRED2;AP3B1;KDM7A;CNKSR2;MAP3K11;MARK3;TENT4A;CSK;ACTB;ACTG1;PPP1CB,C2,CP:REACTOME,Oncogenic MAPK signaling,R-HSA-6802957,2026.1.Hs,80,pCR_high,global,Oncogenic mapk signaling,REACTOME_ONCOGENIC_MAPK_SIGNALING,2.8066433676658527,5.493027664339515,19,22,22,0,0,0,0,1,1,0.0018856701806126985,"T-cell / lymphocyte
activation",pCR_high,pCR_high
GOBP_LIPID_MODIFICATION,3.4568348558915155e-5,0.001685462675298585,0.557332238758646,0.36000772982051754,1.747715316178809,171,,GOBP_LIPID_MODIFICATION,Lipid modification,Lipid/glycoprotein and metabolic remodeling,MFSD2A;ETFDH;MTMR7;SYNJ1;SACM1L;ALOX15;PRKAA1;MTMR3;APPL2;ABCD2;DGKA;PLPPR4;ABCD3;FMO2;SCP2;PTEN;CPT2;AKT2;IRS1;SGPP1;CPT1A;SLC27A2;CYP4F3;INPP5B;CYP4V2;MTMR6;ILVBL;ECH1;ECHDC1;ACOX3;ACSM1;DGKI;MBOAT2;CYP3A5;PLA2G7;MTM1;MTMR4;ACOXL;ABCB11;PRKAG2;INPP5A;CROT;ADH4;INPP5K;ACADM;ECHDC2;PLPP5;MBOAT1;DGKH;HADH;EPHX2;AKT1;GCDH;PPARA;HACL1;ABCC9;SGPP2;DGKQ;SESN2;MTMR9;ACAA1;ADIPOR1;ACADVL;ACADS;DGKD;ECHS1;ETFA,C5,GO:BP,"The covalent alteration of one or more fatty acids in a lipid, resulting in a change in the properties of the lipid. [GOC:mah]",GO:0030258,2026.1.Hs,171,pCR_high,global,Lipid modification,GOBP_LIPID_MODIFICATION,2.773280860521441,4.8469054359988695,17,15,15,0,0,0,0,1,1,7.976595829862831e-4,"MYC-down
 signature",pCR_high,pCR_high
REACTOME_ANTIGEN_PRESENTATION_FOLDING_ASSEMBLY_AND_PEPTIDE_LOADING_OF_CLASS_I_MHC,3.7254103970716774e-5,0.0017642173374638288,0.557332238758646,0.6230229954425077,2.141227413717371,29,,REACTOME_ANTIGEN_PRESENTATION_FOLDING_ASSEMBLY_AND_PEPTIDE_LOADING_OF_CLASS_I_MHC,Antigen presentation folding assembly and peptide loading of class i mhc,Immune receptor and cytokine signaling,SEC24B;SEC24C;SEC24A;SEC24D;PIK3C3;SAR1B;HLA-G;TAP1;HLA-E;B2M;HLA-A;SEC31A;HLA-C;PIK3R4;PDIA3;HLA-B;SEC13;TAP2;ERAP2;ATG14;HLA-F,C2,CP:REACTOME,"Antigen Presentation: Folding, assembly and peptide loading of class I MHC",R-HSA-983170,2026.1.Hs,29,pCR_high,global,Antigen presentation folding assembly and peptide loading of class i mhc,REACTOME_ANTIGEN_PRESENTATION_FOLDING_ASSEMBLY_AND_PEPTIDE_LOADING_OF_CLASS_I_MHC,2.753447914302237,5.895758156346868,18,24,24,0,0,0,0,1,1,0.001449405039933608,G2/M checkpoint,pCR_high,pCR_high
GOBP_MITOTIC_CYTOKINESIS,3.9324643252082566e-5,0.0018411082977111384,0.557332238758646,0.4250350926856145,1.9041773550482572,100,,GOBP_MITOTIC_CYTOKINESIS,Mitotic cytokinesis,Cell-cycle checkpoint and proliferation,VPS4B;IQGAP1;CHMP1B;SON;ARF6;CHMP4BP1;TRIM36;MTMR3;USP8;EXOC6;IQGAP2;RHOA;RAB11A;CFL1;ECT2;EXOC8;CHMP5;CHMP2A;CHMP2B;ROCK1;CDCA8;SNX33;SPART;NUP62;MTMR4;EXOC5;KIF23;APC;DCAF11;SNX9;JTB;ARF1;EXOC1;RAB35;CHMP3;KIF20B;PDCD6IP;ANK3;SEPTIN6;STMN1;CIT;KIF20A;ESPL1;RHOC;PLK1;INCENP;BBS4;CNTROB;NUSAP1;IQGAP3,C5,GO:BP,"A cell cycle process that results in the division of the cytoplasm of a cell after mitosis, resulting in the separation of the original cell into two daughter cells. [GOC:mtg_cell_cycle]",GO:0000281,2026.1.Hs,100,pCR_high,targeted_keyword,Mitotic cytokinesis,GOBP_MITOTIC_CYTOKINESIS,2.734920664665441,5.207773997509461,18,24,24,0,0,0,0,1,1,0.001449405039933608,G2/M checkpoint,pCR_high,pCR_high
GOBP_OLIGOSACCHARIDE_METABOLIC_PROCESS,4.4695186580038364e-5,0.0020383435093086206,0.557332238758646,0.49449044332292247,1.9983472100134863,57,,GOBP_OLIGOSACCHARIDE_METABOLIC_PROCESS,Oligosaccharide metabolic process,Lipid/glycoprotein and metabolic remodeling,SI;ST6GALNAC6;MPDU1;B3GALT5;NEU4;CTBS;MAN2B2;ST6GAL2;MGAT2;B4GALNT2;B3GALT4;ST6GALNAC1;ST3GAL4;FUT5;GBA3;FUT6;B4GALT1;FUT3;B3GALT1;ST6GALNAC5;B3GALT2;FUT2;ST3GAL3;MANBA;NAGA;GAL3ST4;FUT4;HEXB,C5,GO:BP,"The chemical reactions and pathways involving oligosaccharides, molecules with between two and (about) 20 monosaccharide residues connected by glycosidic linkages. [ISBN:0198506732]",GO:0009311,2026.1.Hs,57,pCR_high,global,Oligosaccharide metabolic process,GOBP_OLIGOSACCHARIDE_METABOLIC_PROCESS,2.6907226252236214,5.3769980510357875,20,9,9,0,0,0,0,1,1,0.0010912894735718502,"Mucus/goblet-cell
program",pCR_high,pCR_high
GOBP_VESICLE_MEDIATED_TRANSPORT_TO_THE_PLASMA_MEMBRANE,4.6332372901651496e-5,0.0020976854544483975,0.557332238758646,0.36487429846643005,1.7601080258884463,165,,GOBP_VESICLE_MEDIATED_TRANSPORT_TO_THE_PLASMA_MEMBRANE,Vesicle mediated transport to the plasma membrane,Golgi–endosomal vesicle trafficking,RAB8A;AKAP5;SACM1L;COMMD2;SEC16A;EPG5;ARF6;RAB14;ARHGAP44;VPS26A;STXBP5;CMTM6;CNST;ACAP2;GOLGA4;EXOC6;BLZF1;SLC1A1;DENND1B;RSC1A1;AMN;ATP2C1;RAB11A;ANXA13;GOLPH3L;SCARB2;EXOC8;EHBP1L1;VPS26C;GGA1;LMTK2;ANKRD27;STX12;SORL1;VTI1A;GOLGA7;WASHC2C;ACSL3;KIF13A;GOLPH3;MTMR4;MICALL2;EXOC5;ANKRD50;RAB11B;CLN3;COMMD8;RAB7A;GOPC;WASHC1;EXOC1;RAB35;DENND1C;NSF;VPS50;SNX4;VPS26B;VAMP4;CSK;ANK3;CCDC93;VAMP2;VPS39;EPS15;OPTN;CLSTN1;RABEP1,C5,GO:BP,The directed movement of substances to the plasma membrane in transport vesicles that fuse with the plasma membrane by exocytosis. [GOC:dos],GO:0098876,2026.1.Hs,165,pCR_high,global,Vesicle mediated transport to the plasma membrane,GOBP_VESICLE_MEDIATED_TRANSPORT_TO_THE_PLASMA_MEMBRANE,2.67825963322481,4.714026275852035,18,24,24,0,0,0,0,1,1,0.001449405039933608,G2/M checkpoint,pCR_high,pCR_high
GOBP_POSITIVE_REGULATION_OF_NATURAL_KILLER_CELL_MEDIATED_IMMUNITY,5.0165624554909355e-5,0.002210506664879428,0.557332238758646,0.5570483358411379,2.0464202992377802,38,,GOBP_POSITIVE_REGULATION_OF_NATURAL_KILLER_CELL_MEDIATED_IMMUNITY,Positive regulation of natural killer cell mediated immunity,Immune receptor and cytokine signaling,KLRC1;KLRC4;RASGRP1;KLRK1;KLRD1;KLRC3;SH2D1A;CLNK;PIK3C3;HLA-G;SLAMF6;KIR2DL4;HLA-E;PVR;AP1G1;STAT5A;HLA-C;CRTAM,C5,GO:BP,"Any process that activates or increases the frequency, rate, or extent of natural killer cell mediated immunity. [GOC:add]",GO:0002717,2026.1.Hs,38,pCR_high,global,Positive regulation of natural killer cell mediated immunity,GOBP_POSITIVE_REGULATION_OF_NATURAL_KILLER_CELL_MEDIATED_IMMUNITY,2.6555081713186164,5.434285826578214,19,22,22,0,0,0,0,1,1,0.0018856701806126985,"T-cell / lymphocyte
activation",pCR_high,pCR_high
GOBP_POSITIVE_REGULATION_OF_SECRETION,5.330141200682795e-5,0.0023184350360967725,0.557332238758646,0.31360615962644167,1.6042909204816591,288,,GOBP_POSITIVE_REGULATION_OF_SECRETION,Positive regulation of secretion,Golgi–endosomal vesicle trafficking,SELENOT;VPS4B;PRKACB;TMF1;RAB27A;SPHK2;P2RY1;AVPR1B;CD38;NR1H2;ARF6;SMPD3;PLA2G10;FFAR4;RBP4;GHRL;TRPM4;STXBP5;SEC24A;C2CD2L;ANG;IER3IP1;NPY2R;BMP2;UNC13B;S100A10;PPP3CA;OR51E2;MICU3;SYTL4;TNFRSF11A;RAB5A;F2RL1;KMO;NR1H4;DAB2;EDN1;MCU;SERP1;GCG;ILDR1;BLK;EFNA5;JAK2;EDN3;GOLPH3L;PFKFB2;CYBA;MPC2;SIRT6;RAB3GAP1;FGG;KCNN4;AP1G1;CHMP2A;LRRC8A;P2RX4;RFX6;ADORA2B;OSBP;TFR2;ACSL3;GOLPH3;ACHE;TAC1;GRK2;GIPR;PRKCE;NKX3-1;ABCC8;ABCB11;FUT11;EXPH5;RAB7A;CDK5R2;PRKD1;PINK1;C1QTNF3;SMAD4;AIMP1;RAB3D;TMED10;TSG101;C1QTNF12;SNX4;CLASP2;SCIN;AQP1;RAPGEF3;PDCD6IP;HLA-DRB1;CXCL12;CD160;RAB27B;ADAM9;TRPA1,C5,GO:BP,"Any process that activates or increases the frequency, rate or extent of the controlled release of a substance from a cell or a tissue. [GOC:ai]",GO:0051047,2026.1.Hs,288,pCR_high,global,Positive regulation of secretion,GOBP_POSITIVE_REGULATION_OF_SECRETION,2.6348050687826126,4.226993849086998,18,24,24,0,0,0,0,1,1,0.001449405039933608,G2/M checkpoint,pCR_high,pCR_high
REACTOME_ER_TO_GOLGI_ANTEROGRADE_TRANSPORT,6.630530195540703e-5,0.002787529020982418,0.5384340963099162,0.38235225100955905,1.8251343049493391,146,,REACTOME_ER_TO_GOLGI_ANTEROGRADE_TRANSPORT,Er to golgi anterograde transport,Golgi–endosomal vesicle trafficking,LMAN1;SEC24B;SEC24C;SEC16A;TRAPPC10;MIA3;PPP6R1;SEC24A;SEC22B;SEC24D;TRAPPC6B;SAR1B;GBF1;GOLGB1;KDELR3;MIA2;CAPZA1;NAPA;PPP6C;RAB1B;ARF4;CNIH1;RAB1A;GOLGA2;TMED3;COPG1;SPTB;ARFGAP3;PPP6R3;SEC23IP;COG2;COG7;SEC31A;TFG;F5;USO1;DYNC1I2;COPE;TUBB4B;ACTR10;CD55;COPB2;NAPG;ARCN1;ARF1;TMED10;SCFD1;TUBA1C;DYNC1LI2;NSF;DCTN5;KDELR1;KDELR2;COPB1;COG3;ANK3;STX17;COPZ2;TUBAL3;TUBA1B;TUBA8;SEC31B;ANKRD28;SEC13;TMED2;COG5;DCTN4;CSNK1D;DCTN3;CD59;F8;BET1;TMED7;GORASP1;DCTN6,C2,CP:REACTOME,ER to Golgi Anterograde Transport,R-HSA-199977,2026.1.Hs,146,pCR_high,global,Er to golgi anterograde transport,REACTOME_ER_TO_GOLGI_ANTEROGRADE_TRANSPORT,2.554780602477625,4.662817719201055,18,24,24,0,0,0,0,1,1,0.001449405039933608,G2/M checkpoint,pCR_high,pCR_high
GOBP_ALPHA_BETA_T_CELL_ACTIVATION,7.13347368569715e-5,0.0029243693119474883,0.5384340963099162,0.3455300767426606,1.7184375829975558,211,,GOBP_ALPHA_BETA_T_CELL_ACTIVATION,Alpha beta t cell activation,Immune receptor and cytokine signaling,CCL19;BCL2;ITK;PTGER4;CD3E;RC3H1;IL18;MALT1;TNFSF4;ZBTB7B;CD247;EP300;IL15;IL6R;IL12RB2;CD28;SH3RF1;BRAF;ENTPD7;ZNF683;SASH3;CLEC2D;WDFY4;IRF4;LCK;NCR3LG1;IL12RB1;ZAP70;SPN;TRBC2;SLAMF6;CD3G;RHOA;JAK2;TYK2;IL23R;IL18R1;HLA-E;LY9;IL2RG;FOXP1;GPR18;NCKAP1L;ZBTB16;LGALS3;ELF4;ATP7A;BRD4;IRF1;EOMES;STAT5A;RC3H2;RASAL3;TRAC;HLA-A;RORC;JAK1;RSAD2;TRBC1;IHH;CRACR2A;BCL3;CRTAM;TCIRG1;CLEC2B;MYB;PRDM1;CD3D;GLI3;AP3B1;CD55;STAT3,C5,GO:BP,"The change in morphology and behavior of an alpha-beta T cell resulting from exposure to a mitogen, cytokine, chemokine, cellular ligand, or an antigen for which it is specific. [GOC:add]",GO:0046631,2026.1.Hs,211,pCR_high,global,Alpha beta t cell activation,GOBP_ALPHA_BETA_T_CELL_ACTIVATION,2.5339677821885904,4.354465471017838,19,22,22,0,0,0,0,1,1,0.0018856701806126985,"T-cell / lymphocyte
activation",pCR_high,pCR_high
GOBP_CELLULAR_RESPONSE_TO_PROSTAGLANDIN_E_STIMULUS,7.571028763072625e-5,0.0030581018141038444,0.5384340963099162,0.6828516426986359,2.11823300553247,20,,GOBP_CELLULAR_RESPONSE_TO_PROSTAGLANDIN_E_STIMULUS,Cellular response to prostaglandin e stimulus,Prostaglandin signaling and response,PRKAA2;CCL19;PTGER4;CCL21;ADCY6;TNFSF4;PRKAA1;AKAP8;P2RY4;SFRP1;PRKCE;PTGER2;AKT1,C5,GO:BP,"Any process that results in a change in state or activity of a cell (in terms of movement, secretion, enzyme production, gene expression, etc.) as a result of a prostagladin E stimulus. [GOC:mah]",GO:0071380,2026.1.Hs,20,pCR_high,global,Cellular response to prostaglandin e stimulus,GOBP_CELLULAR_RESPONSE_TO_PROSTAGLANDIN_E_STIMULUS,2.5145480596145413,5.32639869387315,21,4,4,0,0,0,4,1,1,3.069491132539668e-4,"Prostaglandin
response",pCR_high,pCR_high
REACTOME_GOLGI_ASSOCIATED_VESICLE_BIOGENESIS,8.075566480629235e-5,0.0031838597033676985,0.5384340963099162,0.49534484553896496,1.9952126564762747,56,,REACTOME_GOLGI_ASSOCIATED_VESICLE_BIOGENESIS,Golgi associated vesicle biogenesis,Golgi–endosomal vesicle trafficking,AP4E1;ARRB1;DNM2;GOLGB1;SNX5;GAK;NAPA;AP1G1;BLOC1S6;CLINT1;SH3D19;CPD;TFRC;PICALM;TGOLN2;SH3GL2;AP4B1;SNX9;DNAJC6;AP3B1;ARF1;NECAP1;TPD52;VAMP2;SORT1;ACBD3;CLTC;IGF2R,C2,CP:REACTOME,Golgi Associated Vesicle Biogenesis,R-HSA-432722,2026.1.Hs,56,pCR_high,global,Golgi associated vesicle biogenesis,REACTOME_GOLGI_ASSOCIATED_VESICLE_BIOGENESIS,2.497046077679236,4.982137937990051,18,24,24,0,0,0,0,1,1,0.001449405039933608,G2/M checkpoint,pCR_high,pCR_high
GOBP_ENDOSOME_ORGANIZATION,8.191138093947724e-5,0.003214046566387107,0.5384340963099162,0.4111480633569585,1.8586454952984792,103,,GOBP_ENDOSOME_ORGANIZATION,Endosome organization,Golgi–endosomal vesicle trafficking,VPS4B;RAB27A;SYNJ1;CHMP1B;SNX1;PI4K2B;SNX32;VPS37B;PIK3C3;STAM2;HOOK1;USP8;DNAJC13;WASHC4;SNX5;RAB11A;CLCN3;SCARB2;EXOC8;RILP;CHMP5;RAB5B;ATP6V1A;CHMP2A;VPS37C;EEA1;CHMP2B;SNX33;MICALL2;TMEM127;PHETA2;RAB7A;VPS37A;ATP6V0A1;PLEKHF2;ATP6V0B;TSG101;CHMP3;ATP6V1D;SNX6;AKTIP;PDCD6IP;FASLG;ANXA8L1;STAM;UBAP1;HOOK2;TOM1;VPS33B,C5,GO:BP,"A process that is carried out at the cellular level which results in the assembly, arrangement of constituent parts, or disassembly of endosomes. [GOC:dph, GOC:jl, GOC:mah]",GO:0007032,2026.1.Hs,103,pCR_high,global,Endosome organization,GOBP_ENDOSOME_ORGANIZATION,2.492947835295618,4.633506264086296,18,24,24,0,0,0,0,1,1,0.001449405039933608,G2/M checkpoint,pCR_high,pCR_high
GOBP_POSITIVE_REGULATION_OF_LEUKOCYTE_MEDIATED_IMMUNITY,8.235334882224419e-5,0.003216073906612759,0.5384340963099162,0.36566168431791135,1.7476561893123563,152,,GOBP_POSITIVE_REGULATION_OF_LEUKOCYTE_MEDIATED_IMMUNITY,Positive regulation of leukocyte mediated immunity,Immune receptor and cytokine signaling,KLRC1;KLRC4;RASGRP1;KLRK1;KLRD1;CAMK4;IL18;MALT1;TNFSF4;FBXO38;KLRC3;CD1C;SH2D1A;CD28;PRKAA1;KMT5B;SCIMP;SASH3;CLNK;PIK3C3;F2RL1;HLA-G;IL12RB1;DENND1B;SLAMF6;TRAF6;ZBTB1;SHLD2;TNFSF13;IL23R;KIR2DL4;IL18R1;HLA-E;B2M;PVR;CD1E;AP1G1;FZD5;BTK;MLH1;HLA-H;STAT5A;NSD2;HLA-A;TYROBP;STAP1;RSAD2;HLA-C;TFRC;CRTAM,C5,GO:BP,"Any process that activates or increases the frequency, rate, or extent of leukocyte mediated immunity. [GOC:add]",GO:0002705,2026.1.Hs,152,pCR_high,global,Positive regulation of leukocyte mediated immunity,GOBP_POSITIVE_REGULATION_OF_LEUKOCYTE_MEDIATED_IMMUNITY,2.4926739795550255,4.356337108307202,19,22,22,0,0,0,0,1,1,0.0018856701806126985,"T-cell / lymphocyte
activation",pCR_high,pCR_high
GOBP_MEMBRANE_LIPID_BIOSYNTHETIC_PROCESS,8.467886508206073e-5,0.0032912917371517945,0.5384340963099162,0.3757520027461999,1.7926977490069873,145,,GOBP_MEMBRANE_LIPID_BIOSYNTHETIC_PROCESS,Membrane lipid biosynthetic process,Lipid/glycoprotein and metabolic remodeling,GAL3ST2;SPHK2;B3GNT5;ST6GALNAC6;B4GALT6;MPPE1;SLC35C1;PPM1L;GAL3ST1;HACD2;PIGN;PRKAA1;ELOVL6;PRKCD;P2RX1;PIGB;VAPA;PIGG;ASAH2;GBA2;SGMS2;B3GALT4;SPTLC1;SPTLC3;ST3GAL4;PIGK;CERT1;FUT6;SGMS1;PIGS;KDSR;B4GALT4;ASAH1;OSBP;SPTSSB;ST6GALNAC5;PGAP4;B3GALT2;PGAP3;PRKD2;CLN8;ELOVL1;PRKD1;FUT2;SMPD1;ST3GAL3;PIGZ;PGAP1;GAL3ST4;ASAH2B;FUT4,C5,GO:BP,"The chemical reactions and pathways resulting in the formation of membrane lipids, any lipid found in or associated with a biological membrane. [GOC:ai]",GO:0046467,2026.1.Hs,145,pCR_high,global,Membrane lipid biosynthetic process,GOBP_MEMBRANE_LIPID_BIOSYNTHETIC_PROCESS,2.4826336205255157,4.450611703125159,20,9,9,0,0,0,0,1,1,0.0010912894735718502,"Mucus/goblet-cell
program",pCR_high,pCR_high
GOBP_SPHINGOLIPID_METABOLIC_PROCESS,9.247051037881721e-5,0.0035275787292659896,0.5384340963099162,0.3618651422710194,1.7411616903456162,157,,GOBP_SPHINGOLIPID_METABOLIC_PROCESS,Sphingolipid metabolic process,Lipid/glycoprotein and metabolic remodeling,SPHK2;B3GNT5;ST6GALNAC6;B4GALT6;SMPD3;NAAA;PPM1L;GAL3ST1;NEU4;HACD2;SMPDL3A;PRKAA1;ELOVL6;PRKCD;P2RX1;VAPA;ASAH2;GBA2;SMPDL3B;SGPP1;SGMS2;B3GALT4;SPTLC1;SCARB2;SPTLC3;SERINC1;FUT5;GBA3;CERT1;FUT6;SGMS1;KDSR;B4GALT4;FUT3;ASAH1;OSBP;SPTSSB;B3GALT1;ST6GALNAC5;B3GALT2;PRKD2;CLN8;ELOVL1;PRKD1;SGPL1;FUT2;ITGB8;SMPD1;ST3GAL3;GLB1;ASAH2B;FUT4;SGPP2;NAGLU;ALDH3B1;UGCG;CLN6;HEXB;HEXA,C5,GO:BP,"The chemical reactions and pathways involving sphingolipids, any of a class of lipids containing the long-chain amine diol sphingosine or a closely related base (a sphingoid). [GOC:mah, ISBN:0198506732]",GO:0006665,2026.1.Hs,157,pCR_high,global,Sphingolipid metabolic process,GOBP_SPHINGOLIPID_METABOLIC_PROCESS,2.4525232847871563,4.270239588151988,20,9,9,0,0,0,0,1,1,0.0010912894735718502,"Mucus/goblet-cell
program",pCR_high,pCR_high
HALLMARK_MITOTIC_SPINDLE,1.0543153508708926e-4,0.003861137107189402,0.5384340963099162,0.3435613035142217,1.6953003250439813,198,,HALLMARK_MITOTIC_SPINDLE,Mitotic spindle,Cell-cycle checkpoint and proliferation,PALLD;RASA2;BCL2L11;ARF6;TLK1;ARHGEF2;AKAP13;RALBP1;PCGF5;FGD4;MARCKS;PAFAH1B1;PXN;SUN2;CEP192;ARHGAP27;WASL;NDC80;ECT2;PDLIM5;RICTOR;RAB3GAP1;BCR;PCNT;NIN;GSN;FLNB;CDC42BPA;SOS1;LMNB1;CYTH2;TSC1;ABR;SMC4;PRC1;NCK1;ROCK1;CENPE;ABI1;KIF23;APC;PIF1;MAP1S;ARHGEF11;PPP4R2;EZR;TIAM1;CLIP1;NUMA1;MYO1E;MAP3K11;KIF20B;NOTCH2;DLG1;RHOF;WASF2;BCAR1;ACTN4;KIF11;CENPF;CCNB2;ARHGAP5;ARFIP2;RABGAP1;RAPGEF6;NEDD9;TUBGCP5;CD2AP;LATS1;CNTRL;CSNK1D;ESPL1;ARHGDIA;CDK1;PLK1;INCENP;TUBGCP2;SORBS2;KIF2C;CDK5RAP2;KIF15;CNTROB;NUSAP1;SMC3;HOOK3;DLGAP5;VCL;SPTAN1;PCM1;ABL1;ARAP3;KPTN;DYNC1H1;TUBA4A;SASS6;TOP2A;ARFGEF1;CDC42;BUB1;KNTC1;CDC42EP2;RFC1;ITSN1;ARHGEF12,H,,Genes important for mitotic spindle assembly.,,2026.1.Hs,198,pCR_high,targeted_keyword,Mitotic spindle,HALLMARK_MITOTIC_SPINDLE,2.4132847765063397,4.091242466034889,18,24,24,0,0,0,0,1,1,0.001449405039933608,G2/M checkpoint,pCR_high,pCR_high
GOBP_ACTIVATION_OF_INNATE_IMMUNE_RESPONSE,1.0912428217245387e-4,0.0039611633704890745,0.5384340963099162,0.30031425390319444,1.5529842566929941,317,,GOBP_ACTIVATION_OF_INNATE_IMMUNE_RESPONSE,Activation of innate immune response,Immune receptor and cytokine signaling,KLRC1;CHUK;KLRC4;CTSS;SLC15A2;PYHIN1;LRRC19;TRAF3IP3;KLRK1;RNF125;EPG5;LRCH4;KLRD1;IRF2;TLR10;KLRC3;LSM14A;EP300;GFI1;NLRC3;ANKRD17;SMPDL3A;ZDHHC3;SCIMP;OTUD4;PAK2;APPL2;PAK3;USP15;RIOK3;IRF4;GPR108;F2RL1;NR1H4;CYLD;NAIP;TNIP1;TRIM25;BCL10;FCRL3;SMPDL3B;TRAF6;WASHC4;PPP6C;ABHD17A;LGR4;CYBA;TRAF3;MARCHF5;MYD88;ZC3HAV1;PJA2;PTPN22;KCNK6;BTK;ERBIN;CSNK1A1;ZDHHC5;CASP6;TLR7;IRF1;INAVA;TYROBP;TNIP2;CD300LF;CD14;RSAD2;PRKCE;MAPKAPK2;RNF34;MIR200B;IRF7;XIAP;PRKD1;ENPP3;LILRA4;SFPQ;SIN3A;AP3B1;DDX60;CD36;TRIM3;TICAM1;SLC15A3;BIRC2;UNC93B1;OASL;RTN4;AKT1;HMGB1;CREBBP;NEK7;PSPC1;NAGLU;HCFC2;DAB2IP;ZNFX1;IFIH1;RELA;MAPK8;TIFA;SEC14L1;ALPK1;MIR4691;ZDHHC12;ECSIT;LATS1;DHX58;GPS2;PPP2CA;CACTIN;KCNK13;TLR3;MAVS;KLRC2;HEXIM1,C5,GO:BP,"Any process that initiates an innate immune response. Innate immune responses are defense responses mediated by germline encoded components that directly recognize components of potential pathogens. Examples of this process include activation of the hypersensitive response of Arabidopsis thaliana and activation of any NOD or TLR signaling pathway in vertebrate species. [GO_REF:0000022, GOC:add, GOC:mtg_sensu, ISBN:0781735149, PMID:15199967, PMID:16177805]",GO:0002218,2026.1.Hs,317,pCR_high,global,Activation of innate immune response,GOBP_ACTIVATION_OF_INNATE_IMMUNE_RESPONSE,2.4021772455939967,3.730543444193617,19,22,22,0,0,0,0,1,1,0.0018856701806126985,"T-cell / lymphocyte
activation",pCR_high,pCR_high
LAIHO_COLORECTAL_CANCER_SERRATED_UP,1.1933799310863255e-4,0.004220365078176533,0.5384340963099162,0.39191756653931364,1.7939309114732318,113,,LAIHO_COLORECTAL_CANCER_SERRATED_UP,Laiho colorectal cancer serrated up,Adenoma/CRC epithelial program,PALLD;ATP2B1;NPTN;SELENOT;ADAM10;IQGAP1;ARPP19;MON2;SEC24A;NCOA4;SEC62;MYL12B;VAPA;PLEKHB2;NXN;CAPZA1;PDLIM5;B2M;CSNK1A1;RO60;YME1L1;GCNT3;CLINT1;CHMP2B;EMC7;SPG21;EMC3;SNRK;AP2M1;PLS1;DDX60;PRKAR1A;MFAP1;HLA-DRB1;IL6ST;ARPC2;ARL8B;BCAP29;OPTN;SRP14;PPIC;SGCB;TCF4;RIN2;SDCBP;ANXA5;MBD4;NDUFV2;PDGFC;ORMDL2;SC5D;MACF1,C2,CGP,Genes up-regulated in serrated vs conventional colorectal carcinoma (CRC) samples.,Table 1S,2026.1.Hs,113,pCR_high,targeted_keyword,Laiho colorectal cancer serrated up,LAIHO_COLORECTAL_CANCER_SERRATED_UP,2.3746499792327165,4.259958001674838,23,1,1,0,0,0,0,1,1,0.004220365078176533,"CRC epithelial
program",pCR_high,pCR_high
GOBP_PHOSPHATIDYLINOSITOL_METABOLIC_PROCESS,1.2331491320519302e-4,0.004323893126854428,0.5188480777437918,0.37106471269651087,1.7703348759960453,145,,GOBP_PHOSPHATIDYLINOSITOL_METABOLIC_PROCESS,Phosphatidylinositol metabolic process,Lipid/glycoprotein and metabolic remodeling,MTMR7;SYNJ1;SACM1L;MPPE1;PI4K2B;PIK3C2G;PIGN;PIK3CB;MTMR3;PIK3C3;PI4KA;INPP1;PIGB;CDS1;PTEN;PIGG;PLCE1;ITPKA;PIK3CG;PDGFA;INPP5B;HTR2A;PLCL2;PITPNM3;PIGK;MTMR6;IP6K1;PIP4K2C;BMX;PIGS;PLCB2;GUSB;IPMK;PITPNM1;MTM1;MTMR4;PGAP4;PIP5K1B;PGAP3;BPNT1;INPP5A;PIK3C2B;PIK3R3;INPP5K;IMPA1;PLCB3;IMPA2;PIGZ;PIK3R4;PIK3CA;PGAP1;SMG1;PIKFYVE;PLCD1;PLA2G4D;MTMR9;MTMR14;ATG14;MTMR8;PIGA;PLCH2;PLCB4;AGPAT5,C5,GO:BP,"The chemical reactions and pathways involving phosphatidylinositol, any glycophospholipid in which a sn-glycerol 3-phosphate residue is esterified to the 1-hydroxyl group of 1D-myo-inositol. [ISBN:0198506732]",GO:0046488,2026.1.Hs,145,pCR_high,global,Phosphatidylinositol metabolic process,GOBP_PHOSPHATIDYLINOSITOL_METABOLIC_PROCESS,2.364125048990464,4.185293025443678,17,15,15,0,0,0,0,1,1,7.976595829862831e-4,"MYC-down
 signature",pCR_high,pCR_high
GOBP_NATURAL_KILLER_CELL_MEDIATED_IMMUNITY,1.2625189044925605e-4,0.004389517203805358,0.5188480777437918,0.414151383144723,1.8295127816362489,91,,GOBP_NATURAL_KILLER_CELL_MEDIATED_IMMUNITY,Natural killer cell mediated immunity,Immune receptor and cytokine signaling,KLRC1;KLRC4;RASGRP1;CRK;RAB27A;KLRK1;RNF19B;TIGIT;KLRD1;IL18;KLRC3;CD96;PIK3CB;SH2D1A;CLNK;CEBPG;PIK3C3;CORO1A;HLA-G;CD2;PIK3R6;LYST;SLAMF6;KIR2DL4;HLA-E;B2M;PVR;HCST;AP1G1;STAT5A;HLA-A;TYROBP;HLA-C;CRTAM,C5,GO:BP,"The promotion of an immune response by natural killer cells through direct recognition of target cells or through the release of cytokines. [GO_REF:0000022, GOC:add, ISBN:0781735149]",GO:0002228,2026.1.Hs,91,pCR_high,global,Natural killer cell mediated immunity,GOBP_NATURAL_KILLER_CELL_MEDIATED_IMMUNITY,2.357583244508163,4.313228679599142,19,22,22,0,0,0,0,1,1,0.0018856701806126985,"T-cell / lymphocyte
activation",pCR_high,pCR_high
WP_ENERGY_METABOLISM,1.311388774435263e-4,0.004458002272674898,0.5188480777437918,0.5128945469700192,1.974622367170298,46,,WP_ENERGY_METABOLISM,Energy metabolism,Lipid/glycoprotein and metabolic remodeling,PRKAA2;FOXO1;CAMK4;EP300;PRKAA1;PPP3CA;MEF2D;SIRT1;CAMK2G;MEF2A;NCOA1;PRKAG2;GABPA;GSK3B;PPARA;RXRA;PRKAB2;PPARGC1B;MEF2C;UCP3;TFAM;MAPK14;PRKAB1;PPP3CB;CREB1;HDAC1;PPP3CC;PPRC1;NRF1,C2,CP:WIKIPATHWAYS,Energy metabolism,WP1541,2026.1.Hs,46,pCR_high,global,Energy metabolism,WP_ENERGY_METABOLISM,2.350859714453826,4.642060174240105,24,1,1,0,0,0,0,1,1,0.004458002272674898,"Lipid/glycoprotein
metabolic remodeling",pCR_high,pCR_high
REACTOME_INTERFERON_SIGNALING,1.294681050717959e-4,0.004458002272674898,0.5188480777437918,0.3178827747712521,1.6149475189281148,262,,REACTOME_INTERFERON_SIGNALING,Interferon signaling,Immune receptor and cytokine signaling,PIAS1;CHUK;PPM1B;RAF1;KPNA4;HSPA2;IRF2;FKBP5;PTPN2;FURIN;ARIH1;NUP50;TRIM38;MAPK1;PRKCD;IRF4;EIF4G2;HLA-G;CAMK2D;KPNA1;TRIM25;JAK2;GBP4;TYK2;EIF4E2;EIF4E3;HLA-E;EIF2AK3;PPP2R1B;EIF4E;CAMK2G;RNASEL;B2M;IFIT3;RANBP2;TRIM10;ISG20;GBP3;FLNB;IRF1;HLA-H;PGGT1B;NCK1;IFNAR1;HLA-A;ATF6;HERC5;PDE12;JAK1;NUP62;RSAD2;NUP54;STAT2;HLA-C;TRIM21;YBX1;PPP2CB;IRF7;MX2;DNAJC3;HLA-DRB5;EIF4G1;TRIM22;TRIM8;SEH1L;PIM1;TUBB4B;HLA-DQB2;HLA-DPA1;STAT3;TRIM3;IRF6;TUBA1C;OASL;FNTB;ILF3;HLA-DRB1;EIF4A2;NDC1;UBE2E1;IFI44;TUBAL3;XAF1;IFNGR2;IFIH1;ACTB;ACTG1;TUBA1B;TUBA8;NUP58;USP18;IRF8;IFIT1;HLA-B;PTPN1;SEC13;ABCE1;SNCA;ADAR;UBE2N;PPP2CA;NUP214;SP100;MAVS;TRIM14;TRIM2;CDK1;HSPA1B;MAPT;IRF9;HLA-F;IFIT5;SMAD7;MX1,C2,CP:REACTOME,Interferon Signaling,R-HSA-913531,2026.1.Hs,262,pCR_high,global,Interferon signaling,REACTOME_INTERFERON_SIGNALING,2.350859714453826,3.796515063205263,19,22,22,0,0,0,0,1,1,0.0018856701806126985,"T-cell / lymphocyte
activation",pCR_high,pCR_high
GOBP_TYPE_I_INTERFERON_PRODUCTION,1.335060051952145e-4,0.004508563454133473,0.5188480777437918,0.37676378506235214,1.7813720002944529,134,,GOBP_TYPE_I_INTERFERON_PRODUCTION,Type i interferon production,Immune receptor and cytokine signaling,CHUK;PPM1B;TRAF3IP3;TANK;RNF125;IRF2;NLRC3;TRIM38;RIOK3;YY1;CYLD;HMGB2;LTB;TRAF6;UAP1;MORC3;TRAF3;MYD88;ZC3HAV1;PTPN22;DTX4;TLR7;IRF1;SIRPA;TYROBP;CD14;TRIM21;PBLD;IRF7;XIAP;LILRA4;POLR3F;TICAM1;SETD2;RELB;GSK3B;HMGB1;ARRDC4;DHX36;XAF1;TRIM56;IFIH1;LTA;ILRUN;IRF8;ATG9A;DHX58;CACTIN;TLR3;MAVS;TREX1,C5,GO:BP,"The appearance of type I interferon due to biosynthesis or secretion following a cellular stimulus, resulting in an increase in its intracellular or extracellular levels. Type I interferons include the interferon-alpha, beta, delta, episilon, zeta, kappa, tau, and omega gene families. [GOC:add, ISBN:0126896631, PMID:15546383, PMID:16681834]",GO:0032606,2026.1.Hs,134,pCR_high,global,Type i interferon production,GOBP_TYPE_I_INTERFERON_PRODUCTION,2.3459618136265017,4.179030688554244,19,22,22,0,0,0,0,1,1,0.0018856701806126985,"T-cell / lymphocyte
activation",pCR_high,pCR_high
GOBP_PHOSPHOLIPID_DEPHOSPHORYLATION,1.629031648808438e-4,0.0052640081514437375,0.5188480777437918,0.5400135483910466,1.9769606257417047,37,,GOBP_PHOSPHOLIPID_DEPHOSPHORYLATION,Phospholipid dephosphorylation,Lipid/glycoprotein and metabolic remodeling,MTMR7;SYNJ1;SACM1L;MTMR3;PLPPR4;PTEN;SGPP1;INPP5B;MTMR6;MTM1;MTMR4;INPP5A;INPP5K;PLPP5;EPHX2;SGPP2;MTMR9,C5,GO:BP,"The process of removing one or more phosphate groups from a phosphorylated lipid, any member of a group of substances soluble in lipid solvents but only sparingly soluble in aqueous solvents. [ISBN:0198506732]",GO:0046839,2026.1.Hs,37,pCR_high,global,Phospholipid dephosphorylation,GOBP_PHOSPHOLIPID_DEPHOSPHORYLATION,2.278683446878088,4.504867453007369,17,15,15,0,0,0,0,1,1,7.976595829862831e-4,"MYC-down
 signature",pCR_high,pCR_high
KEGG_INOSITOL_PHOSPHATE_METABOLISM,1.629031648808438e-4,0.0052640081514437375,0.5188480777437918,0.4733805875292201,1.8623660619054518,52,,KEGG_INOSITOL_PHOSPHATE_METABOLISM,Inositol phosphate metabolism,Lipid/glycoprotein and metabolic remodeling,SYNJ1;PIK3C2G;PLCD3;PIK3CB;PIK3C3;PI4KA;INPP1;PTEN;ITPK1;PLCE1;ITPKA;PIK3CG;INPP5B;PIP4K2C;PLCB2;IPMK;PIP5K1B;INPP5A;PIK3C2B;INPP5K;IMPA1;PLCB3;IMPA2;PIK3CA;PIKFYVE;PLCD1,C2,CP:KEGG_LEGACY,Inositol phosphate metabolism,hsa00562,2026.1.Hs,52,pCR_high,global,Inositol phosphate metabolism,KEGG_INOSITOL_PHOSPHATE_METABOLISM,2.278683446878088,4.243742717291485,17,15,15,0,0,0,0,1,1,7.976595829862831e-4,"MYC-down
 signature",pCR_high,pCR_high
GOBP_REGULATION_OF_ANTIGEN_RECEPTOR_MEDIATED_SIGNALING_PATHWAY,1.6557370856741505e-4,0.005329403744513672,0.5188480777437918,0.433967368607029,1.8559550555036413,80,,GOBP_REGULATION_OF_ANTIGEN_RECEPTOR_MEDIATED_SIGNALING_PATHWAY,Regulation of antigen receptor mediated signaling pathway,Immune receptor and cytokine signaling,SLA2;GCSAM;TESPA1;RC3H1;UBASH3A;MALT1;PTPN2;SH2D1A;CD28;TRAT1;LCK;PDCD1;CYLD;BCL10;FCRL3;PVRIG;PTPRJ;PLCL2;FOXP1;LGALS3;FCMR;PTPN22;CD19;KCNN4;UBR2;GCSAML;CD22;NCK1;STAP1;PRKD2;EZR,C5,GO:BP,"Any process that modulates the frequency, rate or extent of signaling pathways initiated by the cross-linking of an antigen receptor on a B- or T cell. [GOC:ai]",GO:0050854,2026.1.Hs,80,pCR_high,global,Regulation of antigen receptor mediated signaling pathway,GOBP_REGULATION_OF_ANTIGEN_RECEPTOR_MEDIATED_SIGNALING_PATHWAY,2.2733213772684953,4.219182302925964,19,22,22,0,0,0,0,1,1,0.0018856701806126985,"T-cell / lymphocyte
activation",pCR_high,pCR_high
GOBP_NEGATIVE_REGULATION_OF_LEUKOCYTE_MIGRATION,1.709976304561066e-4,0.005461319670381079,0.5188480777437918,0.47152766990478145,1.855076344096633,52,,GOBP_NEGATIVE_REGULATION_OF_LEUKOCYTE_MIGRATION,Negative regulation of leukocyte migration,Epithelial–mesenchymal and matrix remodeling,SLIT2;PADI2;MMP28;PTGER4;GCSAM;KLRK1;CCL21;CD200R1;MIA3;CCN3;CCL28;WASL;GPR18;BCR;ADTRP;BMP5;DPP4;GREM1;RABGEF1;STAP1,C5,GO:BP,"Any process that stops, prevents, or reduces the frequency, rate, or extent of leukocyte migration. [GOC:add]",GO:0002686,2026.1.Hs,52,pCR_high,global,Negative regulation of leukocyte migration,GOBP_NEGATIVE_REGULATION_OF_LEUKOCYTE_MIGRATION,2.2627024019264024,4.1974856995443,25,1,1,0,0,0,0,1,1,0.005461319670381079,"Epithelial–mesenchymal
transition",pCR_high,pCR_high
REACTOME_TRANS_GOLGI_NETWORK_VESICLE_BUDDING,1.7205748101877048e-4,0.005473952291871308,0.5188480777437918,0.44970489555687754,1.8820627123046776,72,,REACTOME_TRANS_GOLGI_NETWORK_VESICLE_BUDDING,Trans golgi network vesicle budding,Golgi–endosomal vesicle trafficking,AP4E1;ARRB1;SNAP23;DNM2;GBF1;GOLGB1;SNX5;GAK;NAPA;AP1G1;BLOC1S6;CHMP2A;CLINT1;SH3D19;CPD;TFRC;PICALM;TGOLN2;CLTB;SH3GL2;AP4B1;SNX9;DNAJC6;AP3B1;ARF1;AP4S1;NECAP1;TPD52;VAMP2;SORT1,C2,CP:REACTOME,trans-Golgi Network Vesicle Budding,R-HSA-199992,2026.1.Hs,72,pCR_high,global,Trans golgi network vesicle budding,REACTOME_TRANS_GOLGI_NETWORK_VESICLE_BUDDING,2.261698991994825,4.256659339290535,18,24,24,0,0,0,0,1,1,0.001449405039933608,G2/M checkpoint,pCR_high,pCR_high
REACTOME_CLASS_I_MHC_MEDIATED_ANTIGEN_PROCESSING_PRESENTATION,1.778474458628947e-4,0.0055776844967755845,0.5188480777437918,0.2935617803176233,1.5359419957278655,357,,REACTOME_CLASS_I_MHC_MEDIATED_ANTIGEN_PROCESSING_PRESENTATION,Class i mhc mediated antigen processing presentation,Immune receptor and cytokine signaling,NEDD4L;CHUK;UBE2D3;RNF138;CTSS;UBE3B;RCHY1;UBE2K;ZNRF2;UBE2G1;ASB7;RNF111;SEC24B;SIAH2;SEC24C;RNF19B;SNAP23;FBXL5;HERC4;UBE2E2;SEC24A;KBTBD8;FBXW5;HECTD3;UBA6;SH3RF1;SEC22B;TRIM36;SEC24D;TRIM9;PIK3C3;HERC3;SAR1B;FBXW2;TRIM41;HLA-G;RNF4;FBXL13;HERC1;BTBD6;TAP1;FBXW7;UBE2J1;ASB8;HLA-E;CYBA;MYD88;ZBTB16;B2M;FGG;AREL1;CYBB;PJA2;HECTD1;UBA5;SEC61A1;LNPEP;FBXL3;KEAP1;UBR2;KCTD6;BTK;FBXW11;DTX3L;WSB1;UBE2D1;TRIP12;HLA-A;HERC5;TRIM69;UBE2L3;UBR1;CD14;ANAPC4;FBXW10;SEC31A;HLA-C;TRIM21;RNF34;RNF126;FBXL7;PSMD2;CUL2;CUL1;MKRN1;FBXL12;FZR1;RNF41;UBE2S;FBXO15;FBXO22;BTBD1;FBXW8;UBE3A;CD36;ARIH2;HMGB1;PIK3R4;TRIM39;FBXO30;HERC6;PSMC4;MEX3C;UBE2E1;LTN1;ASB12;FBXO32;PSMD8;FBXO11;GAN;CD207;KLHL20;PDIA3;CDC20;HLA-B;SEC13;CUL5;RNF220;FBXL14;UBE2N;TAP2;MRC1;FBXL20;ERAP2;DCAF1;UBE4A;RLIM;KLHL9,C2,CP:REACTOME,Class I MHC mediated antigen processing & presentation,R-HSA-983169,2026.1.Hs,357,pCR_high,global,Class i mhc mediated antigen processing presentation,REACTOME_CLASS_I_MHC_MEDIATED_ANTIGEN_PROCESSING_PRESENTATION,2.253546055359434,3.461316025733428,18,24,24,0,0,0,0,1,1,0.001449405039933608,G2/M checkpoint,pCR_high,pCR_high
WP_T_CELL_RECEPTOR_AND_COSTIMULATORY_SIGNALING,1.803851842710216e-4,0.005587871873658714,0.5188480777437918,0.6048291534832019,2.0332923614496443,27,,WP_T_CELL_RECEPTOR_AND_COSTIMULATORY_SIGNALING,T cell receptor and costimulatory signaling,Immune receptor and cytokine signaling,CD8A;RASGRP1;ITK;NFKB1;CD28;PPP3CA;DYRK1A;GSK3A;LCK;PTEN;PDCD1;ZAP70;CALM1;CSNK1A1,C2,CP:WIKIPATHWAYS,T cell receptor and co-stimulatory signaling,WP2583,2026.1.Hs,27,pCR_high,global,T cell receptor and costimulatory signaling,WP_T_CELL_RECEPTOR_AND_COSTIMULATORY_SIGNALING,2.2527535605394142,4.580506606873279,19,22,22,0,0,0,0,1,1,0.0018856701806126985,"T-cell / lymphocyte
activation",pCR_high,pCR_high
REACTOME_INTRA_GOLGI_AND_RETROGRADE_GOLGI_TO_ER_TRAFFIC,1.799150529332685e-4,0.005587871873658714,0.5188480777437918,0.33501330707828425,1.6475803705342422,194,,REACTOME_INTRA_GOLGI_AND_RETROGRADE_GOLGI_TO_ER_TRAFFIC,Intra golgi and retrograde golgi to er traffic,Golgi–endosomal vesicle trafficking,TMF1;MAN2A2;CYTH1;SEC22B;GALNT1;PAFAH1B1;RAB18;GBF1;GOLGA4;KDELR3;KIF26A;SNAP29;RAB39A;KIF16B;CAPZA1;NAPA;GOLGA1;RAB3GAP1;MAN2A1;RAB43;RAB1B;ARF4;RAB1A;TMED3;SURF4;CYTH2;VTI1A;NAA35;COPG1;KIF13B;ARFGAP3;CENPE;STX18;COG2;TRIP11;SCOC;COG7;MAN1A2;TGOLN2;KIF23;ARL1;DYNC1I2;RGP1;COPE;TUBB4B;BNIP1;ACTR10;COPB2;NAPG;ARCN1;ARF1;TMED10;TUBA1C;DYNC1LI2;KIF20B;NSF;DCTN5;VAMP4;KDELR1;KDELR2;COPB1;COG3;COPZ2;KIF21A;TUBAL3;KIF11;RIC1;TUBA1B;TUBA8;ARFIP2;GOLGA5;GOLIM4;KIF20A;TMED2;COG5;DCTN4;RAB33B;IGF2R;KIFC1;DCTN3;TMED7;USE1;RAB9B;DCTN6;AGPAT3;VPS45;KIF2C;KIF15;GCC2;ACTR1A;STX5,C2,CP:REACTOME,Intra-Golgi and retrograde Golgi-to-ER traffic,R-HSA-6811442,2026.1.Hs,194,pCR_high,global,Intra golgi and retrograde golgi to er traffic,REACTOME_INTRA_GOLGI_AND_RETROGRADE_GOLGI_TO_ER_TRAFFIC,2.2527535605394142,3.7115925459958614,18,24,24,0,0,0,0,1,1,0.001449405039933608,G2/M checkpoint,pCR_high,pCR_high
REACTOME_O_LINKED_GLYCOSYLATION_OF_MUCINS,1.9555240993119138e-4,0.005859461301210971,0.5188480777437918,0.4681845060235897,1.8732128821395835,55,,REACTOME_O_LINKED_GLYCOSYLATION_OF_MUCINS,O linked glycosylation of mucins,Barrier and mucus program,B3GNT7;GALNT5;MUC12;ST6GAL1;B3GNT5;B4GALT6;B3GNT3;GALNT1;GALNT7;MUC5AC;GALNT12;ST3GAL4;B3GNT8;MUC4;GCNT3;C1GALT1C1;MUC3A;MUC6;MUC5B;B3GNT6;MUC13;GALNT3;ST3GAL3;GALNTL6;B3GNT4,C2,CP:REACTOME,O-linked glycosylation of mucins,R-HSA-913709,2026.1.Hs,55,pCR_high,global,O linked glycosylation of mucins,REACTOME_O_LINKED_GLYCOSYLATION_OF_MUCINS,2.232142309692765,4.1812777292852905,20,9,9,0,0,0,0,1,1,0.0010912894735718502,"Mucus/goblet-cell
program",pCR_high,pCR_high
GOBP_COPII_COATED_VESICLE_CARGO_LOADING,2.0171340542208621e-4,0.005951269732942467,0.5188480777437918,0.6705693931224084,2.0372604230386817,18,,GOBP_COPII_COATED_VESICLE_CARGO_LOADING,Copii coated vesicle cargo loading,Golgi–endosomal vesicle trafficking,SEC24B;CIDEB;SEC24C;MIA3;SEC24A;SEC24D;SAR1B;RAB1A;SAR1A;SURF4;SEC31A;SEC31B;SEC23B;SEC13,C5,GO:BP,"The formation of a macromolecular complex between the COPII coat proteins and proteins and/or lipoproteins that are going to be transported by the COPII vesicle to the Golgi. [GOC:ascb_2009, GOC:dph, GOC:lb, GOC:tb]",GO:0090110,2026.1.Hs,18,pCR_high,global,Copii coated vesicle cargo loading,GOBP_COPII_COATED_VESICLE_CARGO_LOADING,2.2253903655016685,4.533699717448136,18,24,24,0,0,0,0,1,1,0.001449405039933608,G2/M checkpoint,pCR_high,pCR_high
SABATES_COLORECTAL_ADENOMA_SIZE_DN,2.244839878929038e-4,0.006378441587025957,0.5188480777437918,0.7301590142169256,2.065127833047973,14,,SABATES_COLORECTAL_ADENOMA_SIZE_DN,Sabates colorectal adenoma size dn,Adenoma/CRC epithelial program,MMP28;MAOA;C2orf72;TBX10;PDE4D;GNPTAB;CAPN13;GLDN;TMEM125;BNIP1;CYSLTR1;RETNLB,C2,CGP,A selection of genes whose expression displayed significant negative correlation with size of colorectal adenoma.,Table S3,2026.1.Hs,14,pCR_high,targeted_keyword,Sabates colorectal adenoma size dn,SABATES_COLORECTAL_ADENOMA_SIZE_DN,2.1952854173335794,4.53354501681991,26,1,1,0,0,0,0,1,1,0.006378441587025957,"Colorectal adenoma-down
signature",pCR_high,pCR_high
GOBP_INTERFERON_MEDIATED_SIGNALING_PATHWAY,2.244839878929038e-4,0.006378441587025957,0.5188480777437918,0.408116538337368,1.792164454836768,90,,GOBP_INTERFERON_MEDIATED_SIGNALING_PATHWAY,Interferon mediated signaling pathway,Immune receptor and cytokine signaling,UBE2K;RBM47;TANK;NR1H2;EPG5;RAF1;PTPN2;LSM14A;IL10RB;GPR108;TRIM41;CR2;JAK2;TXK;TYK2;EIF4E2;AZI2;TRAF3;MYD88;CDC37;IRF1;IFNAR1;JAK1;STAT2;RNF185;IRF7;SIN3A;MUL1;PARP14;OASL;NLRC5;IFNGR2;TRIM56;IFIH1;USP18;PTPN1;ADAR;CACTIN;SP100;PARP9;MAVS;TREX1;DCST1;TTLL12;YTHDF3,C5,GO:BP,"The series of molecular signals initiated by type II interferon binding to its receptor on the surface of a target cell, and ending with the regulation of a downstream cellular process, e.g. transcription. Type II interferon is also known as interferon-gamma. [GOC:add, GOC:dph, GOC:signaling, PMID:32464097]",GO:0140888,2026.1.Hs,90,pCR_high,global,Interferon mediated signaling pathway,GOBP_INTERFERON_MEDIATED_SIGNALING_PATHWAY,2.1952854173335794,3.934312493166741,19,22,22,0,0,0,0,1,1,0.0018856701806126985,"T-cell / lymphocyte
activation",pCR_high,pCR_high
GOBP_LIPID_CATABOLIC_PROCESS,2.3193857523628875e-4,0.006534399478696471,0.5188480777437918,0.29835892491655186,1.53976225896802,307,,GOBP_LIPID_CATABOLIC_PROCESS,Lipid catabolic process,Lipid/glycoprotein and metabolic remodeling,PDE3B;HSD17B11;MFSD2A;PLBD1;ETFDH;HPGD;ENPP6;BCO2;SMPD3;PLA2G10;NAAA;CYP4F12;LIPH;NEU4;PLCD3;AKR1B10;SMPDL3A;PRDX6;PRKAA1;ADHFE1;PLA2G2A;ABCD2;PAFAH1B1;ABHD3;FUCA1;PRKCD;ABCD3;PAK4;SCP2;PLD1;ASAH2;PLCE1;CPT2;AKT2;GBA2;ABHD5;IRS1;SMPDL3B;ABHD12B;ASPG;SGPP1;LPIN2;CPT1A;BSCL2;SLC27A2;CYP4F3;SCARB2;ABHD2;NUDT8;GDPD3;SIRT6;GBA3;ILVBL;FABP4;MGLL;ECH1;ECHDC1;ACOX3;NAPEPLD;PLCB2;CRTC3;ADTRP;PLA2G12A;LDLR;PAFAH2;SORL1;GDE1;ASAH1;NCEH1;PLA2G7;PNPLA8;SPART;PNPLA2;NUDT19;ACOXL;PRKCE;ABCB11;CROT;RAB7A;SGPL1;PLCXD2;PNPLA7;ACADM;PLCB3;ECHDC2;SMPD1;HADH;GLB1;AKT1;NAGA;GCDH;PPARA;HACL1;ASAH2B;ADRA2A;HSD17B6;SGPP2;NAGLU;RARRES2;ALDH3B1;HEXB;HEXA;PLCD1;YWHAH;PLA2G4D;SESN2;FAAH;ACAA1;SRD5A3;LIPJ;MGST2;ACADVL;ACADS;DGKD;ECHS1;ABHD6;ACER3;ETFA,C5,GO:BP,"The chemical reactions and pathways resulting in the breakdown of lipids, compounds soluble in an organic solvent but not, or sparingly, in an aqueous solvent. [GOC:go_curators]",GO:0016042,2026.1.Hs,307,pCR_high,global,Lipid catabolic process,GOBP_LIPID_CATABOLIC_PROCESS,2.184794318576493,3.3640638353518364,17,15,15,0,0,0,0,1,1,7.976595829862831e-4,"MYC-down
 signature",pCR_high,pCR_high
WP_INHIBITION_OF_EXOSOME_BIOGENESIS_AND_SECRETION_BY_MANUMYCIN_A_IN_CRPC_CELLS,2.7095983266477614e-4,0.007344437569597879,0.49849310876659025,0.6603449812802582,2.0061975832960717,18,,WP_INHIBITION_OF_EXOSOME_BIOGENESIS_AND_SECRETION_BY_MANUMYCIN_A_IN_CRPC_CELLS,Inhibition of exosome biogenesis and secretion by manumycin a in crpc cells,Golgi–endosomal vesicle trafficking,RAB27A;NRAS;RAF1;BRAF;MAPK1;RAB5A;KRAS;MRAS;RAB5B;HNRNPH1;PDCD6IP,C2,CP:WIKIPATHWAYS,Inhibition of exosome biogenesis and secretion by manumycin A in CRPC cells,WP4301,2026.1.Hs,18,pCR_high,global,Inhibition of exosome biogenesis and secretion by manumycin a in crpc cells,WP_INHIBITION_OF_EXOSOME_BIOGENESIS_AND_SECRETION_BY_MANUMYCIN_A_IN_CRPC_CELLS,2.1340414564799164,4.281308812643637,19,22,22,0,0,0,0,1,1,0.0018856701806126985,"T-cell / lymphocyte
activation",pCR_high,pCR_high
