CAZy_family	Sample_7	Sample_10	Sample_8	Sample_9	Sample_12	Sample_11	Sample_14	Sample_13	Sample_15	Sample_16	Sample_17	Sample_19	Sample_22	Sample_18	Sample_20	Sample_21	Sample_23	Sample_24	Sample_26	Sample_27	Sample_29	Sample_25	Sample_28	Sample_31	Sample_35	Sample_33	Sample_34	Sample_32	Sample_36	Sample_37	Sample_38	Sample_39	Sample_41	Sample_42	Sample_40	Sample_43	Sample_44	Sample_45	Sample_2	Sample_3	Sample_4	Sample_5
AA0	0	0.441037	12.846188	0.033793	0.008848	0.280776	2.388389	0.3184	0.041425	1.347399	2.341161	0.172446	22.296047	9.94177	98.003466	1.647549	0.976857	0.12375	0.008912	0	0.019352	0.285308	0.580801	0.080038	0.024265	0.060847	0.442584	0.761773	6.454612	0.097006	2.000995	0.096574	15.757744	2.475856	0.58119	4.138107	0	0.199359	0.822227	0.050814	0	3.047834
AA1	0.258128	1.141296	38.28614	1.234679	1.034084	0.889947	6.400366	0.501764	0.08278	6.245643	9.719432	32.225852	45.254357	24.605904	180.620097	8.685352	3.296604	0.745318	3.274016	1.512054	0.323118	6.615892	14.374705	5.796684	0.408239	0.12345	1.749662	2.898184	15.817721	4.129187	6.759051	1.803808	65.007173	10.967526	2.429853	13.953669	1.642564	20.144132	1.974844	0.398609	0.341116	15.803981
AA10	10.947417	0.388567	8.150292	15.780342	20.125857	43.695373	77.356949	4.388243	0.883934	27.502829	19.717954	38.94901	14.413622	34.395468	1.020475	6.59825	1.935694	3.185245	5.265249	25.853182	2.496264	19.556533	37.233008	20.639314	2.97903	1.950966	4.118035	4.06053	0.036906	15.18646	47.76069	12.783597	46.862915	3.437462	5.449402	100.974653	36.280132	13.294266	10.926985	1.013417	30.508138	72.747416
AA11	0.284957	0.034774	0.385357	0.061898	0.035359	0.037153	0.02456	0.037783	0	0.40668	0.551912	1.759403	0.514483	0.117022	0.295037	2.050613	0.298701	0.007065	0.021338	0.019009	0.080526	0.647249	0.559458	0.187947	0.900564	1.631796	0.076686	1.33782	0.082209	0.261168	1.180192	0.518256	0.103154	0.0697	0.223421	0.058316	0.025818	0.167946	0.068531	0.095155	0.075746	0.116872
AA12	0	0	0	0	0	0	0	0	0	0	0	0	0	0	0	0	0	0	0	0	0	0	0	0	0	0	0	0	0	0	0	0	12.637198	0	0	0	0	0	0	0	0	0
AA18	51.924621	34.29733	95.605391	20.436301	16.571109	23.093412	55.326735	38.205234	29.093203	56.229275	65.573303	120.170539	81.021487	21.248397	2.148869	106.306616	25.877488	58.828159	104.98608	24.871994	16.689117	46.14393	39.345447	74.494533	21.896283	41.864393	10.803311	148.811912	17.74638	53.515955	23.62854	34.102718	82.245419	52.710599	72.903668	31.966327	60.831835	134.225256	11.454429	19.236865	36.723539	64.560341
AA2	0	0.441037	12.846188	0.033793	0.008848	0.280776	2.388389	0.3184	0.041425	1.347399	2.341161	0.172446	22.296047	9.94177	98.003466	1.647549	0.976857	0.12375	0.008912	0	0.019352	0.285308	0.580801	0.080038	0.024265	0.060847	0.442584	0.761773	6.454612	0.097006	2.000995	0.096574	15.757744	2.475856	0.58119	4.138107	0	0.199359	0.822227	0.050814	0	3.047834
AA3	0.063598	1.045397	34.252507	0.351278	1.108729	0.773266	5.361858	8.033131	0.361153	1.12119	5.358835	3.742483	23.927435	31.548449	144.534376	10.962203	7.251555	0.457141	0.465959	1.281863	11.788625	11.450673	5.645527	1.522747	0.474807	0.771499	1.579566	20.226872	13.74959	9.791951	6.273434	0.896734	114.411194	3.373333	1.790055	6.833203	2.830174	1.954508	8.958867	4.428619	0.547317	7.67585
AA4	93.587853	70.548681	30.995494	29.155735	43.714294	48.678782	39.148567	22.766344	29.023737	32.078948	32.737729	58.491951	61.409778	34.728471	46.784895	30.010543	32.217827	25.967954	22.650507	86.427999	70.98052	51.570444	55.28579	18.380585	40.810354	38.084219	52.86897	12.728646	9.711142	46.325385	29.221088	30.226588	75.795881	46.89244	43.282806	21.266563	66.131048	115.977268	108.879219	145.290836	128.873394	17.319078
AA5	0	0.445082	13.935745	0	0	0.255792	1.552239	0.135267	0	0.054639	1.883924	0.112353	12.106254	9.585644	80.64128	2.007886	0.895296	0.140261	0	0	0.018897	0.099485	0.49695	0.020549	0	0.010657	0.392211	1.183414	7.199359	0.078938	0.909672	0.042986	12.602498	0.780415	0.461772	3.73028	0	0.08464	0	0	0	1.211703
AA6	22.559063	11.81691	20.013418	5.278547	4.361794	3.770414	7.59268	7.466968	6.902142	0.877283	10.026934	1.035228	22.100689	14.195241	102.25007	4.638822	9.578829	4.422314	2.687798	11.412822	8.13784	10.038763	7.993049	3.663552	7.012626	8.107849	9.964033	2.055342	16.992699	8.213583	7.861787	3.238872	45.439309	8.596672	11.683058	14.044325	1.625273	5.800914	5.654301	3.278144	3.77374	7.179505
AA7	64.655413	55.350147	43.055992	17.297214	26.267904	51.319059	43.324913	28.110275	36.125764	14.895055	19.104283	7.165841	36.608775	45.428903	141.056788	12.07581	29.501124	39.066936	29.21319	52.694073	52.435634	35.655227	41.526885	20.936443	24.585164	30.680715	34.06616	11.888879	9.123351	21.583498	25.279108	23.685141	65.570272	41.125775	43.396312	13.288184	43.362947	53.41882	73.185724	90.910952	81.755265	15.66859
AA9	0.923434	0.488499	2.128817	0.796479	0	0.362024	0.955898	1.935983	0.775639	10.575044	17.09044	43.981368	6.467052	0.608981	0.099098	23.1711	2.927292	1.969332	2.536007	1.42213	0.692879	9.901501	6.507486	0.071701	0.825474	4.911451	0.4477	10.690055	82.861351	5.33015	0.311374	3.786992	2.54046	1.595584	1.419675	0.757962	0.349456	2.461579	0.716625	0.446148	0.160471	2.213877
CBM0	168.50329	153.529151	137.170761	102.662212	61.812072	127.120991	165.82247	114.689324	116.68838	213.281013	179.042841	463.834006	213.725993	182.666581	168.68625	414.346453	80.674873	109.937645	72.844782	150.660878	269.288185	168.276672	106.737017	84.353888	92.096489	109.578859	112.004633	561.438463	894.225494	220.560372	94.416587	168.418803	146.514121	212.187927	55.499654	129.622357	76.42448	109.047025	101.34703	98.462994	91.230373	78.406571
CBM1	21.259966	3.970933	15.307352	0.448021	0.004284	1.875673	4.98316	10.797375	5.724687	42.008203	40.431726	51.289413	12.996793	1.883805	0.925477	66.723397	2.356187	29.623933	29.006605	4.353972	1.895812	16.034654	6.255322	0.891913	7.133226	10.821784	2.471429	70.482357	89.349253	13.462873	0.932182	14.380136	10.843219	8.600159	1.957203	13.158586	2.924633	6.043541	1.781866	1.073487	0.384474	2.038398
CBM10	0	2.54023	0	0.027588	0	0	0	0.037116	0.009074	0	0	0	0	0	0	0	0	0	0	0.518013	0	0	0	0	0	0	0.682462	0	0	0	0	0	0	0	0	0.053944	0	0	0	0	0	0.009396
CBM102	0	0.056916	0	0	0	0	0	0	0	0	0	0.083146	0.220702	0	0	0	0	0.098591	0.049622	0	0	0	0	0	0	0	0	4.249863	0	0.939207	0	0.171213	0.259718	0.37046	0	0	0	0.027711	0	0	0	0
CBM103	0	0	1.747954	0.014921	0.020836	0	0	0.151982	0.091464	0	0	0.047339	0.025786	0	0	2.263236	0.020084	0	0	0	0	0.041918	0.098535	0	0	0.023948	0	0	0	12.354642	0	0.663335	0	0	0.039696	0	0	0.071324	0.949618	0.004908	0	0
CBM105	3.601057	0.333212	7.322666	0.062385	0.003267	0	0	0	0	0	0	0	0.034711	0	0	4.598557	0.110215	2.13766	3.285193	0	0	0.075233	0.008842	0	0	0	0	0	0	0	0.010583	0.609165	0	0	0.663477	0	0	0	0	0	0	0
CBM12	0.979082	1.797911	0.01174	2.288289	0	3.299835	2.191999	0.506954	0.221503	0.071571	0	0	0.078028	0.132651	0.023419	0.34533	0.198471	1.229172	0.110023	0	0.703652	0.184214	0.133923	0.377898	1.182025	0.257535	0.271816	0.14249	0	0.8346	0	0	12.732469	0.397622	0.125854	0.429727	5.741187	1.419668	2.263275	1.611114	6.961942	2.655281
CBM13	257.855246	187.576181	266.781192	159.890612	265.085126	217.562256	180.595616	239.690782	315.420816	226.581974	242.786918	105.628402	215.546453	138.648524	108.475473	138.096601	175.694701	205.729949	244.994637	230.998452	150.700183	237.028747	305.883736	238.655508	199.141936	228.578317	165.921338	238.862544	202.356593	144.546349	252.708381	208.615287	183.506777	188.82694	230.803116	92.307995	284.07043	230.295238	202.096788	189.996416	271.280343	305.967499
CBM16	3.225956	5.237158	0.048988	10.607394	3.836391	5.14876	2.913134	3.202184	3.874755	0.800094	3.12699	4.295891	5.023882	4.449026	5.697113	1.453416	1.450309	0.221783	0.937848	0.352232	2.251883	1.556375	6.690166	9.18676	43.364289	3.978426	12.876863	11.979548	0.040785	0.60507	5.396943	2.130943	6.786754	5.109525	0.937932	3.731603	12.876695	23.449647	0.990611	0.777787	13.976768	0.31571
CBM18	0.795492	2.644152	13.467165	0	0	0.53752	0.286035	0.018221	0.057021	0	0	0	0	0.134923	0	3.594619	14.891297	0.404327	0.452647	0	0	3.645472	0.255953	0	0	5.587564	1.1408	0	0	5.692394	2.518139	0.06963	0	0	1.9873	0.03531	0	0	1.131453	0.272655	0	0
CBM2	7.53685	11.28371	2.291179	1.77951	2.972706	5.474976	4.403967	14.344579	53.589086	6.30569	8.902768	1.583126	8.470113	0.533007	0.414077	13.756527	6.014058	28.539422	13.714311	2.637677	1.086982	5.270914	5.128567	8.834025	12.241838	11.882855	0.729219	0.300174	0	11.578903	2.256055	2.536616	16.17551	9.953969	3.331788	1.467266	1.687713	1.554201	4.370086	3.714353	4.996314	14.626416
CBM20	49.392357	18.853913	44.869423	8.265493	25.553738	39.467389	25.63162	5.50993	1.771575	69.7062	84.038672	58.808008	21.168972	4.265276	1.021855	81.977176	3.222736	13.018895	17.161281	4.402843	1.683924	18.547682	8.538586	6.605494	8.090747	12.883391	2.849089	115.272845	95.546688	20.257928	47.924517	43.939096	15.421703	9.474892	4.809161	1.514166	4.547911	5.774771	27.514413	2.605012	1.082626	2.3695
CBM21	0	0	0	0	0	0	0	0	0	0	0	0	0	0	0	0	0	0	0	0	0	0	0	0	0	0	0	0	0	0	0	0	0	0	0	0	0	0	6.031243	14.150499	0	0
CBM22	15.361075	5.660068	0.390734	0.442692	0.154452	1.439478	0.484888	16.931383	14.429145	0.525045	0.252106	1.062187	0.242343	0.504313	0.109089	2.469632	2.596379	12.981514	8.044923	5.059119	4.973298	3.140679	9.480918	2.129266	2.959041	19.279975	1.619341	0.318142	0	5.598297	2.584511	13.451273	14.675411	1.462328	3.9346	0.952757	5.874757	0.320551	4.42412	14.717143	5.343839	8.933436
CBM23	2.677585	21.521407	3.768585	0.673675	1.203838	1.310616	1.960075	10.215428	6.369374	0.075785	0.030639	0.644835	4.465191	1.316507	0.030494	1.18576	1.29146	7.504681	4.959868	3.879931	0	1.894722	2.481779	2.218343	2.857534	18.607023	4.429185	0.424973	0	4.412972	0.740092	3.329674	0.389999	0.192259	2.26812	0.26781	10.198267	0.636534	3.491873	1.511325	1.452517	9.203287
CBM25	1.283542	18.889952	2.202732	3.294323	16.09457	22.037134	13.727074	17.772688	11.656182	0.005177	0	1.419383	4.64731	0.04831	0.043592	0.341608	14.63107	1.545344	0.336153	16.70298	0.174572	4.546213	16.337948	0	8.136171	2.778541	2.859643	0.004107	0	2.665671	20.049996	15.367159	14.760755	0.577786	1.58769	0.125774	23.554075	10.378637	31.760907	16.664272	15.503009	1.948412
CBM26	43.794961	66.545888	37.494229	8.700048	31.516647	274.282734	290.204515	187.064876	119.951461	55.972214	35.887949	1.839389	25.857244	57.477668	0.712086	50.272238	2.895322	57.798313	93.386204	3.666355	5.185332	31.786686	0.837527	23.745848	151.101415	70.85749	28.43498	55.045039	0	122.067388	48.896536	40.32885	5.652529	1.408804	12.564237	0.104431	19.746249	79.872399	87.985096	74.452112	86.83339	92.819129
CBM27	2.471615	0.642296	3.466548	0.127343	0.916393	1.310616	1.960075	4.497502	3.249755	0.075785	0.030639	0.165615	1.6042	1.316507	0.030494	0.091418	0.208899	3.885364	3.057573	3.471348	0	0.119878	0.008429	1.619711	1.583441	5.918389	0.164891	0.424973	0	1.187439	0.431569	1.462681	0.389999	0.192259	0.792661	0.265373	10.198267	0.636534	1.089652	0.361079	1.424166	3.927664
CBM3	20.286786	4.755082	0.626489	1.00966	0.339523	0	0.009791	4.931111	6.937558	0.032809	0.036665	0.010108	0	0	0	0.051984	2.926775	13.965184	6.790065	0.023536	0.013093	3.906812	13.296404	0.764346	2.877602	21.570396	1.820532	0	0	2.842698	2.168809	5.538007	0.078838	0.735632	5.341195	0	0	0	4.320779	2.24732	7.07772	11.933875
CBM30	0	0	0	0.222617	0.149361	0	0	0.565074	1.194457	0	0	0	0	0	0	0	0.270391	0	0	0	0	0	0	0.259929	0.789253	0	0	0	0	0.494499	0.216365	0.540116	0	0	0	0.006801	0	0	0.931995	0.560208	0	1.855251
CBM32	220.097139	192.119444	172.737533	147.55942	126.320658	155.87394	235.263404	120.250636	110.625323	409.518509	350.839748	1137.188771	597.905284	266.799532	110.515958	670.643351	161.540007	277.97623	137.033994	224.37963	401.475956	485.895231	378.95171	144.803615	227.232783	167.181952	131.844856	915.701166	1442.658103	462.867123	184.695573	223.800555	252.809341	338.183736	111.97094	118.358715	167.582531	406.195522	114.498024	68.684615	140.515583	224.393701
CBM34	103.802324	95.362046	120.080351	148.859087	135.338702	156.105202	192.886318	184.671501	211.434324	126.148489	106.436422	27.829326	120.187092	207.913263	199.44088	62.717143	138.272482	163.843665	164.309096	170.938017	199.070727	131.414754	116.22145	141.885351	118.825702	137.6728	146.494211	96.919031	13.598176	112.823523	212.687621	150.151033	95.81484	164.458123	159.206952	111.131904	186.377839	118.513941	165.256171	175.944607	150.760436	172.034142
CBM35	53.308625	32.845421	19.831908	2.047516	1.061352	5.038538	10.891697	29.50249	16.206818	30.77122	24.510133	103.093987	65.90648	11.31645	1.577589	90.350516	10.785345	45.48418	17.583242	3.77927	2.283104	40.043677	68.310759	11.036795	12.153131	97.679029	10.44226	174.267402	103.272925	44.923101	14.478708	21.893132	24.184991	27.354741	12.655738	6.840987	27.789569	60.062431	26.10902	7.135534	15.186508	36.613044
CBM36	0.230343	0.246759	0	0	0	0	0	0.836871	0.369076	0	0	0	0	0	0	0	0	0	0	0	0	0.057839	0	0	0	0	0	0	0	0.26543	0	0	0	0	0	0	0	0	0.052319	0.166425	0	0
CBM37	15.346591	4.970918	0.382798	0.903994	1.691729	5.581731	9.289016	3.248083	5.601478	0.00549	0.48541	0.176414	1.869221	0.187845	0.048223	1.032088	1.908386	6.364171	2.590917	5.28553	2.246951	4.329624	11.070997	1.160248	1.237929	19.347546	2.00968	0.02209	0	3.255099	1.24231	2.165442	0.387107	1.174286	4.456626	0.159837	0.115977	2.12663	2.298413	1.661071	6.731452	7.256319
CBM38	2.819369	1.080433	0	0.020923	0	0.105348	0.497555	0.197775	0.168115	4.687443	0.064948	0.715312	2.323779	0.009852	0.02946	0.103926	0.087506	0.183946	0.006665	0.656021	0.152207	3.574676	0.410638	0.055001	4.975892	2.980272	0.955629	7.24849	0	1.532971	0.096631	0.637036	1.864991	1.309955	0.031845	0.011689	0.029685	0.312793	0.104727	0.279803	0.157389	0.213781
CBM4	15.813158	13.937062	9.138649	1.532198	0.383415	2.28816	2.168429	8.93929	8.67289	40.097221	27.672893	10.440845	3.703176	0.314577	0.303742	15.780094	5.656646	45.522232	35.14819	4.447315	1.409778	6.216661	9.830727	8.326241	17.544659	18.81709	1.610341	11.813604	0.544895	12.344708	3.301638	19.119453	5.168222	2.026653	8.227814	1.362763	12.653838	3.908256	5.764693	3.193394	5.33523	17.301663
CBM40	1.793437	0.70724	0.1223	2.837225	0.389387	0.128838	1.815241	0.16542	0.058355	2.161751	1.110512	5.12882	1.392062	6.116431	0.63615	0.752236	0.537815	17.471568	2.706524	0.89768	9.490234	4.174947	1.121862	0.768758	0.148068	2.395484	3.795232	4.737139	0.066184	8.218637	1.468745	0.583067	0.566263	1.869985	0.505654	1.220427	0.577127	1.849005	1.732731	1.107335	0.166226	1.696502
CBM41	10.020213	68.81135	31.106432	14.775382	131.499963	26.141828	24.62689	26.946726	34.710157	67.491425	35.688176	4.121295	22.647911	8.809183	2.514601	7.229872	3.381414	18.334407	19.74797	34.661705	5.902286	22.901749	74.709678	13.316631	1.17614	32.691123	25.941696	5.159545	14.846743	3.877725	27.909578	18.172928	20.234339	5.071429	25.023412	2.69786	44.632355	22.636866	15.436468	9.375004	23.098749	19.739003
CBM42	1.114363	0.335366	0	0	0	0	0	0.161627	0.052127	0	0	0	0	0	0	0.220633	0.009263	0.139199	0.207764	0	0	0	0	0	0	0.047412	0.076604	0	0	0.591991	0	0	0.03447	0.847896	0.009338	0.004485	0	0	0.633514	0	0	0
CBM47	0.733579	3.076008	0.730943	0.249587	0.123702	0.493974	1.251239	0.860635	0.687511	1.028465	0.276367	47.660257	25.626649	3.863418	0.533838	21.853125	1.656363	0.369036	0.17299	0.592162	0.243963	7.283073	11.731053	0.542086	1.420158	1.564912	0.33329	54.459735	0.880302	7.052009	2.643564	1.686089	9.907805	9.586034	0.356015	0.277374	1.646957	32.543709	2.770795	0.313334	0.214737	1.034492
CBM48	858.576728	903.906179	1026.872531	1038.097241	1317.381834	1125.05987	1121.6778	1046.881452	1126.892873	856.820037	879.400662	471.855305	787.906221	950.841485	855.759538	649.51941	963.313224	992.352281	1134.193248	1013.705643	1004.926026	913.422843	1060.85405	1084.244256	1052.3417	1100.980928	1077.430835	699.881411	525.966323	758.422128	870.34217	914.368963	821.563131	1021.364995	1085.383026	850.496368	1115.261003	959.581954	797.212926	895.417124	1038.470556	1027.622201
CBM5	1.243704	12.507121	0.310767	6.066001	5.133809	0.28296	8.758439	3.277327	3.4942	0.594834	2.572461	5.03061	19.99361	3.201007	0	6.324001	1.847439	10.181497	4.689054	8.501497	0.936021	24.324156	16.690995	0.459356	1.776174	7.918829	1.605842	0.189163	5.709746	17.431306	8.082748	4.547212	22.086708	1.16403	1.454366	7.313984	0.002015	0.24436	3.364187	1.520065	8.408856	14.089966
CBM50	1070.401113	1181.042319	1112.88584	885.654521	1280.913875	1133.848678	1078.858916	965.226627	947.236071	1381.462952	1306.726405	1211.051621	1164.156988	1287.346243	1555.28015	1189.380763	980.905832	1032.606552	949.314652	1113.252815	973.001258	1219.235829	1403.567802	934.976045	1047.285432	1061.97495	994.232722	1262.665322	1188.303319	1162.939171	1363.080372	987.220491	1243.160981	923.305667	1016.872517	998.326568	1101.79051	1126.455779	1151.572058	873.687368	1044.820418	1219.972768
CBM51	12.716928	15.155069	9.431507	11.472259	14.238687	15.714875	39.78415	23.695367	21.856492	28.196845	42.106728	143.751034	99.225878	40.195181	24.423462	59.295551	11.242626	56.78023	16.968076	108.7587	93.803763	54.734107	76.365807	26.046879	13.32797	33.828991	25.98589	38.426175	0.265697	51.811244	37.228682	36.998052	43.584048	83.680145	25.875836	5.391436	28.274612	98.630371	18.413051	9.580228	16.272162	25.098414
CBM54	9.349873	2.254745	4.507684	6.861768	7.261525	6.094135	5.790829	2.582314	8.335329	6.634097	8.318477	6.472258	9.611691	2.187658	0.08051	2.576852	7.011361	14.522376	13.068818	18.069147	2.097124	10.24291	6.039847	1.178345	0.387216	8.229942	3.685133	2.249757	0.007029	7.250413	3.411476	4.795273	1.633037	5.334089	7.501577	0.381626	6.352092	8.484159	3.540414	3.06033	7.296235	2.250449
CBM56	16.382675	24.714744	0.715356	1.765479	1.984524	7.60916	5.427759	3.211396	3.081689	2.119161	1.897891	10.470597	19.088703	0.340701	0.046219	15.862522	1.632875	10.512033	3.331775	10.044314	0.448565	14.969468	20.815783	0.340996	1.433612	5.871504	1.508496	3.077608	0.14871	14.892789	8.086773	9.39641	0.849549	1.440001	0.672018	0.395491	2.948361	4.307403	17.570033	1.697671	6.018905	0.175439
CBM57	21.853644	5.100746	17.030913	0.008094	0.004239	0.55181	2.785529	0.92525	0.350593	25.23795	23.44075	13.058962	7.917586	1.543698	0.736238	40.059767	1.028057	7.448665	10.521241	1.570452	0.71977	4.286682	2.208313	1.187554	3.429858	4.01326	0.835976	59.434588	5.145412	7.668399	0.584326	12.949686	5.906873	6.558917	0.499596	0.043725	4.974914	8.138157	0.516961	0.456401	0.143018	1.073172
CBM58	9.633588	13.045569	0	0	0	0.126811	0.314294	0.35926	0.111989	2.648915	0.844945	14.697045	6.810544	0.054438	0.041834	20.737599	0.161156	0.51764	0.04588	1.112074	0.344928	0.703824	0.746177	0.01333	0.610566	2.006958	0.373545	4.088768	5.819988	8.416482	0.84269	0.488986	0.737603	0.170562	0.112604	0.003854	0.06248	0.567093	0.964815	0.062683	0.017555	0.205057
CBM6	71.131274	43.177852	51.42689	66.830509	32.100209	36.010808	36.35421	70.9182	65.383852	87.752436	68.567432	88.828688	33.894092	12.994787	6.318993	111.208165	40.632775	73.723172	41.03456	35.693585	12.839044	38.989701	42.288615	13.881938	22.790301	49.35374	29.883803	172.496407	165.695155	76.988986	26.051341	46.119424	15.649362	24.904668	62.348996	17.714119	28.587688	37.731261	45.205988	59.385128	50.212164	42.125603
CBM61	15.519284	9.204592	32.674506	10.729079	29.248349	24.867568	27.211662	35.956048	43.043942	27.350332	4.344913	3.063583	11.786734	51.726073	52.298235	4.981689	6.015736	24.548036	15.503892	40.092434	18.72219	6.300976	2.425735	44.591162	21.279403	33.449589	6.800412	7.352123	0.204106	17.099543	6.015259	19.489875	8.24771	27.566785	35.315386	3.300746	55.732541	24.793976	5.510975	2.401842	20.183981	26.590412
CBM62	12.562955	5.152083	0.384482	1.096703	1.601974	2.467649	3.881465	3.041575	3.168426	8.88568	4.850375	110.044283	14.380262	0.646519	0.167491	46.067558	1.919788	5.187635	0.941785	7.830622	3.249251	11.399533	3.588147	0.871139	6.285293	6.338817	2.136917	36.807263	234.649347	17.663183	1.323678	6.068003	6.401531	11.417166	3.772631	0.249927	0.459695	5.969895	1.461836	1.146419	2.61929	6.867555
CBM65	0.60109	1.60482	0.741493	0	0.803423	0	0	4.769156	2.085772	0	0	0.906609	6.693056	0	0	4.849378	1.754917	0.106488	0.074542	0	0	8.504269	13.392179	0.953248	0.243178	40.600977	2.044358	0	0	1.133761	0	0.426446	0	0	0.546966	0	0	0	4.158309	0.432496	0	1.860609
CBM66	59.373507	42.860208	18.920398	13.891595	19.484556	13.305685	13.201142	7.674079	9.13706	45.381598	30.799893	95.918319	27.465076	6.818597	2.245979	51.544175	15.230643	10.748342	13.936796	42.790154	25.273307	14.621782	12.005253	6.699313	15.745667	16.460608	18.566455	31.675239	162.603528	21.764635	5.390381	7.428153	25.805352	22.750949	9.101632	7.983578	26.255643	47.810399	43.398263	61.720711	57.7923	13.583363
CBM67	147.938338	163.972257	67.681619	95.601534	153.465611	91.930567	85.482107	93.311503	87.750674	128.262214	150.174592	186.088867	128.687358	81.345079	20.920548	252.520498	122.618508	100.399001	131.317994	112.386817	122.062187	110.400501	66.614192	119.863633	79.225205	140.249041	83.80517	223.664508	194.950402	183.566821	130.050843	124.537494	70.709799	150.734526	71.398705	93.463926	156.738671	108.962253	75.675723	97.220097	81.305346	80.297053
CBM68	0.082204	0.084823	14.736786	0.727893	0.107393	0.512535	0.438175	0.198634	0.095365	2.125394	0.552559	3.962332	8.796141	3.527777	4.750378	2.443396	8.012266	2.266425	1.751149	0.678367	0.799517	0.905499	0.294248	0.901894	0.204495	0.126246	0.264957	0.773124	11.871299	0.310824	8.705523	7.949898	0.210065	0.783708	19.963387	49.367222	0.137519	3.609311	0.920717	0.269421	0.080354	2.46991
CBM69	0	0	0	0	0	0	0	0	0	0	0	0	0	0	0	0	0	0	0	0	0	0	0	0	0	0	0	0	0.005664	0	0	0	0.644725	0	0	0	0	0	0	0	0	0
CBM70	0	0.031932	0.020406	0.583557	0.019388	0.010841	0	0.111097	0.088666	0	0	1.196545	0.18378	0.020873	0.025049	0.009354	0	0.017405	0.005667	0.066629	0	0.279009	0.011673	0.096697	0.062077	0	0.035516	0.049062	6.965697	0.380074	0.269105	0.076492	0.285937	0.138032	0.005476	0.263341	0	0.01688	0	0.005416	0.010493	0.52034
CBM71	2.097883	1.24554	3.175882	0.893224	4.722382	7.582012	5.01127	3.506417	3.985389	3.627918	3.432355	4.408041	7.39528	1.481199	0.753666	0.282366	2.97911	12.345595	5.317426	24.415844	9.953908	0.452685	0.058179	1.325316	0.188861	10.279872	10.161573	2.196825	0.032963	1.155953	3.739855	5.790629	0.307766	1.839208	2.661484	2.88647	4.025576	5.445849	2.655564	4.930083	8.615904	2.742603
CBM72	5.60468	0.292094	4.488915	0.022297	0.007784	0	0.006818	2.900744	0.731126	8.483523	23.937847	6.353578	2.631453	0	0	1.232176	0.073491	0.564848	0.122619	0.034903	0.04529	6.329313	0.916365	0	0	0.021991	0.00329	0	0	1.401061	0.048352	2.111174	0.144779	2.050189	0.85757	0.034424	0	0	0.339257	0.276016	0	0.003591
CBM73	0	0.888102	0	0	0	0	0.046851	0	0	0.007209	0	0	0	0	0	0	0	0	0	0	0	0	0	0	0	0	0	0	0.007096	0	0.007694	0	29.269984	0.006686	0	0	0	0	0	0	0	0.006951
CBM74	3.473159	11.725105	3.60204	3.759348	12.672667	59.367909	57.192524	32.045448	14.848911	0.754803	0	0.377592	3.049821	8.398369	0.070961	14.796569	0.250416	8.278351	13.617936	0.019879	0	5.788175	0.596739	2.248282	17.742888	8.585794	3.382231	1.069955	0	14.083964	22.206593	8.629308	1.32255	0.031633	0.746743	0.005281	0.041247	7.218249	21.479302	12.554735	14.420821	11.292196
CBM76	5.085301	1.286256	0	0.309025	0.10161	0	0	0.843213	1.59088	0	0	0.009788	0	0	0	0.036897	0.406291	0	0	0	0	1.015572	4.457108	0.347282	0.973579	0	0	0	0	0.636581	0.72871	0.752219	0	0	0	0	0	0	1.388636	0.878927	1.766015	2.437908
CBM77	4.937118	1.539757	10.632203	0.248616	0.124829	48.56708	74.703312	1.896365	14.209855	0.890921	2.277039	7.008748	0.530574	2.315708	0.572787	11.143924	0.43645	3.101346	5.755579	0	0.023515	0.550398	0.915771	1.297695	1.493614	9.931108	2.647839	0.057628	0	7.655906	0.30241	1.558054	5.777881	2.489976	4.103873	0	0.506954	0.801187	5.493486	7.7932	0.642282	2.342229
CBM78	5.353529	1.373311	0.126027	0.187979	0.069484	0	0	1.167569	1.402084	0	0	0.01004	0	0	0	0.012396	0.197088	3.393612	1.916155	0	0	0.98983	4.264785	0.209329	0.525794	5.08515	0.452489	0	0	0.661639	0.459979	1.42854	0	0	1.340688	0	0	0	0.873634	0.441507	1.863342	2.182634
CBM79	12.988538	3.274622	0.343013	0.458284	0.271797	0	0	3.114064	3.830072	0	0	0	0	0	0	0.008789	0.667218	8.559704	4.091512	0	0	2.303255	8.469794	0.586502	1.73821	13.499082	1.226012	0	0	1.411363	1.259485	3.50793	0	0	3.294211	0	0	0	2.360001	1.502765	4.440626	6.796396
CBM82	2.868424	0.69037	7.571325	1.099638	6.395037	3.029056	12.7127	17.364628	23.929904	12.73326	3.404142	0.005422	9.110573	3.176601	0.438296	1.023497	3.021358	11.436717	19.779953	3.81822	5.192108	1.46654	0.402234	1.288756	1.359454	6.947253	0.530113	5.533172	0	1.914903	1.416905	8.795004	2.296948	1.206668	9.066639	0.155035	23.126848	7.135139	3.521493	8.838284	5.349221	11.079837
CBM83	2.868424	0.69037	7.571325	1.099638	6.395037	3.029056	12.7127	17.364628	23.929904	12.73326	3.404142	0.005422	9.110573	3.176601	0.438296	1.023497	3.021358	11.436717	19.779953	3.81822	5.192108	1.46654	0.402234	1.288756	1.359454	6.947253	0.530113	5.533172	0	1.914903	1.416905	8.795004	2.296948	1.206668	9.066639	0.155035	23.126848	7.135139	3.521493	8.838284	5.349221	11.079837
CBM84	0.6423	1.226567	0.009182	0	0	0	0.007146	0.098941	0.032253	0	0	0	0	0	0	0.309374	0.124656	0	0	0	0	0.179565	0.025738	0	0.055631	0	0.074118	0	0	0	0	0	0	0	0	0	0	0	0.044911	0.007311	0	0
CBM85	0.871199	0.15264	0	0	0	0	0	0	0	0	0	0	0	0	0	0	0	0	0	0	0	0	0	0	0	0	0	0	0	0	0	0	0	0	0	0	0	0	0	0	0	0
CBM86	0.112218	0.213949	0	0	0	0	0	7.530194	8.401988	0	0	0	0.096188	0.060228	0.014723	0	0.017027	3.994142	3.790182	1.33978	4.93508	0.056497	0.022935	1.085997	0.213953	0.880245	0.086053	0.22865	0	0.278366	1.240946	8.00741	1.84282	0.410843	0.105135	0.25971	0	0	0.700613	12.845489	0.720275	0
CBM89	0.109044	0.009457	0	0	0	0	0.005749	0	0	0.069969	0.026987	12.979732	0.003251	0.01926	0	1.972701	0	0	0	0.005774	0.010707	0.104286	0.024845	0	0	0.01872	0.008673	0	0	0	0	0.017659	0	0	0	0	0	0	0	0.00941	0	0
CBM9	13.421614	5.959055	2.538602	4.223558	2.68643	15.206854	9.303494	18.869702	16.37303	10.463457	14.712484	35.28155	11.363187	7.202456	0.805013	19.412661	8.10534	22.512063	13.721684	13.649873	18.832405	22.747444	25.587346	12.96617	10.748984	17.874753	4.009845	29.92931	70.247728	28.693681	3.577435	13.540084	8.689848	19.096583	3.291014	2.58944	11.224629	4.872608	5.528319	16.141052	7.333502	7.971975
CBM91	141.427753	241.288212	161.21532	130.619485	153.888709	208.160974	164.829876	194.310055	218.788282	200.558433	176.442178	152.712482	169.275528	124.27883	103.451355	252.600653	69.201298	166.353597	149.637964	204.01426	145.298984	173.900971	331.74863	108.929792	64.06907	224.73438	161.762575	331.409376	116.674463	94.035524	165.809803	187.598074	175.333585	150.011776	114.103856	54.032815	260.839984	157.04884	91.182568	99.396829	143.785988	74.233547
CBM92	1.946171	3.527836	1.871756	0.116275	0	14.33921	9.305011	1.330142	0.929241	2.421134	0.228817	5.756098	0.772171	0.30354	0.013014	4.00604	0.348331	7.072443	0.65521	0.185027	0.028591	1.4388	1.315995	1.064688	3.51961	1.298626	0.356577	0.290331	0	10.844891	0.18882	7.732972	13.789964	0.642798	0.19071	0	5.48752	1.615325	8.471419	4.43429	10.516651	2.727261
CBM93	23.994792	33.37374	0.318767	0.063506	0.012471	0.942272	4.437908	1.603003	0.515298	15.40154	5.699048	91.066061	17.586537	0.863713	0.56222	69.015878	1.988329	3.677696	0.540339	2.825136	1.650409	10.206377	5.337158	0.710729	9.021919	9.555032	2.131201	94.14409	154.061055	25.169265	1.514483	12.410734	13.22865	10.308084	0.534654	0.119391	2.575781	6.997531	2.461758	1.031974	0.165368	2.427804
CBM94	0	0	0	0	0	0	0	0	0	1.403631	0.454778	0	0	0	0	0	0.187588	0	0	0	0	0	0	0	0	0.87647	0.044199	0	0	0	0	0	0	0	0	0	0	0	0.00491	0.086326	0.009292	0
CBM96	1.860096	1.345547	0.392358	0.674189	2.28119	0.847295	1.184856	3.259497	2.429144	0.653664	0.551349	1.494822	0.226843	0.270656	0.12427	0.137815	0.389778	9.202506	2.832329	4.589031	4.085361	4.256606	8.936278	3.390588	1.312821	1.406388	0.618579	10.294731	0	9.541314	0.039404	0.181856	0.198886	1.205919	0.483588	0.293916	3.43437	5.090088	1.145647	0.655239	0.048688	0.33693
CBM97	15.999869	2.64416	16.976511	0.008094	0.004239	0.499434	2.952948	0.552836	0.190472	22.579495	22.389901	5.644449	7.936908	0.820529	0.268862	21.635327	0.720419	6.217027	9.825452	0.959895	0.546403	3.554629	1.377968	0.544531	1.587673	2.956812	0.767187	34.775992	4.856976	3.635723	0.315832	10.559917	3.548785	4.111618	0.365533	0.020348	2.374373	2.586573	0.22842	0.081848	0.073025	0.494616
CBM98	2.759239	2.059207	1.552789	0.063369	0	0.260633	0.644791	0.433819	0.207182	1.026846	0.275609	33.629463	1.516185	0.097349	0.064028	18.966891	0.345865	0.62616	0.090542	0.589753	0.120443	2.820546	0.749834	0.031972	1.483331	1.136572	0.218352	20.736136	76.248411	5.75315	0.132563	1.948264	4.42289	2.834737	0.115418	0.023606	0.1481	2.386033	0.148699	0.219532	0.082676	0.736487
CE0	44.721098	36.070638	55.810113	2.431695	0.944476	1.987132	8.958048	4.912774	2.738701	63.66203	62.933764	45.231361	32.321145	27.621961	76.784355	137.072849	21.280188	26.248677	28.037375	14.625456	42.415852	26.93439	19.716971	2.51227	11.347203	18.77774	4.133417	160.71422	24.933667	43.755873	6.639438	18.521708	40.539755	16.487029	5.553631	9.823445	14.882942	19.751598	10.947276	17.0301	12.723659	16.132742
CE1	282.85349	240.056796	440.338262	258.608427	242.106887	190.632529	177.301976	221.59483	205.573654	460.05175	378.167206	406.330283	288.928233	257.75266	548.990012	490.953601	251.81068	267.259087	303.554899	193.88585	140.331345	289.198135	261.836895	276.830042	386.643587	277.485071	237.681113	368.787944	339.545251	235.595626	230.202716	251.038589	301.107736	236.275216	252.769581	304.677404	256.382068	256.68377	131.746589	135.287483	241.214056	255.98547
CE11	35.586856	27.948902	88.9352	4.220799	3.055792	3.93677	15.277589	16.749975	13.272535	66.148737	53.073934	117.452583	63.164076	96.213848	184.293951	102.351611	15.836407	22.342092	13.447384	6.928734	5.275834	29.07758	30.531376	31.439902	14.567037	23.600737	6.754161	96.840084	109.592931	42.216395	17.926557	37.193465	56.854622	22.317362	54.948132	12.255073	14.091986	47.026922	34.537656	10.530237	16.781932	32.540761
CE12	178.159674	136.445738	107.670037	154.541721	161.480768	151.722196	193.232145	143.133978	152.454873	169.097081	160.473509	151.038704	166.246504	194.473006	140.839737	240.429003	99.086907	166.405363	133.749405	135.528653	94.819051	137.677744	154.695495	89.481845	77.151605	169.45581	123.132898	292.814109	131.894153	132.656424	57.818401	127.455076	162.472101	133.381568	124.942975	115.579607	110.609959	118.527519	91.864592	187.981044	135.214388	131.733199
CE13	0	0	0	0	0	0	0	0.603132	0.626123	0	0	0	0	0	0	0	0.389915	0	0	0	0	0.01109	0.026069	0	0	0	0	0	0	0	0.374408	1.006259	0	0	0.018718	0	0	0	0	0.02777	0	0
CE14	48.140031	46.188288	37.068358	17.789418	37.097125	33.501785	28.080023	24.361641	18.084745	69.88803	48.430082	12.614735	16.150539	26.107251	41.353732	11.329886	17.775109	23.546513	23.800692	54.230252	36.741322	35.083974	36.44164	29.002102	21.067231	36.636648	25.998242	19.951723	0.253258	36.208255	17.408078	19.173233	22.2819	28.106798	29.308533	9.801356	47.666375	35.716817	71.820081	62.203575	56.960213	28.805977
CE15	10.359757	11.494104	0.85228	0.802037	2.582804	4.902445	8.588982	14.042752	6.780187	12.184302	4.718105	33.607508	9.142448	0.544312	0.312491	61.930088	2.515186	9.911564	8.266947	5.512841	6.501609	16.745266	9.271851	2.644781	12.728928	11.475468	2.627572	45.815993	7.057776	17.451752	6.956908	10.00322	9.960907	8.296784	2.095397	3.498357	2.346165	10.220116	6.211636	2.544756	1.31615	8.753008
CE16	0	0	0	0	0	0	0	0	0	0	0	0	0	0	0	0	0	0	0	0	0	0	0	0	0	0	0	0	0	0	0	0	12.888376	0	0	0	0	0	0	0	0	0
CE17	13.465471	10.79998	13.301943	18.111427	16.184091	5.806609	18.500506	54.735412	54.349383	33.514727	4.665328	42.66946	25.831079	5.432776	0.970294	23.312731	11.953266	29.080083	36.702453	14.043114	8.271963	28.634423	12.583991	10.188914	4.254307	57.005167	8.140986	19.873192	82.315124	17.446982	3.775528	15.010095	8.123694	12.235178	18.047283	2.467117	40.748143	15.136471	11.861037	24.885606	5.219665	12.178541
CE19	50.14263	21.788262	106.534258	10.181582	6.745703	39.427787	51.269551	38.824241	40.95961	83.805274	78.633441	67.612794	57.351951	72.685575	59.237571	71.737779	50.735576	52.073644	57.947927	22.331386	45.832993	35.38848	26.341021	45.472146	58.647109	48.505266	79.199423	190.976096	6.151647	32.459918	18.350003	60.848912	56.051364	78.08935	49.267996	27.289768	28.179622	46.393324	20.038163	17.853041	38.978453	37.979898
CE2	41.983358	33.334054	43.807597	2.849411	8.95844	9.50168	9.860464	49.466711	46.214217	39.220569	35.459179	21.067783	40.802066	4.507544	2.070147	46.366604	26.621445	34.478238	34.640253	16.446224	5.526736	24.237997	17.106553	10.94844	8.997364	59.102306	8.785518	8.454224	5.23404	30.674844	9.30443	31.569981	8.550701	15.325209	10.152515	3.297308	37.37717	23.483455	15.414152	16.066547	6.740112	36.445612
CE20	104.752446	150.351832	89.233408	16.312415	45.228046	62.964473	42.227616	30.989624	36.413165	105.954732	91.383272	266.773694	120.489988	9.376726	3.349433	321.26198	14.644917	59.912792	32.876602	52.632462	19.23123	138.089246	294.042603	5.28951	37.678882	139.265976	76.718535	391.104358	221.554228	108.21499	83.689317	73.232632	92.055545	43.053887	26.64611	7.178788	91.442922	96.097551	31.844322	9.924818	32.614906	28.963159
CE21	0	0	0	0	0	0	0	0	0	0	0	0	0	0	0	0	0	0	0	0	0	0	0	0	0	0	0	0	0	0	0	0	10.23082	0	0	0	0	0	0	0	0	0
CE3	25.650422	40.793309	7.795587	2.256988	7.640502	17.032474	8.885424	15.209679	11.694058	15.434842	35.602595	71.041018	76.264621	1.235887	0.660246	60.514633	11.566953	16.7605	7.051356	12.686018	9.557153	45.73094	32.916608	4.242546	36.358363	14.818932	16.510218	14.108409	7.862646	56.374952	30.686858	25.251678	19.97612	18.368899	11.858818	13.297777	8.91232	32.464496	19.819275	6.012494	4.311378	25.229926
CE4	855.51896	927.541731	735.523307	712.416596	792.709136	812.176989	846.826051	884.602739	880.048045	671.890672	695.942601	688.662204	766.636407	853.099254	788.213993	716.067859	878.442847	885.837249	752.28569	853.791964	835.659381	880.087143	924.33324	922.762664	839.602236	828.105752	808.468346	688.968512	585.644639	866.252569	798.204139	783.324422	634.304867	756.048955	844.954612	622.635138	795.626568	816.074625	928.862297	799.998994	845.358617	812.215421
CE6	39.251949	6.270116	48.512797	2.59935	0.919854	1.109888	1.801832	2.686894	3.936672	51.593231	57.353304	12.982126	6.070192	19.291714	14.536796	55.072446	1.101777	13.066218	20.520171	10.169388	39.306126	9.056142	7.689476	0.731085	2.435226	2.162299	0.990807	102.807384	14.863471	7.282559	2.783539	22.562231	2.56699	2.962327	2.591162	7.65985	1.945268	3.654726	6.438531	15.696138	12.21686	6.880047
CE7	45.040976	19.203927	40.453079	31.82246	15.374426	3.005013	6.779932	19.067316	12.045857	87.660273	66.420712	56.116755	49.543858	29.496455	6.621439	66.154978	31.819668	27.449208	25.165641	30.367329	13.604199	41.989808	32.178032	10.389883	10.409911	44.290196	53.538212	162.847529	49.204848	35.991817	73.383753	47.812609	25.305206	19.513756	57.140015	15.085672	15.037852	13.049936	48.502463	20.952565	1.07276	27.569916
CE8	241.951964	212.242391	264.972137	169.70164	135.752752	209.006582	278.91842	280.488899	295.983767	293.343803	240.582452	229.148908	238.288702	204.401183	258.36356	348.174478	197.694162	288.71099	318.161819	189.341835	188.679065	217.419368	175.572671	274.5778	272.110821	254.375061	211.102315	418.853901	157.10713	269.681143	128.21427	192.144161	240.837428	267.568738	210.413298	173.553866	219.4201	255.219464	177.497106	198.155024	257.612323	287.464198
CE9	207.154146	218.295758	230.891058	278.721848	310.010307	186.163866	184.327057	199.501328	202.830618	197.518513	190.962494	176.92456	261.783555	253.076857	329.795295	165.797291	225.888141	188.731076	197.594899	244.072864	226.550316	247.945622	302.722168	243.910602	202.891075	233.799378	259.089564	251.888754	240.890831	183.611872	267.592873	233.388544	229.178261	219.225662	219.903559	228.47125	237.105529	221.700117	194.687481	205.806466	225.399029	229.117958
GH0	463.20293	505.45061	624.135997	403.714097	745.19442	544.026572	480.475087	440.434092	432.073642	536.317812	499.469601	440.319134	499.17317	555.15575	929.704572	457.934359	429.363702	416.368128	358.997651	497.543028	438.531251	485.633888	670.388711	371.83057	379.562802	449.413155	445.671925	505.330347	403.456976	430.480559	476.938055	418.104751	514.518368	394.183242	489.530546	390.547918	458.222781	488.994383	493.120131	442.482892	471.466078	428.495804
GH1	718.21349	744.624643	1226.889643	1032.267262	858.014806	800.158638	855.607521	782.363859	881.378175	925.176067	948.011905	637.10478	1067.039133	1318.959024	1506.929398	592.838582	1177.925892	907.256855	937.064682	937.418369	950.993904	738.328032	863.113669	1038.290044	1647.774996	910.805156	1250.013798	763.19047	432.909627	795.749484	1507.327156	941.396406	933.594184	930.170956	992.477051	1222.380267	1082.173219	1085.345946	943.015221	825.436917	962.028462	1032.216639
GH10	46.020285	14.457193	43.699435	1.423614	0.154452	3.543025	2.96882	27.472346	17.140084	80.614966	78.824132	30.792969	7.905165	7.333184	1.620433	60.491955	4.716781	20.573473	21.951818	6.854196	5.437755	12.759734	15.083852	2.3036	5.827754	26.11946	2.959618	99.779161	0.789042	24.521406	8.0673	34.467088	7.717265	3.649648	9.117715	3.367727	6.307539	17.378903	8.718595	16.912133	5.797198	15.662233
GH101	99.366525	60.62452	61.227639	18.148587	24.805432	59.940601	42.902247	34.250105	17.8978	92.341444	69.666394	221.018392	107.497146	40.499025	50.001756	199.033935	20.598749	44.819775	33.117639	24.900556	32.259034	95.407184	76.198638	9.154693	26.599606	41.037299	18.578929	244.506445	266.071192	79.160917	23.027095	47.991245	42.242331	41.458292	37.845293	22.066123	37.657156	71.548988	17.29683	7.104521	19.96509	46.863684
GH102	1.985618	1.312998	19.646942	0.645166	0.134478	0.672399	3.947133	0.48672	0.053057	2.343193	8.463584	8.774523	13.971153	14.153074	98.292945	5.891328	1.540759	1.301169	0.582909	0.194162	0.023827	3.015704	1.881233	0.608769	0.158589	0.413428	0.652889	5.425546	16.996569	1.09298	2.100947	0.963438	33.218262	3.328625	1.038707	6.268355	0.03408	0.92574	0.258737	0.381135	0	3.288027
GH103	2.895974	1.702112	33.746986	0.472878	0.069824	0.688297	5.446675	0.744715	0.244965	5.361598	14.165112	4.519863	23.079357	22.804316	153.125123	7.954291	2.003565	1.47876	0.719095	0.545894	0.086401	2.188485	2.22128	0.471688	0.068633	0.376948	0.859786	5.125383	23.917931	1.210375	2.838852	0.630989	111.086295	5.425106	1.804431	9.629213	0	0.543421	0.657835	0.749683	0.015611	5.455523
GH105	140.703856	78.867662	119.391501	53.876888	25.576086	30.274251	67.596825	89.597478	90.166275	224.760796	177.993324	245.742663	110.566602	93.231324	10.786906	342.849943	58.908868	92.293502	124.727056	54.218756	40.26012	108.292124	68.517138	99.659495	84.246557	108.273848	35.569881	522.669627	69.130036	133.3851	25.421798	84.377951	117.640904	136.970575	49.854841	79.444021	72.7538	139.812935	42.47179	46.429703	74.087936	103.369149
GH106	100.082113	93.322474	46.28289	19.099623	17.987432	16.95947	26.087942	27.183406	26.209294	107.553028	111.409313	117.417146	70.396235	24.791723	14.449557	144.318475	23.40482	42.11661	44.161662	36.907658	56.526288	44.078019	20.240843	20.724189	23.428128	43.219645	55.987204	166.786032	16.728482	77.857306	54.422332	73.153069	26.553365	51.435438	18.886497	23.780974	18.455406	13.656528	25.724895	43.118043	9.950865	13.550721
GH108	17.309781	6.779652	0.026923	1.06461	0	0	0.359933	0.052855	0.058537	31.164262	24.566506	13.185697	3.179078	0.557075	0.197984	23.451984	1.403367	5.149572	6.705538	0.351753	0.027177	4.389264	3.013861	0	3.917978	0.504502	0.216702	6.942268	9.536346	7.805726	0.631067	0.827778	8.036739	2.874298	0.062477	4.825715	0.088374	0.605536	0.33538	0.895823	0	0.242456
GH109	97.513899	110.605302	101.807864	171.698818	225.077045	122.356057	87.743256	70.661141	57.835256	105.440611	66.465236	356.344267	236.194119	71.322759	100.693728	284.823492	86.460453	91.474552	63.453767	131.003459	165.05797	156.297985	193.452986	127.313665	133.918404	127.037623	101.000893	335.837047	304.332387	132.261588	121.274144	129.419922	137.416877	164.29991	95.136171	140.693042	124.284224	175.239297	48.495546	21.792831	113.39978	75.505778
GH11	0.060688	0.130765	0	0	0	0	0	0.366842	0.21157	0	0	0	0	0	0	0	0	0	0	0	0	0.022484	0	0	0	0	0	0	0	0.183497	0	0	0	0	0	0	0	0	0.02882	0.084451	0	0
GH110	42.975804	44.377594	1.041617	11.617746	7.153379	13.3501	25.758444	11.720548	6.895272	31.08738	45.091803	155.479103	85.290076	19.597015	13.524796	79.507592	6.800531	24.342356	6.41833	20.034457	29.510016	38.163367	52.507023	1.201298	7.637489	12.37823	5.38382	74.6011	173.285243	29.105351	31.24601	36.322626	26.107212	47.738352	16.6452	1.765947	12.909925	59.628681	17.038922	7.274479	11.915984	19.219503
GH111	0.166731	0.112057	0.868491	0.467663	0.180525	0.004677	0.025602	0.188564	0.095568	0.210099	0.193669	0.019276	0.031499	0.038872	0.244759	0.08201	0.44439	0.064137	0.087032	0.237739	0.185824	0.128165	0.147506	0.762293	0.097236	2.09016	2.237879	0.113113	0	0.16522	1.683752	0.381713	0.049629	0.090479	0.213744	0.283719	0.039864	0.045984	0.009727	0.083197	0.119726	0.3829
GH112	65.604965	37.816314	68.528457	117.694119	74.195789	72.607754	92.295126	95.484615	111.350953	82.681178	81.48185	21.362129	92.323072	85.517323	44.367247	35.30225	87.794348	81.545803	91.094628	75.099955	116.889479	111.610724	80.10323	102.926053	75.814608	75.704396	77.578996	76.436033	5.342025	64.071915	62.978635	102.615865	56.278125	93.55946	88.613646	142.735947	95.852359	77.902232	45.316834	73.144753	80.717098	122.922115
GH113	3.958406	6.125828	8.393853	5.014294	5.123934	13.15133	14.480896	18.15246	15.744985	5.838183	2.636453	1.170991	5.686999	6.271251	2.655364	4.451194	11.336091	14.111567	11.397683	8.027362	8.298659	15.558266	5.779372	5.511645	1.257811	16.142114	2.279248	0.417033	0	4.492715	1.738094	4.593071	3.689302	8.436416	5.496484	2.211748	16.482193	1.265685	3.893344	1.152868	2.217455	9.109559
GH115	49.331853	15.237859	45.309551	43.882642	27.203392	7.042911	12.377629	22.594112	24.465427	64.198255	72.958844	61.73521	18.895685	4.037153	1.594443	97.143802	5.507456	25.823559	28.328054	28.846208	9.98453	16.896748	7.504956	17.852575	14.446057	29.904144	10.469921	159.154753	96.3909	24.099717	2.382099	23.38416	12.043778	17.202758	10.70007	3.679572	31.944545	26.937596	17.466902	26.196839	7.516872	13.951204
GH116	5.551799	1.930838	0.597706	1.087266	0.1818	1.239303	1.643172	1.818604	1.262929	19.312918	2.089294	4.815566	5.16042	0.147461	0	8.675481	1.453448	4.040851	2.54054	0.976487	0.474323	8.351105	3.70291	0.381625	6.253794	8.221559	3.264813	8.391945	0	8.517594	1.663013	3.049925	3.193762	4.985183	0.199037	2.689618	0.188595	11.189308	0.78946	0.764704	0.354315	1.355933
GH117	31.323595	23.407981	2.583985	1.123078	0.216087	2.466137	5.507816	4.004964	1.640949	36.473342	16.505793	152.486729	57.392425	1.444446	0.815535	105.344237	3.406845	6.996621	3.719059	9.470639	4.494833	34.22793	28.558073	1.017016	15.834225	25.96951	6.040524	150.417556	95.644113	25.18095	1.544791	14.808891	32.571217	29.647719	0.860984	0.627279	6.071767	51.56359	6.539239	2.231085	0.9755	3.319093
GH120	20.429245	58.635864	31.506549	113.824476	119.328018	122.355848	67.727556	44.46383	45.959484	25.555841	19.141465	35.534605	42.87298	28.361924	16.52943	20.0858	45.704536	50.712451	41.310393	126.347529	114.679526	63.574163	116.0426	130.083602	81.183419	101.637499	140.452171	22.749344	71.304391	11.13615	69.559924	66.41991	82.342865	93.944159	49.368815	47.545179	117.380898	64.720792	27.4522	15.949614	83.882698	40.52394
GH121	16.204439	46.347211	19.4006	7.462422	18.037526	56.935967	23.317946	15.143109	10.853148	0.687449	0.094487	3.440679	8.129201	0.029725	0.074052	2.852783	1.538371	6.941379	2.756078	30.102	0.636343	22.299939	81.291981	0.003048	0	3.198332	5.192569	4.537013	0.0035	1.725346	28.640078	10.510051	21.746803	0.912719	3.267028	1.831522	8.826591	3.773578	13.996658	0.7	25.929116	7.845969
GH123	75.766572	111.666469	6.854318	12.255729	6.505859	7.630673	13.818986	18.289614	9.439573	31.705507	32.426565	103.067755	70.518993	25.985047	12.088651	59.724984	15.455747	30.419712	19.849285	20.321618	29.642941	51.869944	43.073595	5.131866	11.197048	30.394594	17.829019	63.336263	92.525338	47.666823	20.517439	14.463666	21.746891	36.425136	10.674566	11.075864	9.752488	39.096869	16.976078	5.479005	4.399869	18.432606
GH125	46.55175	54.467425	23.95212	17.887209	41.932812	46.088167	20.961562	14.174699	11.100576	57.422628	47.127202	146.309409	31.023364	34.879347	1.306735	87.529663	15.002147	20.120704	24.692322	36.96387	10.86889	46.057522	40.045726	62.122744	65.875235	44.49383	11.880672	160.141193	175.622038	47.542911	31.933604	41.828351	44.286749	45.287871	18.713777	18.251999	52.929183	37.863361	21.852633	5.344549	30.912728	31.086979
GH126	0.11783	0.371069	0.255402	0.898408	0.02741	0.349986	0.116859	2.834246	0.55552	0.028279	0	2.605463	1.040457	0.060829	0	1.004524	0.478074	0	0	0	0	1.300218	3.019389	0.040333	0.009689	0.057689	0.025892	0.022435	0	5.110956	2.056984	1.171999	0	0	0.127235	0.292501	0	0.056799	1.681231	0.560607	0.173508	5.178145
GH127	136.580688	189.05496	100.525921	92.42883	187.740889	154.576386	97.934435	90.69668	65.349898	83.609087	94.314566	230.943635	110.373724	58.431098	50.137265	199.184411	71.956539	81.404147	78.186307	95.787388	36.150059	121.719831	211.310385	98.836369	73.543461	109.517982	94.690428	170.024479	444.594696	95.412666	86.841735	100.663499	111.041564	97.750187	92.682567	87.537618	84.571968	66.814737	33.173642	30.040199	94.699161	83.680989
GH128	6.062165	10.789616	0.242594	6.256427	4.002604	19.932324	12.598522	4.972598	4.453753	1.26784	4.449842	2.961097	2.040209	4.781865	5.710639	5.714033	0.809325	9.533992	1.412731	0.148573	1.481156	2.021735	6.582519	7.363532	38.664095	5.060016	12.106256	2.54053	0.044858	12.369942	5.459053	2.708749	6.396115	6.912119	0.890132	3.469266	26.830229	15.815248	11.672485	6.744865	21.448394	10.400938
GH129	22.262757	14.198386	27.477563	10.248512	15.523733	2.950688	1.161758	9.025	5.970289	3.033121	1.907624	4.068606	21.38925	11.996523	7.700334	6.45613	19.304272	7.096337	12.223657	6.423013	1.163852	31.860779	33.008585	2.690907	3.380843	8.350368	6.76258	14.199257	0.075648	7.011252	15.983286	14.295221	5.060017	17.050341	38.123049	45.275308	17.857883	7.128741	9.564059	2.696804	10.440455	21.32708
GH13	3184.980762	3382.872295	3632.218091	3217.944744	4354.176801	3767.731343	3783.063239	3584.767094	3665.562306	3302.698504	3156.964835	2485.724755	3262.855803	3546.944204	4004.539349	2610.799884	3127.101654	3329.097436	3453.848538	3398.875536	3120.733513	3286.179939	3934.217323	3363.038033	3256.807264	3617.315326	3499.491884	2720.782748	2534.271539	2896.535925	3484.505387	3144.579512	3104.305307	3269.376805	3497.905056	2883.869356	3624.629911	3379.967195	3084.68664	3029.259805	3461.038192	3613.383509
GH130	360.649897	375.98445	247.867168	373.664816	431.044718	468.178231	431.334897	447.342322	401.448461	382.149306	369.039868	325.123762	303.98709	417.186285	145.906093	304.95025	436.63381	511.299424	448.44455	479.058953	483.638875	379.632154	285.969718	603.307154	491.862821	503.654157	391.952264	463.50867	498.087117	386.141147	306.490148	414.390998	252.545907	455.639224	362.119946	308.02855	503.309968	392.49231	361.354756	390.231091	433.161995	416.876798
GH131	206.132667	211.013982	193.144453	169.679258	208.627861	185.917954	187.983473	201.324449	187.691837	175.576142	162.426319	188.42935	209.180839	180.442003	172.022035	166.292541	169.093851	193.887892	191.783524	182.253307	141.930048	218.708014	248.951756	142.662376	144.554167	198.698631	174.754075	135.934267	235.794511	209.25182	204.622766	162.816088	147.189769	121.651245	224.244557	200.930528	195.29175	203.040175	207.165211	200.503315	200.921697	191.898097
GH133	34.516491	37.86899	37.346665	9.666261	30.738399	26.528411	41.980384	50.287295	48.576766	48.288831	42.377785	112.851735	65.529662	53.302817	96.562361	90.634863	23.033798	43.163849	40.921658	22.877782	24.58827	30.680719	25.992696	47.982597	28.177337	49.519447	11.085746	129.410356	102.786486	40.411885	21.978335	39.153938	45.282599	40.94914	13.945401	10.800415	63.990006	59.614349	41.652661	25.769673	7.91605	28.187272
GH136	15.923797	8.422541	15.457968	22.930392	19.496722	36.49156	51.890309	38.316514	37.065568	25.58991	58.109064	18.711479	30.348546	40.695291	19.877462	31.86067	20.958906	16.719622	17.196397	21.558879	70.481239	31.108081	19.084446	15.030454	13.214191	14.07488	9.75863	41.240204	0.281947	49.242745	33.677175	50.313649	20.521455	80.765848	34.867972	18.224653	28.852177	26.406732	13.993035	19.90442	16.880655	31.782589
GH137	16.405743	2.961238	17.001631	0.880366	0.251203	1.758452	3.018562	1.104478	0.506004	22.770852	22.438548	33.743123	5.829459	0.852047	0.281337	30.923657	1.660493	6.591935	10.086949	1.019917	0.517576	4.380319	2.204282	0.654804	1.587673	3.098102	1.170374	42.294696	88.049898	4.928911	1.882134	11.153424	3.935661	5.102933	0.944865	0.217587	2.528258	2.813676	0.626776	0.33057	2.723408	1.426482
GH138	14.107317	2.652994	15.222131	0.064652	0	0.434222	2.185609	0.604005	0.405701	24.207752	21.878229	8.237577	6.064532	0.656948	0.317025	31.657725	0.879238	6.753108	9.847018	0.99213	0.58435	1.950168	1.514293	0.420295	1.814857	3.327217	0.920636	37.9403	5.114767	4.710043	0.346811	10.924849	4.378087	5.136762	0.526465	0.203984	2.365043	3.174827	0.167672	0.117081	0.124893	0.53068
GH139	1.494165	1.395456	0.052923	0.076671	0.004165	0.329389	2.157475	0.573078	0.25477	2.877197	1.967489	6.959384	5.439382	0.791338	0.330019	22.813675	0.545037	0.780482	0.1267	0.815916	0.51754	4.072216	2.042076	0.450368	1.505331	3.194112	0.933332	36.115045	4.983154	6.027602	0.49469	1.774049	3.856639	4.059724	0.0714	0.248072	2.66841	3.315508	0.219446	0.036109	0.137961	0.49237
GH140	34.186993	21.967679	18.519195	19.654428	22.110204	16.881861	15.073668	9.529888	8.935321	35.560193	40.720875	28.052246	32.821948	17.449133	14.272694	56.164554	7.206475	13.145656	16.307197	7.242277	7.596211	9.545244	16.220668	15.392385	46.1359	33.996402	47.008912	111.387329	5.841259	12.852937	25.59866	16.215188	20.92104	23.334238	5.781486	8.281166	30.448625	30.038928	2.33805	1.6925	21.998458	6.691667
GH141	21.916269	18.301909	4.293667	1.792776	4.845476	3.314718	10.775511	14.904763	12.436486	40.817614	29.209241	62.974313	34.508467	4.4559	0.715636	45.753687	6.750912	36.180607	12.755111	14.352763	6.619188	15.367606	26.888689	2.089836	4.852774	10.814743	5.003706	80.590564	86.302507	19.82078	7.226111	18.342217	13.293131	17.766476	19.663111	2.329419	12.772652	46.515179	10.581815	5.405897	4.678389	10.749326
GH142	28.032619	3.312295	33.023674	0.130862	0.013072	0.454826	2.131062	0.71336	0.29872	44.818304	46.565303	6.843957	6.418787	0.632145	0.325438	24.867711	0.864579	12.650022	18.725581	0.965604	0.561459	3.372799	1.660696	0.593611	2.344663	3.00343	0.884333	34.142595	5.050115	4.604972	0.583107	21.72079	4.68515	4.148821	0.707985	0.12573	2.5819	3.012945	0.136999	0.09893	0.217268	0.425486
GH143	28.003394	3.312295	35.713228	0.177219	0.034892	0.306318	1.932426	2.020555	0.725946	44.227922	46.575839	5.048176	5.652045	1.218353	0.822194	24.320498	0.97072	12.469937	19.034127	1.419177	1.97251	2.470567	1.890731	0.647564	2.13488	3.209731	0.731787	34.131272	5.050115	4.038808	0.551089	21.022012	4.489119	4.187565	1.549738	0.108174	2.769596	3.723285	0.17963	0.09893	0.098543	0.631293
GH144	10.725155	5.360929	6.645425	0.218666	0	0.716952	2.449228	6.270685	0.603695	36.362055	28.561054	87.119451	8.302832	0.222661	0.250176	59.424037	1.324031	6.952387	11.330955	1.69817	0.774743	13.414115	5.63774	0.166594	3.372289	10.141951	1.659412	52.808873	189.462624	12.431908	0.883952	14.658437	10.005468	6.394447	0.480866	0.109619	0.783253	6.283973	0.601757	1.119478	0.116393	2.85819
GH146	39.320818	11.231983	25.441897	11.030375	17.345462	10.421668	12.322413	12.399547	12.676898	67.766177	60.434898	38.114071	26.065468	10.878087	2.481565	77.302608	7.364209	19.058182	23.349801	13.150507	6.657025	22.826056	14.439116	10.062344	6.519857	19.046415	7.39341	50.633946	10.647685	33.192278	4.421887	7.304814	10.781846	20.041913	9.651444	7.383181	10.843292	11.989796	2.976243	2.59805	7.400561	17.032864
GH147	0.129949	1.395755	0.015985	0.006913	0	0.260005	1.07438	0.474322	0.105051	5.808995	0.695606	18.364785	9.064695	0.038776	0.057448	17.787143	0.07735	0.122265	0.055996	1.418608	0.372905	2.48967	0.735279	0.01034	0.238994	0.875679	0.525585	1.64482	0.476927	2.239547	0.906119	1.598429	2.554319	1.11025	0.110163	0.045334	0.087005	4.154897	0.050885	0.010437	0	0.275647
GH148	0.344158	0.394073	1.806541	0.435378	0.062372	4.206711	3.13621	3.232335	1.820883	0.173509	3.452643	0.924593	3.081402	7.434381	1.504474	0.685568	1.758127	3.577384	2.743994	3.423376	7.719242	1.615846	1.025802	1.008612	0.837333	2.609131	1.901935	8.391174	0	1.350666	1.333955	0.944738	0.447548	1.693368	4.939133	1.037523	4.62129	3.844747	0.506193	3.139243	1.28274	4.174811
GH15	2.502486	13.541566	0.073699	0.096735	0	0.353275	4.888881	12.670678	8.403787	3.822935	2.921229	5.577495	5.5649	0.844965	0.504945	31.952639	10.714864	1.263245	0.235281	0.774793	0.867402	2.145946	1.589332	0.601362	5.982269	4.268537	0.629612	23.584378	0.568527	4.691862	3.099101	7.549912	4.628696	5.154426	0.088659	0.055359	2.259009	3.850871	25.991042	2.816357	0.136849	0.449263
GH151	2.368641	5.592989	0.687303	1.957974	3.136419	3.089644	4.04281	3.141031	3.815184	0.426978	1.994558	0.975727	5.659638	15.07525	4.817748	4.678662	1.095775	7.016572	6.004863	9.008347	17.184484	2.326347	3.512381	2.237175	1.295723	4.35828	2.676848	19.379201	0.347055	5.945018	5.326756	1.000397	1.474489	2.961709	4.406031	4.077513	3.768509	13.144784	2.552227	5.957941	2.78162	7.175305
GH152	44.630698	45.921409	64.993079	23.221828	6.314037	27.948435	36.547085	43.291813	25.119111	7.041	5.797341	46.937699	57.132704	48.512867	155.374181	31.193908	39.559787	26.206172	13.667421	5.514259	3.946184	32.625963	51.974491	10.820154	35.437098	19.727248	8.075034	4.258108	16.423172	39.702082	26.893911	17.452385	39.686579	14.023914	52.279773	57.666502	6.07674	30.443622	26.877917	11.550899	22.150573	18.21599
GH153	0	0.218492	36.040026	0.083946	0.029179	0.543969	4.83374	0.266947	0.00455	2.673173	6.231819	0.140615	20.906129	12.26568	145.639833	4.025502	1.601992	0.583833	0.349542	0.221602	0.03674	0.356048	0.807637	0.101772	0	0.013409	0.746959	1.099943	10.875079	0.229388	2.22189	0.012625	13.785473	3.932347	1.623349	6.959433	0	0.124952	0.017237	0.018565	0.019086	4.7962
GH154	38.583526	24.803039	24.717543	5.962234	6.010094	8.012268	20.974012	28.287767	33.447433	69.649101	41.217361	59.146465	25.188446	14.032488	1.623785	87.826206	31.798124	31.14736	41.376302	19.406162	14.703059	33.495499	10.063832	62.452509	56.314357	37.410478	13.892418	129.596185	102.090584	44.701839	3.096819	9.997053	21.186251	21.817104	13.899905	17.360784	21.746514	36.955313	11.955715	6.279435	43.938364	57.419779
GH156	0.048743	0.477816	0.036749	0	0	0.023074	0.177316	0.14201	0.017211	0.995167	0.331497	0.578011	0.30407	0.006388	0	5.228861	0.633901	0.559628	0.104094	0.179285	0.191648	1.233967	0.543872	0.011585	0.283872	0.462651	0.075506	0	0	1.082147	0.046709	0.776388	0.844908	0.462848	0	0.017052	0.005774	0.190876	0.109711	0.017556	0.022677	0.083166
GH157	0	0	0	0	0	0	0	0	0	0	0	0.695125	0.085731	0	0	2.168122	0.034027	0	0	0	0	0	0	0	0	0.13436	0.004467	0	0	1.842974	0.010891	0.010036	0	0	0	0	0	0	0	0	0	0.00492
GH158	3.201622	2.119996	0	0.031192	0	0.023212	0.168785	0.01531	0	1.776497	0.319486	10.976431	1.050071	0	0	5.009553	0.165323	0.194931	0.015535	0.246608	0.021435	2.090642	0.338444	0.00777	4.546698	2.194862	0.368544	6.498768	0	0.217095	0.113216	0.416114	2.429167	0.780524	0.01601	0.029669	0.153213	0.709401	0.16876	0.376775	0.152083	0.198332
GH159	6.672307	9.60171	0.157561	7.426812	25.89736	18.239598	10.854079	3.839052	5.051606	4.165638	1.889797	35.439503	3.140682	0.202239	0.173147	45.512806	1.492719	10.771087	7.196253	8.726185	3.610152	7.841483	2.889728	29.338572	9.717232	4.440038	1.063193	49.531631	89.195853	11.360902	0.430323	6.097056	7.687946	22.158673	5.098114	0.722439	22.997226	20.171616	1.418678	0.718798	7.955615	7.723128
GH16	61.075113	88.088916	58.906448	37.675204	144.844649	149.028974	80.683026	36.577812	26.314046	111.409516	74.167764	402.22523	222.522614	46.123396	140.738352	208.141723	26.470229	65.467847	33.793898	75.920629	7.287117	159.154437	235.879988	21.862117	74.222759	100.946143	70.043617	321.085666	570.07525	106.108707	89.299062	78.960427	140.462945	72.06978	54.27518	22.789994	150.32905	193.036291	62.795023	17.587994	93.878909	66.760694
GH161	1.872479	7.536731	0.325372	0.061858	0.110138	3.351769	2.697158	2.907229	1.961071	0	0	0.02727	0.39081	0.163061	0.00648	1.127625	4.276889	2.004974	0.983074	0.492039	0.21376	2.533979	0.320053	0.360589	1.21815	0.384991	0.241878	0.544093	0	8.702318	0.863866	1.230115	0.110289	0.272294	1.323678	0.27974	5.419314	1.405513	3.561162	2.383895	4.351289	10.054923
GH163	3.971402	18.415989	4.958649	0.012641	0.008753	0.492551	1.077798	1.300367	0.241143	9.539835	27.672187	13.858067	4.426937	0.090023	0.11821	16.87666	5.955357	1.512185	0.38761	1.243695	0.312419	10.120778	1.899884	0	1.702237	1.571998	0.171002	52.857206	5.08786	13.979212	5.952831	8.829039	3.566035	2.265356	17.961999	2.436705	2.718449	6.631925	8.412925	1.052663	0.041121	0.900941
GH164	0.025143	0.005001	0	0	0	0	0	0.192002	0.018293	1.337892	0.569397	12.996135	7.359446	0	0	10.360588	0.421945	0.015308	0	0.55123	0.321906	0.273862	0.118242	0	0	0	0	0	0	0.840324	0.79965	0.294619	0.812876	0.091102	0	0.336155	0	0	0.475114	0.004665	0	0
GH165	1.590123	3.519387	0.434253	0.175724	0	0.399721	2.361503	1.354711	0.725251	3.1315	2.615761	9.588124	4.315133	0.177015	0.127116	8.248055	1.906786	2.157258	0.834122	0.587488	0.591828	5.178328	1.975023	0.654954	0.968634	4.623184	1.321265	26.866259	0.171127	3.584047	0.645135	1.634039	5.087048	5.438214	1.121174	0.027758	2.87359	6.081766	2.837257	0.697577	0.127213	6.176139
GH166	4.152122	2.454868	5.393826	0.435629	1.834951	2.084061	2.793892	7.49029	3.472034	1.459792	5.4923	7.881547	4.264712	1.86363	0.015849	0.99557	2.903078	12.103312	13.377351	6.174984	0.167574	7.753497	2.550434	3.149456	3.518215	10.759903	1.008663	1.899934	46.458733	3.190476	0.904901	3.022143	11.497191	3.87366	3.536948	1.07033	20.303311	2.545143	2.833088	0.8144	1.518894	11.685417
GH17	1.47056	7.178053	0.015719	0.087039	0.026045	4.412253	2.715956	0.853328	0.392965	0	0	0	0.11082	0.163948	0	0.996464	0.916355	1.672883	0.171027	0	0	1.724418	0.176241	0.583758	1.455451	0.411213	0.149952	0.282254	0	2.276289	0.014063	0.168455	11.256801	0.171094	1.46793	0	6.075719	1.46708	3.813891	2.832028	3.347006	10.049575
GH170	22.608184	22.246749	61.786886	60.4005	30.929249	13.365917	31.496107	22.145464	20.166438	9.711302	23.083864	39.919275	47.990185	117.40261	74.401962	9.355359	46.062865	17.020198	56.855783	1.625835	19.517781	22.870336	42.567682	21.385911	72.950362	28.7545	51.660449	15.702527	15.385909	33.578816	67.658897	24.291646	21.349439	14.42675	63.093196	99.455832	19.665893	22.314344	48.17273	22.467275	32.627925	45.131142
GH171	46.139323	55.629293	2.188446	19.462929	7.135059	2.043454	5.814982	8.265273	5.691186	27.554843	14.000481	125.723608	24.350223	3.392275	0.931567	96.907385	8.256613	7.493687	2.337927	6.689795	5.261198	27.261893	13.07682	0.929836	13.016595	22.710004	6.45301	92.235311	185.257399	47.240349	3.476144	26.525018	18.018881	12.856797	2.20979	1.348016	8.357928	18.520254	17.386362	13.821164	0.678925	10.294324
GH172	57.625664	88.389384	91.303755	111.855357	212.328022	75.525309	72.005336	109.068791	124.557637	56.677308	34.871789	91.001476	60.632742	53.833799	20.840042	81.778085	74.037439	92.052243	109.981916	67.222401	86.897321	108.537737	209.0806	80.43313	67.907623	104.921232	107.448146	70.886255	164.886257	48.366711	57.048993	80.427407	55.196981	72.54749	97.027638	41.62196	103.695701	55.118075	16.270634	88.10653	55.279926	49.944758
GH173	2.186473	2.234393	0.166724	2.208777	0.281973	0.460773	0.459673	0.805952	0.377975	3.207937	0.800144	18.622686	2.046241	0.261911	0.08235	9.174522	0.562524	1.434658	1.130921	0.661578	4.151852	5.414296	3.706668	0.0525	0	4.005932	0.715112	11.806065	0.146426	15.988888	0.86221	1.893654	2.885657	0.742685	0.336679	1.393331	0.09414	0.947238	1.287625	0.33212	0.189672	1.474598
GH175	1.167646	1.350718	1.077868	1.783586	4.243182	4.805613	2.185879	3.031871	2.598471	0.429961	0.760659	7.458901	5.180971	0.461201	0.098425	11.990981	2.694732	1.886427	1.7536	3.135656	4.60587	1.145253	0.915165	1.087701	1.763542	1.921939	2.167001	13.468919	0	0.624558	3.033648	1.660037	0.185848	2.284792	1.004919	1.275144	0.496289	1.165917	0.355586	0.717517	2.631331	1.853837
GH176	9.437704	13.190908	0	0	0	0	0	0	0.023338	0	0	0	0	0	0	0	0	0	0	0	0	0	0	0	0	0	0	0	0	0	0	0	0	0	0	0	0	0	0	0	0	0
GH177	101.274894	73.82118	82.538171	41.608964	44.336888	27.191621	32.477107	57.122106	53.136248	91.173775	67.020097	114.058101	67.564224	69.402144	93.167643	140.943464	23.757199	41.611997	71.468469	36.628329	14.710777	65.016137	53.672285	33.564287	21.765178	78.578555	39.328957	129.602333	34.203752	92.075173	31.272049	49.506696	71.798094	85.654841	49.949456	25.54781	57.718935	97.898076	59.324857	77.272421	43.412561	92.51457
GH179	257.091851	280.162589	220.221537	195.810409	160.317164	163.484748	180.990602	244.527292	266.652291	206.347413	179.866211	244.739166	259.971087	241.978389	369.586853	227.002062	170.924882	198.135577	247.240164	214.308225	263.864302	191.30652	170.600585	195.472896	237.729724	174.948923	137.758052	230.395696	139.735055	247.066094	194.478417	230.674109	185.987625	184.281824	192.68296	168.099985	218.206434	272.740408	191.41184	246.436313	288.173201	196.475611
GH18	150.907028	201.72447	103.017878	124.9832	111.888623	119.307234	132.145839	124.780808	129.613303	111.448989	85.788811	266.683644	166.776188	135.060207	182.679136	237.909299	118.099411	129.64151	112.234001	122.561655	134.230376	118.496621	81.172483	127.55079	107.967508	141.867444	118.861651	411.43345	238.510042	183.38762	90.771451	117.826954	140.09006	138.052674	114.647147	89.04199	141.324067	140.341933	99.407151	87.911483	97.589069	122.186862
GH180	1.599902	14.165846	0.081722	0	0	0	0.030601	0.806306	0.155953	0	0	3.728139	9.141323	0	0	5.169435	3.996379	0	0	0	0	0	0	0	0	0	0	0	0	8.648146	8.652396	2.608384	0	0	0.052265	2.452202	0	0	0.985627	0.155654	0	0
GH181	0	0	0	0.039269	0	0.066794	0.115904	0.226112	0.083035	0	0	50.197469	17.984539	0.011655	0	10.944853	0.305708	0	0.022343	0	0	5.238012	8.756783	0.005589	0.147836	0	0	5.935664	75.79201	3.675585	0.031723	0.035078	5.77793	7.188181	0.062803	0	1.347092	21.182831	1.912911	0.202861	0	0.61333
GH182	7.938616	4.110149	1.114578	16.61209	6.409828	0.79336	3.563742	10.081539	9.636089	8.270867	1.2123	45.443563	13.495229	0.490357	0.35403	24.90159	2.022262	3.790157	3.315711	5.778106	3.345288	19.64939	10.12681	0.040595	6.250907	8.674231	4.489685	33.624536	91.541631	9.157803	1.442205	1.46031	4.161847	6.035489	1.320569	1.553335	2.4654	6.582879	9.921186	7.485439	2.248434	6.899689
GH183	6.383373	2.609754	0.011705	0.072841	0	0.086485	0.398026	0.028904	0.239759	2.126014	0.853034	10.037253	1.234978	0	0	11.868304	0.181103	0.281997	0	0.50496	0.086427	4.940282	0.295378	0.01845	11.089462	5.870646	0.797582	14.951	0	3.387417	0.142835	0.892905	4.885041	1.545021	0	0.074116	0.025502	0.344279	0.333208	0.726002	0.541502	0.398739
GH184	9.723816	0.421552	3.966027	2.36773	2.330961	20.708885	8.153095	3.858388	0.572415	0.928377	0.097205	0.338587	1.475478	0.013008	0	1.667106	0.812708	1.102401	0.835388	2.141023	0	1.042202	3.104297	0	0	1.284668	1.614397	3.538351	0	0.80267	3.066077	3.861616	0.747516	0.011636	0.180727	1.307903	8.91223	3.498108	0	0	0.427136	4.040194
GH185	0.026309	0.036629	0.20231	2.129393	0.702524	0.059655	0.069011	0.191352	0.569785	0.010278	0.199272	0	0.043172	2.238446	0.185232	0	0.489575	0.071035	0.025537	0	0	5.144589	3.845925	0.009664	0.167143	0.080854	0.136602	0.309092	0	0.137883	0	0	0.546713	1.057852	0.014806	0	1.052842	0.881697	0.141159	1.000863	0.820119	0.178382
GH186	0	0.533769	23.768097	0.024928	0	0.488541	3.716388	0.28089	0.005875	0.139888	3.146081	0.103362	21.958393	16.190119	141.00851	3.406419	1.488583	0.224222	0.010772	0.018751	0.005455	0.31004	0.847559	0.076916	0	0.05484	0.670638	1.315289	11.168449	0.206323	1.597147	0.128151	42.666566	3.330199	1.042362	6.463406	0	0.177885	0.03796	0.026211	0	4.026059
GH187	6.075133	1.483783	0.073905	0	0	0	0	0.006331	0.012383	0	0	0.551172	0.216447	0	0	4.161488	0	0	0	0.049606	0.014373	0	0	0	0	0	0	0	0	0	0.673737	1.656067	0	0	0	0	0	0	0	0	0	0
GH188	431.952184	402.583929	312.287647	338.978821	314.718224	276.600591	284.94447	295.442177	302.4028	267.68794	302.232517	215.980583	338.722962	341.936496	185.901774	236.707855	279.169605	234.694922	321.625366	395.6541	298.81134	267.05805	299.193306	207.654222	238.70581	282.842502	314.477264	235.482937	119.055404	308.762639	464.523566	264.774299	260.545416	222.725604	364.036821	290.372392	362.04769	421.823961	482.351331	452.96956	416.600209	322.90619
GH189	8.755172	28.050253	1.068527	0.014643	0	1.118656	2.831079	21.872643	9.02822	0.601686	0.0082	1.12351	4.678426	0.185978	0.005472	5.549229	15.751035	0.673485	0.541481	0.6723	0.082006	20.174521	24.103371	0.02668	4.601595	8.44766	3.003826	0.018484	0	21.268854	5.966234	10.424336	0.136097	0.008059	0.529769	1.151133	0.015475	1.058177	36.647301	4.815108	0.138965	0.140146
GH19	0	0.396398	0.948458	0.735358	0.654843	0	0.046851	0	0	54.563969	40.53522	0	0	1.520976	0.460316	0	0.199637	3.539317	13.417706	0	0	0.296087	0.464003	0	0	0	0	0	0	0	35.750583	12.103965	76.885729	0.006686	8.663411	4.72371	0	0	0	0	0	0.006951
GH190	144.703383	130.574103	105.884457	135.753016	127.6295	145.554563	162.175582	157.2979	179.220428	108.869504	117.405162	57.59139	88.564723	94.101583	29.607065	74.494263	137.330102	171.215815	180.490551	169.309882	169.863416	123.42172	74.441204	193.756525	150.546714	148.432101	133.225283	92.631468	0.513973	140.855339	90.84282	135.874183	113.119964	170.594143	118.385098	126.142601	198.978596	153.82045	118.856386	164.490387	183.43945	179.029983
GH191	0	0	0	0	0	0	0	0.011691	0	0	0.369345	0	0	0	0	0.502541	0	0	0	0.022901	0	0.013973	0	0	0	0	0	0	8.820141	0.745825	0	0	0	0	0.964186	0	0	0	0	0	0	0
GH2	767.252993	673.310484	703.430169	483.878285	626.530136	503.46331	529.512037	661.57331	714.812387	1015.429196	898.46964	1378.085906	817.223776	555.852437	694.849312	1422.561954	560.858154	789.572017	754.495048	518.831981	489.435491	713.495095	681.776918	830.939774	696.96088	853.092038	449.330702	1813.555544	1665.802377	709.630867	436.157126	698.424428	579.526537	786.707157	691.520608	417.366084	638.434712	663.636897	352.235365	413.961945	477.416006	654.296668
GH20	206.072849	224.786215	90.380131	86.657361	96.265185	108.960604	116.094744	68.935625	48.551076	196.541585	147.228452	838.660244	400.787655	94.708723	35.243252	516.786941	107.909928	226.228293	96.549817	79.666343	99.052816	252.438783	270.409942	103.849123	140.73934	153.072637	84.099895	753.092018	942.210735	264.317011	73.002579	121.834028	184.546233	216.342296	76.650806	41.716438	121.128322	327.938853	101.914177	47.553332	65.98764	99.841523
GH23	543.137608	558.737314	751.856458	605.35047	698.985845	803.76189	725.741526	490.495039	527.445839	574.06812	617.170242	471.514386	594.852355	773.316156	1143.535049	547.707753	531.527314	491.52467	463.258853	577.995839	627.692253	597.150769	640.129041	634.122381	809.851758	568.286552	706.732677	588.020023	711.498267	525.611105	498.482117	509.20463	673.003926	593.096466	503.070096	616.008885	595.345373	521.26289	657.938133	878.84889	637.271518	446.167812
GH24	279.80717	234.903892	288.234935	212.019398	157.918316	194.587811	207.147105	224.161796	219.7064	286.496799	308.27017	297.987516	245.278795	233.094438	380.15061	266.075042	234.392717	261.502058	227.692927	222.963835	209.208463	251.830515	200.305894	227.797692	211.943695	256.316532	209.592063	244.508684	221.704455	322.112883	245.879787	266.809746	245.870609	238.238998	250.546289	242.257214	197.988865	208.401424	253.234195	227.269318	206.661959	235.801298
GH25	459.607824	362.400898	449.411224	369.985437	381.641468	328.94454	345.041864	375.165323	402.406168	410.773516	385.340519	200.30542	373.517177	348.728164	644.877025	349.090557	332.406898	434.911964	368.703721	293.390975	287.415514	416.753047	519.830317	392.013152	299.603126	349.26066	312.252846	393.467886	296.321753	404.785441	553.317658	396.363843	358.345919	281.114173	388.179579	502.269429	328.082601	432.6572	379.537278	339.529249	401.221827	498.225
GH26	69.718422	17.02965	52.159576	1.643046	1.719248	1.774152	3.077884	33.092339	35.942034	78.176114	61.085568	76.898548	21.163927	2.561534	0.366468	93.412468	7.090673	38.543529	36.913453	5.723161	0.415283	27.450671	26.088013	3.971169	17.693763	72.652134	8.051091	102.900344	191.963145	42.623474	7.581608	42.229863	6.950367	8.370588	13.194033	1.078161	10.936197	6.399313	12.345173	5.994141	8.226997	38.150794
GH27	148.819902	166.789468	92.105387	69.641226	82.59084	114.031957	118.339478	110.147435	94.827194	92.33924	109.860993	196.68475	130.595661	114.208462	136.844396	128.117293	84.642283	145.866787	81.276646	112.787373	78.4049	113.524509	134.325202	61.731709	60.817538	93.855496	54.746531	175.318912	335.501133	136.667352	131.445853	107.723995	83.715225	128.537975	122.583356	49.431854	115.246883	131.517177	120.007278	108.584661	129.270821	115.435665
GH28	643.364642	631.278818	554.133198	453.156991	463.903391	458.203208	515.444413	560.618676	536.438913	683.449415	602.232677	565.836776	503.706834	467.154026	347.057238	778.976203	500.005854	547.382246	543.707211	457.262883	401.771598	563.903012	555.922359	531.264285	513.793325	529.402089	403.248374	908.836506	473.457233	630.831043	479.543038	503.167253	541.347034	550.810169	500.671273	400.612078	513.872589	554.352759	510.693281	424.498464	480.895433	568.714669
GH29	179.627527	192.053952	90.765048	239.351579	199.420419	243.998097	223.819152	144.413038	146.073717	227.530444	246.573014	390.898236	234.766491	128.616997	68.051692	337.599514	145.134644	214.810783	135.710067	183.283588	259.855081	213.41059	175.813735	186.157385	119.15609	178.32036	153.231673	597.531257	717.685658	230.040271	147.69971	211.860772	165.155808	270.418708	201.046946	152.953857	215.975647	238.878613	127.048355	101.665689	94.658011	93.642179
GH3	758.512746	912.514762	607.283697	797.974225	1320.723285	781.358758	730.275051	778.66602	784.954396	826.321279	768.237206	910.460978	713.410493	582.660408	648.505606	901.912386	735.651315	894.553351	791.466361	816.933193	736.12653	842.887619	1014.650949	966.893592	702.024326	1018.409221	703.049579	1368.4244	1151.884399	682.14654	727.69817	814.799678	654.024815	919.637743	583.747601	406.558886	908.412506	669.127817	494.547297	580.417707	599.386399	689.114956
GH30	49.697314	69.561108	53.390174	30.048332	118.634555	60.79663	51.098812	45.019826	62.723487	84.658032	77.537249	81.601537	55.621411	16.956181	7.022224	126.048675	12.764532	45.93496	42.076579	17.724283	8.384721	63.935843	110.259422	9.960637	37.351983	66.045797	45.495899	173.005427	112.198541	66.102287	48.240546	45.266784	33.648534	36.327543	37.700865	13.357142	39.303647	36.342903	7.900531	11.142051	62.204581	44.19373
GH31	337.34432	346.476437	264.229447	449.826845	541.973119	505.700054	442.078037	358.723046	407.767288	345.465849	301.068519	315.64081	335.995518	270.243155	333.587306	358.836549	314.467322	366.055612	366.814696	377.019186	486.6459	286.715066	333.240845	446.801638	383.315331	444.396732	456.503896	436.829427	357.822711	274.682793	292.32757	387.214755	295.472958	451.199781	342.136423	234.305565	452.344015	376.733693	204.92021	303.053077	347.828397	325.418214
GH32	305.700419	253.886702	400.02321	531.671244	629.944524	452.172887	373.795147	282.332221	347.39172	381.610948	407.275335	189.971378	311.857471	426.814697	191.702825	183.360471	422.529403	357.005363	385.571089	595.060263	544.000458	263.560547	376.257826	435.45085	307.89899	342.987992	420.352194	417.597199	347.322904	186.953242	459.184224	431.119014	313.858236	453.541351	358.834315	186.430194	516.792112	415.716436	294.707891	393.278528	457.242812	257.094085
GH33	78.860994	87.992495	41.484044	32.350884	20.025441	24.392212	44.098595	26.768986	18.5227	92.621784	88.550611	299.019668	150.348565	35.083943	10.096123	221.658075	36.147795	68.943957	61.859656	27.149249	39.183889	130.636612	91.669126	15.791708	34.143859	44.438199	20.779666	314.373717	415.18018	171.160657	51.237041	57.637658	59.512216	56.746643	46.111662	14.134051	31.664963	118.805703	24.287438	18.537018	21.26375	45.056824
GH35	115.074456	118.521221	58.538691	36.311079	144.140299	85.782441	85.741472	59.822694	42.651662	134.752234	120.004188	301.762876	133.541315	75.219802	56.080604	232.373278	56.397655	78.541634	41.827579	63.912688	23.729371	123.311377	164.896637	67.291625	55.446204	107.741912	49.828633	310.744708	277.034873	98.310698	66.65473	77.386378	88.949125	116.715812	59.925443	26.61292	77.401038	108.430079	37.720268	8.717733	45.657976	35.080108
GH36	256.991416	234.500133	351.384635	237.661178	408.889707	308.621242	315.960285	307.070878	354.438942	265.976806	284.152355	372.993821	349.963841	334.966054	459.405614	274.190023	260.797303	308.242797	331.972131	303.254852	353.181399	265.595659	345.745911	309.257442	225.756489	324.810345	334.230004	341.380818	295.545386	248.903	229.790957	268.574539	245.137618	288.122136	328.645161	157.049488	353.83639	323.937405	179.128835	260.224961	257.403625	244.966967
GH37	2.140646	4.028516	31.341161	0.048598	0.041744	0.549501	4.614928	0.514845	0.060782	1.571379	4.461012	17.656355	26.51803	22.457838	175.997516	6.898987	2.03423	0.282182	0.011866	0.011516	0.135192	1.984967	1.817814	0.057951	0.011156	0.236486	0.977835	1.318414	11.699291	1.63032	2.39115	1.470414	45.979095	4.012098	1.438802	8.095996	0.044308	0.663785	2.010617	0.641141	0	5.465957
GH38	242.623494	264.808227	159.873593	195.670362	291.644943	234.102254	228.274294	224.368586	229.628572	159.087728	146.414851	281.712169	250.153737	170.921831	152.411944	221.237548	172.662048	266.77882	226.459926	203.628815	195.470041	221.951751	295.669893	247.434969	257.596563	234.470688	182.548002	256.407495	203.147935	201.388751	183.214778	172.538119	168.347109	241.475247	243.744704	170.634172	255.264029	250.772035	190.897899	264.290675	289.152616	244.129046
GH39	57.355467	50.071367	60.050116	14.569587	37.234086	34.835619	44.516036	46.326478	50.370921	66.191536	53.237198	110.057302	73.565302	35.447708	90.01197	101.07625	20.415512	39.848472	50.661757	25.305305	20.224244	31.111613	29.909909	53.929083	24.918337	42.526121	9.911107	96.032218	90.560573	47.098762	19.671396	63.405243	72.593645	43.195468	15.370253	24.027472	89.100899	68.553534	19.257119	57.032511	14.517862	38.512889
GH4	144.571302	134.761682	209.644852	170.022218	124.835503	89.599945	110.831395	98.969548	102.636418	70.903961	77.89871	72.181352	146.068532	171.348164	261.42827	56.823952	123.971954	101.76649	156.903056	197.406437	152.042015	105.416954	108.80215	56.195602	153.78505	81.197378	95.143069	48.306036	34.454677	114.358677	235.118412	175.153607	130.697494	119.081119	228.515826	70.559012	143.809288	126.705506	262.198993	273.527461	104.04093	103.066837
GH42	135.584506	144.059635	130.489771	275.697183	476.274074	338.713114	215.223884	197.197768	216.189129	123.789003	100.901126	53.719553	169.447373	119.456797	37.158158	86.243326	106.216998	146.345149	146.370631	277.58532	181.116365	203.248554	387.166481	242.5294	143.761381	217.236814	240.410242	112.912038	6.310609	87.688796	187.408919	183.695383	172.328397	199.172953	147.337949	100.485226	335.474795	193.667649	123.175044	107.862712	200.617102	193.447481
GH43	641.258723	787.076708	562.428705	406.34701	720.237483	541.326762	415.273331	501.868481	484.037309	715.449069	624.27274	839.888201	592.900773	265.460773	139.539643	1269.045571	239.643927	427.787027	392.615872	504.835865	305.39183	686.440883	1152.887849	376.884345	309.548877	688.693016	481.989737	1470.942292	1069.799974	452.576739	453.514106	542.317437	526.783354	518.637834	336.750071	194.986708	648.055786	498.734997	226.246319	221.039664	408.350462	312.373143
GH44	5.085301	1.286256	0.202322	0.309025	0.280398	0	0	1.28461	2.001482	0	0	0.184159	1.264462	0	0	1.15911	0.750972	0	0	0	0	2.668957	7.043113	0.64494	1.065513	8.832341	0.326625	0	0	0.735757	0.72871	0.752219	0	0	0.179167	0	0	0	1.388636	0.878927	1.766015	2.437908
GH46	11.288702	3.97242	0	0	0	0	0	0	0.012636	0	0	0	0	0	0	0	0	0	0	0	0	0	0	0	0	0	0	0	0	0	0	0	0	0	0	0	0	0	0	0	0	0
GH47	157.523958	152.83096	115.989646	152.576763	128.335574	125.300346	140.744018	146.207896	142.417143	139.396519	122.449529	137.30651	136.816328	158.576878	141.49588	97.931594	144.672064	135.972786	147.316282	156.596093	175.799023	157.250831	114.825343	136.849713	143.273614	137.818773	123.812928	87.729403	137.341365	151.876139	172.743399	141.121606	159.144454	163.983032	147.605027	130.15104	155.856487	132.491541	133.133813	173.459804	186.830661	166.288488
GH48	4.980706	1.275505	0.200157	0.17346	0.057601	0	0	1.298398	1.697514	0	0	0	0	0	0	0.015504	0.394548	4.194989	1.962484	0	0	0.998731	4.44178	0.214981	0.567063	6.17119	0.63472	0	0	0.584727	0.536906	1.580618	0	0	1.686176	0	0	0	0.885058	0.48122	1.877067	2.988703
GH49	45.994207	95.693901	58.770666	62.413157	169.580515	137.244953	121.936659	97.969671	98.050943	56.042224	80.986678	9.141449	60.920244	78.530114	34.610504	36.116138	93.708788	68.880985	69.056064	100.379004	103.797343	71.81256	139.466201	92.722883	81.328849	83.898012	87.401433	38.844653	2.0867	47.85852	101.004023	109.861868	66.744368	76.078887	82.823845	22.901113	124.856937	90.732607	70.299226	62.924663	98.582732	107.747377
GH5	423.836292	386.186633	404.444229	267.584823	336.817983	296.159312	291.662429	362.799809	495.875706	422.770123	364.994075	362.598669	404.378717	277.833157	389.009581	427.918533	299.499442	442.939959	356.205311	286.103493	246.783025	361.170523	404.133084	254.476863	307.468742	470.595755	266.066702	451.670469	318.559588	380.709509	401.505755	393.475862	303.528675	293.534555	308.793437	186.540677	327.891162	305.047037	330.9982	255.214024	306.18657	392.952255
GH50	6.412902	7.318983	0.422436	5.928211	24.537974	16.29435	7.018867	5.506933	4.15673	3.719555	1.110086	15.898897	3.309216	0.164827	0.186407	17.759861	2.669455	6.598841	7.637495	3.276958	1.399195	5.64114	2.166849	29.493315	7.85979	2.83514	0.522545	49.543261	0.195237	13.792474	0.351831	7.423553	16.580152	19.410386	2.395531	0.0689	22.741713	19.861284	1.850641	0.123768	4.376232	1.236038
GH51	193.991271	120.173852	151.642151	190.335326	262.094778	248.533853	197.029404	151.980141	147.123411	192.907107	157.570079	158.51781	157.19233	136.895345	37.545745	235.33929	81.4776	145.873918	118.078591	189.129486	171.912798	130.240523	173.408124	141.084546	108.993275	176.09535	165.272698	356.900785	172.94404	116.716905	119.343777	177.802947	122.829527	169.144857	121.988434	82.502327	212.444328	153.615273	48.986695	71.265677	123.837093	117.117976
GH53	88.753607	53.046673	126.799704	35.490681	77.09825	59.618547	76.066847	89.745417	109.479429	120.558165	59.078927	13.93592	41.342572	67.041968	53.921991	31.977807	37.273453	78.843161	88.85399	112.813701	71.052533	28.304976	22.089712	56.4128	33.101155	83.354886	28.732877	98.461084	0.437788	48.195046	16.045525	63.122092	46.526855	55.052112	70.245358	11.321783	163.192124	92.742039	85.159585	142.642611	139.822942	56.910167
GH55	22.596183	25.207883	0.113459	6.52172	3.650216	18.631044	11.793379	5.852996	5.14613	9.462388	6.020536	32.727066	12.145009	4.861144	5.365154	35.619675	1.574663	10.644094	2.38067	3.254558	2.057838	8.846401	8.601584	7.672265	45.868163	14.524292	12.824648	14.487386	0.060441	27.305502	6.367366	7.145102	12.346294	7.846681	0.99028	3.426386	28.003468	18.231818	12.2371	6.740725	20.572421	11.345737
GH57	25.969051	33.403264	11.532677	1.040211	0.077194	2.464576	7.793005	19.350927	18.61176	32.760352	29.623006	110.790039	42.74535	1.570017	0.613321	89.902646	13.300871	17.288897	3.899211	5.148809	1.476099	24.391485	17.507487	0.483372	13.431997	17.492814	3.115402	102.938234	99.530488	30.870067	5.229586	22.73768	19.136459	17.434661	7.85438	1.556309	5.358387	33.798786	36.845776	6.779878	0.373614	1.936145
GH59	4.697237	1.84498	0.262484	0.751823	0.632849	0.005034	0.007552	6.667364	31.133392	0.110751	0.008331	0.231606	3.185455	0.057225	0.021648	1.157211	1.047103	12.006902	2.810472	0.304923	2.013309	2.924559	6.529906	0.437222	4.041976	14.203863	0.917779	3.296152	0	2.385524	0.59409	1.540631	0.119787	2.4273	1.442821	0.031744	0.011867	0.067083	1.831076	1.619029	2.4398	7.675458
GH6	27.380428	49.906668	50.094286	23.01836	39.037527	59.884375	82.116965	78.361423	78.213749	46.47262	49.6924	12.839929	70.258634	55.668185	174.534162	28.423874	36.932068	69.776032	72.276196	39.457529	64.621552	46.223464	53.506179	53.476721	41.084136	48.987291	17.84053	34.100569	17.988029	51.265179	33.817904	47.02097	87.860811	65.308154	32.771358	13.941665	57.838285	30.179699	43.79625	26.777005	30.423349	56.446885
GH62	0	0	0	0	0	0	0	0	0	0	0	0	0	0	0	0	0	0	0	0	0	4.329621	11.855619	0	0	0	0	0	0	3.25357	0	0	6.033168	7.707187	0	0	1.496501	27.062334	2.091566	0.224417	0	0
GH63	42.681944	22.981185	23.528029	30.57979	9.779943	9.214203	17.593372	14.092656	7.450093	37.760207	41.216295	139.568948	90.036494	33.71063	100.914011	75.611923	11.740055	25.894754	7.635747	6.176145	6.86547	35.008928	33.402703	12.117087	19.300898	21.543132	6.944471	108.741614	87.493949	44.745662	19.186737	18.400758	44.586857	27.371181	18.198645	12.822656	21.443167	79.83253	22.375098	19.61165	9.288795	17.582664
GH64	0.798598	2.06421	0.011619	0.078122	0	7.83585	5.01727	1.060607	0.862475	0.007759	0	0.024804	0.108193	0.166626	0	0.750295	0.466585	12.570135	4.997968	0	0	0.173168	0.155597	0.492153	5.869831	0.513085	0.116401	0.191244	0	2.800828	0.330269	0.013833	0.069086	0.085816	0.911878	0.807108	5.837254	1.329568	2.789982	1.598068	3.646095	3.922667
GH65	12.579101	9.088622	32.204079	21.850609	18.906053	11.154889	35.131633	19.834173	10.623203	12.337436	11.084023	63.741091	35.46014	132.52583	129.547243	47.586427	15.364948	14.878799	16.479042	9.187348	14.738652	42.449917	62.755494	42.345869	11.604528	19.423725	17.472123	48.157114	133.701136	61.5047	53.710692	14.426502	48.450908	13.316031	15.808397	73.324059	8.751937	18.387229	16.616482	7.19771	15.828941	69.007883
GH66	11.609321	6.229556	4.321098	0.494939	2.113066	1.444207	2.168846	1.241709	1.166795	72.327574	62.83414	16.921512	2.889879	4.006486	1.946918	29.155905	2.60974	9.204141	13.51783	11.644391	0.614157	8.709091	5.845871	1.034755	6.796873	4.452544	1.153649	25.898224	6.9282	9.924418	2.494445	3.377644	5.540293	4.313507	4.677971	1.205105	0.282766	4.920432	2.192237	0.760218	1.79963	7.698962
GH67	23.551345	5.419822	31.777741	16.277332	4.886674	1.496235	2.116618	5.913654	4.010861	30.385786	31.696066	13.717653	3.719036	4.459846	0.551314	28.411894	1.546527	6.544549	11.119443	1.908149	0.968809	4.827259	1.995161	0.185618	2.09583	4.689737	1.963089	60.598751	0.222987	5.314144	0.981728	11.115322	5.383755	2.902032	3.857803	0.761491	3.899735	8.955164	8.172076	10.170075	1.233563	4.452548
GH68	0.006639	0.006603	0.972291	0.149919	1.762378	0.115358	0.418406	0.172882	0.600796	39.078267	25.744505	0.025001	0.003405	1.884248	1.623805	1.237266	0	2.184701	2.403872	7.83196	0.151348	0.033207	0.187293	0.44812	0.240195	0	0.122045	0.15529	0	0	3.015001	0.603581	0.503659	1.658373	2.875578	0.553385	0.188394	0.128663	0.012612	0.089312	1.379843	5.155614
GH70	0.01993	0	2.019169	0.299253	3.365924	0.309665	0.59501	0.214219	0.927207	63.19352	40.2239	0.033396	0.077855	2.786052	1.857285	2.113906	0	3.542132	3.95595	15.703786	0.24064	0.079874	1.853441	1.182503	1.380743	0.104803	1.973137	0.204697	0	0.48257	2.987641	1.279727	0.775863	2.486824	5.363234	1.613247	0.368752	0.163777	0.067072	0.104415	2.050218	14.527619
GH71	152.427944	110.007462	84.268012	122.9503	114.339075	119.249837	141.218613	123.029796	125.579146	128.576731	143.018878	214.696994	126.962547	111.9629	46.537139	192.454659	141.66509	144.209611	130.282379	166.127777	192.756917	134.118043	116.803973	106.874349	110.611652	155.297849	134.269563	197.718198	315.91084	165.5786	92.796034	151.002331	135.266342	181.882886	123.048371	105.764433	130.718368	154.304416	121.839903	122.368466	141.18095	140.495795
GH73	222.884786	167.200429	201.428889	138.681494	126.313993	130.30206	241.056134	137.168694	155.465135	362.633293	342.490217	186.628851	152.777185	354.512817	344.099812	203.908848	156.626241	167.645169	129.256198	223.493876	225.789756	142.595847	154.119886	181.218217	112.883656	119.739126	130.352864	249.922272	298.832354	174.880274	160.057581	169.061737	253.409287	150.031865	179.647733	233.665023	133.209942	183.874763	220.078584	186.160897	229.309188	197.792078
GH74	16.662316	5.723999	0.688031	0.256416	0.345041	0.043662	0.129879	6.982487	4.431096	0.686767	0.197081	2.569825	5.652579	0.082295	0.027451	3.408173	2.399656	12.550706	7.640541	0.158137	0.010996	8.240929	13.292156	1.691141	4.344253	36.63234	2.63294	6.141302	0	3.117924	1.398022	3.685929	1.976645	1.053728	4.520925	0.279431	0.055622	0.459685	2.420909	1.308354	5.584324	6.166121
GH75	0	0	0	0	0	0	0	0	0	0	0	0	0	0	0	0	0	0	0	0	0	0	0	0	0	0	0	0	0	0	0	0	12.720039	0	0	0	0	0	0	0	0	0
GH76	12.510371	16.599847	4.189834	2.020024	0.999685	5.364384	9.572681	5.405834	2.378977	15.633368	4.766918	206.006879	32.164452	1.919137	1.079576	170.835392	5.009581	12.422853	7.006399	10.928392	3.17812	29.118942	10.777868	2.620055	27.675904	22.045451	2.744131	177.211368	373.258851	21.3302	7.936225	21.849449	57.096884	19.173189	2.349112	0.840838	2.874432	20.621101	5.003406	4.076994	4.406035	7.629154
GH77	318.783137	334.362617	357.077219	354.935954	460.568735	363.89107	380.25038	378.684582	407.491772	329.64785	326.208311	191.567732	310.550017	282.306908	242.437787	215.680067	356.763883	376.394233	381.230113	395.721326	344.130825	327.332719	384.906458	379.437548	335.106967	386.693844	384.069337	252.068266	246.832221	270.804644	341.55778	332.829291	283.994835	344.263606	401.162295	257.476411	394.646911	345.530838	321.08058	291.208727	349.007526	397.373846
GH78	181.871558	198.379929	88.921378	163.387469	189.863639	123.321527	128.48735	146.845556	151.37325	177.353161	185.491655	262.814189	183.920298	125.674483	28.249301	363.902118	150.712071	138.625009	205.382231	153.611352	156.387754	161.949284	122.442045	141.425062	102.567499	201.180202	171.209157	374.768855	273.415098	230.209711	145.70589	157.577846	98.884554	186.403178	84.300616	110.192352	189.988234	136.553981	120.613897	171.612397	116.117073	101.287786
GH79	0.837134	1.685322	5.053941	0.932491	0.033405	0.04197	0.005883	7.333032	2.59444	21.585936	5.53268	3.293124	2.946259	3.016363	0.0888	2.765347	17.455883	0.293776	1.079816	1.711257	7.488736	0.467603	0.369726	4.740995	20.409125	10.4343	4.724014	1.442275	0	3.637103	0.015946	0	18.955539	23.369833	1.157125	4.655562	2.16404	0.654174	1.824217	2.428146	20.120407	7.879199
GH8	35.811392	55.119311	80.635869	7.771181	27.900062	40.321991	33.145919	45.552117	46.755605	44.866526	26.179469	8.921396	47.922382	23.206344	109.608598	18.581083	8.771498	30.004244	34.995902	38.667516	9.391787	42.834977	107.934917	5.496465	3.983175	45.943992	35.578901	57.634656	7.512549	11.102592	39.678293	33.467154	41.954781	7.751685	25.307359	8.982554	68.952693	30.712524	26.551729	29.291386	33.314246	18.389594
GH81	4.108712	7.259131	0.239779	0.172161	0.002396	11.070166	7.417625	2.367262	1.11615	0.355828	0.426084	0.003193	0.324034	0.558849	0.025079	2.273948	0.882099	4.922808	0.432184	0	0	0.65029	0.524386	1.391845	4.468827	0.89179	0.577918	0.816808	0	5.809625	0.132757	0.519159	0.451704	0.87304	0.37529	0.048621	21.391448	5.290134	8.67071	5.418641	9.266576	10.8298
GH84	208.34733	208.406224	187.409432	229.980962	183.28466	213.431703	241.707163	230.057894	240.536765	199.4055	226.278445	226.624031	245.919511	251.714279	139.333513	172.232843	265.051516	245.105823	220.61622	242.063617	291.989	257.879303	224.978169	227.456448	246.346324	212.154806	218.27429	161.576177	164.545044	272.232597	257.53498	221.633377	166.535074	235.092689	237.406455	225.871187	224.34956	263.743588	234.891028	216.109399	243.900482	253.274632
GH85	6.152712	1.282837	25.671647	1.528064	0.581243	1.306464	3.335986	5.148137	1.553126	18.491062	39.211009	27.370336	20.171044	53.089308	107.556091	7.153771	3.089968	4.466838	3.139108	0.808638	0.047128	11.107799	5.351023	27.029439	26.857744	1.172961	0.668687	1.814295	7.028695	1.224507	1.939094	4.392717	18.958647	3.80517	7.910076	9.058609	1.972656	1.962659	0.670191	0.867669	1.423179	9.879274
GH86	5.688043	0.510018	0.052826	0.439647	0	1.219423	0.456307	0.098667	0.008247	7.265806	8.579136	2.360054	1.339062	0.216577	0.236119	3.821231	0.250487	0.274313	0.117049	0.619659	0.296362	0.81145	0.059229	0.042614	0.404739	0.329827	0.182914	5.676864	0.005004	1.094271	0.113656	1.021663	2.200813	2.04984	0	0.379938	0	0	0.304626	0.187502	0.004075	0.064045
GH87	1.368014	1.921793	0.931177	0.211755	1.180105	0.080576	0.183444	0.572755	0.91017	24.036945	16.414792	0.022999	0.232502	1.253591	1.036932	2.934786	0.771858	2.683446	1.692034	5.124266	0.145278	0.317195	0.215332	0.424352	0.161074	0.012644	0.222668	0.112753	0	5.933007	3.387198	0.897745	0.416395	1.249399	2.270404	0.419723	0.14293	0.136874	0.939969	0.620245	0.851533	3.864293
GH88	58.429571	41.114747	54.615949	8.029175	10.123208	8.238245	28.211923	37.423228	45.445822	107.775679	48.469782	142.412167	37.732741	66.903327	21.280102	175.016237	46.099003	66.690251	63.535675	31.142355	32.351893	59.053417	23.019836	62.977514	60.793	59.364573	19.683004	202.669785	125.053439	79.612253	5.913141	22.311057	38.187956	29.909143	42.10441	76.395145	28.92467	48.181049	8.947937	4.518292	47.029755	74.248408
GH89	34.30482	59.287294	10.971434	22.835691	11.389324	5.427832	13.509185	13.167341	10.597036	53.6488	37.933147	188.216012	92.011144	8.592057	2.201045	143.338466	15.224102	23.317456	5.542354	16.923784	12.630419	66.458342	46.500713	2.712995	17.902463	34.036006	13.590072	212.303679	205.531247	63.746291	21.10704	37.089418	35.90738	34.228643	39.939554	5.480501	14.112942	67.098335	30.793068	8.188524	5.240285	18.359581
GH9	95.403414	86.778137	7.100443	3.632248	1.126179	3.350798	4.835552	25.387219	22.468542	15.437271	8.41901	42.670743	23.172453	19.696984	43.773368	62.162452	26.42572	56.280268	30.304444	4.010823	2.532516	45.387673	43.026015	3.006011	40.095825	61.601518	9.494278	57.259028	0.114869	63.507937	12.567175	24.933219	23.536909	15.166632	41.013926	2.393567	3.807289	7.280917	23.439332	13.081161	18.546408	66.728613
GH91	0.159599	1.91681	0	1.922427	0.139032	0.170791	0.792366	0.230654	0.037448	10.095387	0.185451	5.633243	6.689314	2.223313	0.664549	1.414573	0.253145	0.251741	0.024613	0.334491	0.265215	6.709751	1.457282	0.075584	1.05763	0.657805	2.069449	3.574422	0.034414	0.355995	3.968063	0.453676	0.936422	0.751434	0.163868	0.243899	0.022054	0.045524	0.178722	0.022211	0.401952	0.324031
GH92	132.266909	117.641478	63.285706	18.274768	2.526966	23.617397	51.897634	38.32394	18.047867	224.343388	194.751382	710.746084	227.412944	77.525144	109.192536	635.933828	33.004591	53.737246	45.178445	41.075376	18.927895	158.912775	95.005975	43.732451	73.363681	102.288696	24.761076	842.543847	875.242742	158.923634	51.3389	102.096043	152.530686	79.588777	23.117139	66.915082	32.08463	103.594067	36.404872	28.251272	32.144037	55.743414
GH93	2.067831	2.408998	0.012439	0.077277	0	0.255765	0.763621	0.840575	0.346443	1.079623	0.343911	3.250776	9.666555	2.918862	0.614997	9.227218	0.375782	0.712614	0.655141	0.899073	0.213482	2.491708	1.172121	0.02496	0.687192	3.8124	0.446715	17.074334	6.475978	4.532981	0.023168	1.359121	3.98009	1.793909	0.040835	0.050098	14.559222	8.259414	1.025822	0.159151	0.050157	0.279137
GH94	115.966517	140.440259	131.494934	103.139068	172.585912	116.116708	138.607404	210.173369	244.858631	134.536249	127.143888	25.388225	78.631249	49.078318	21.017498	68.980892	120.661494	185.240856	213.528709	69.561169	44.53288	122.543901	146.487622	161.456191	112.287024	173.767157	82.994026	96.875319	0.586347	122.835288	61.55324	151.074791	99.892901	130.91034	136.717549	63.027191	176.504731	104.77497	103.973929	103.282178	131.177179	172.972471
GH95	126.755498	87.185147	91.273613	90.29738	49.901208	78.685727	115.909872	62.042423	49.181156	169.575296	198.81081	276.976346	151.831506	87.45756	41.865009	245.261869	67.505779	90.401477	69.877791	66.515001	136.979736	111.099389	103.010187	27.873397	40.021646	89.289014	74.631227	408.082354	264.693598	142.799034	90.323487	161.900243	74.202209	149.960082	92.410999	27.412315	50.781553	116.764123	62.776664	56.331934	59.75741	64.305255
GH97	224.380081	111.027074	96.687623	3.883728	0.120424	15.578739	32.275972	13.359658	5.841115	278.686802	261.148439	345.414701	112.907113	12.906905	4.467037	453.439777	16.111324	47.015948	54.747499	22.068574	8.344402	100.118372	41.054574	8.920761	91.550072	81.766411	17.407303	556.774578	295.888916	153.600051	19.091429	82.286822	88.709853	73.079465	13.03063	5.285758	20.030385	68.303598	13.206858	8.261155	3.876289	12.892062
GH98	0.863335	0.142991	9.02158	0.302801	0.824337	0.050293	0.23155	0.48457	0.045045	19.502031	19.324958	2.226015	0.92183	8.17031	4.614636	0.777061	0.047939	0.945645	1.15871	1.141185	8.458105	0.209979	0.086535	0.306042	0.238934	2.352778	1.83156	19.081606	0.295821	1.246556	0.455206	0.208082	0.224299	0.937835	0.24854	0.28267	1.417244	0.236356	0.008897	0.094856	0.14769	0.573209
GH99	12.14443	17.590789	2.219587	0.5827	2.16773	0.416989	1.030011	1.84742	0.324557	2.78436	1.8239	23.90937	8.341311	0.47176	0.166774	26.919001	1.767146	1.583899	0.667399	1.548498	0.814417	4.018088	4.563102	3.311879	2.177579	1.676048	2.066917	30.880372	6.251669	4.154532	2.193902	3.057174	2.869762	2.175854	2.020154	0.122202	0.718635	7.960711	1.888307	0.694772	0.147825	2.108627
GT0	474.587295	430.117616	420.789375	282.327262	394.722941	309.096191	329.952778	347.22186	339.922438	518.418058	496.60239	820.526065	603.154508	392.752497	425.673852	746.440602	362.258784	409.265017	363.130191	358.20817	346.623324	496.50708	505.75261	325.032112	321.851295	417.066499	294.815356	1006.715747	991.20602	456.957818	436.241757	444.159921	467.580296	430.095224	335.772489	310.838551	404.182144	516.451518	393.517241	282.178966	361.108274	367.896687
GT1	777.481929	783.339345	615.492793	551.947165	623.226351	711.392554	748.778753	738.580064	717.178084	631.385715	584.840948	660.768867	690.053031	624.275011	775.615763	692.585551	625.23255	645.577685	634.914489	713.273428	623.821728	703.876885	679.748831	599.300822	727.734965	647.273502	577.729652	677.567651	808.45436	677.385061	601.881086	620.125051	702.223673	585.949086	616.952623	504.008885	684.011233	678.831795	759.785937	747.94278	824.714333	640.244056
GT10	5.097891	2.308736	0.757128	21.196531	7.064625	0	0.02243	3.705571	3.956667	4.703847	9.900482	89.302577	51.508545	0.201386	0.166554	27.755276	1.464159	1.219247	0.79335	1.219036	1.018752	15.714167	25.091231	0.035364	0.439987	3.517811	2.433169	1.198968	0.025773	10.449303	0.324122	0.875153	12.540978	18.436774	0.56549	1.96506	6.766214	61.367567	13.666966	14.621503	0	0.729689
GT100	5.098983	3.885494	3.615555	1.270076	0.549081	0.416714	0.263974	4.595033	4.439757	12.899886	7.941561	2.210463	4.56359	31.205577	2.971381	0.648533	6.971554	14.903853	6.326086	4.784726	0.646784	9.107377	4.085376	12.625862	1.820138	6.079914	1.735331	0.806349	0.011684	9.174134	3.70553	7.627771	0.635069	5.36673	5.217633	12.030244	0.144475	4.318478	4.064238	0.543029	0.331126	15.61889
GT101	1.024797	7.934022	5.741111	0.271166	0.884273	1.911069	0.76292	4.85288	2.73647	0.522454	0.475636	0.967241	11.070446	0	0	10.584852	6.486242	2.688283	1.942794	0.194828	0.079028	2.259452	1.061622	0.012277	0.63701	7.068802	0.204616	15.224757	5.592203	3.948199	1.881538	1.326161	1.92579	0.794416	1.879792	0.37649	13.489607	1.4142	1.550525	1.049009	0.437923	12.830611
GT102	0	0	0	0	0	0.032031	0.158806	0.119439	0.063711	0.581584	0.132535	0	0.395165	0	0	0	0	0.517914	0.022667	0	0	0	0	0	0.412099	0	0	0	0	0.458944	0	0.35886	0.916745	0	0.032855	0.021042	0	0	0.01109	0.010832	0.03148	0
GT104	0.394472	0.050295	0.035354	0.018644	0	0	0	0.018249	0.035693	0.948364	0.124381	0	0	9.197357	1.56395	1.139693	0	0.172351	0.019636	0	0.008541	0.342441	0.347655	0	0	0.123514	0.051887	0	3.134684	0.332336	0.066408	0.095985	29.100903	0.091623	0.215523	0	0.035924	0.018556	0.05764	0.038375	0	0.134928
GT105	0.017119	0	0.064718	0	0.017872	0.086099	0.475797	0.098115	0.047931	5.925129	0.2224	1.274084	2.635289	0.034671	0	0.763576	0.350211	0.596722	0.089862	0.366246	0.130695	2.813925	0.72767	0	0.360355	0.377343	0.568262	0	0.020435	0.727782	0.037142	0.864682	0.926802	1.02437	0.085525	0	0.042369	0.20134	0.034507	0.025765	0.00832	0.080604
GT106	26.534821	6.503401	36.776402	7.12099	3.08557	3.498605	5.775776	5.193881	2.218132	44.111068	37.520167	48.180008	22.220414	6.887741	6.641904	67.766668	12.292454	11.61912	12.549955	4.402933	2.667529	20.160893	8.01718	1.033858	8.304908	13.2733	4.01016	71.406841	94.234948	13.358403	27.460071	26.736381	12.902604	11.139319	26.280707	55.168691	3.533541	6.223985	3.534826	2.472478	0.7938	3.248804
GT107	0.004961	0.049402	7.076216	0.091537	0.038308	0.229652	0.854458	0.129442	0.02707	0.111752	2.45611	2.204573	0.183233	0.04019	0.085144	2.197129	0.388032	0.067199	0.027523	0	0.025221	0.628277	0.880261	0.016896	0	0.009451	0.165933	1.634297	8.53099	0.130287	0.607607	0.252697	11.972836	0.186359	0.638569	0.110694	0	0.337752	0.028366	0.009236	0	1.239055
GT108	0.243001	0.178065	0	0	0	0	0	0.333023	0.023263	0	0	0	0	0	0	0	0.821084	0	0	0	0	0	0	0	0	0	0	0	0	0	0	0	0	0	0	0	0	0	0	0	0	0
GT11	17.65597	6.999012	5.895207	29.965151	10.780056	2.333595	3.282361	9.695042	10.623173	11.080284	8.696722	69.865268	45.838605	4.521741	0.932565	25.782611	8.583887	32.995527	15.810604	7.751699	2.820108	23.529871	6.809084	11.767804	9.415261	15.824703	6.464152	31.23746	0	17.049401	4.869106	11.347835	12.722686	18.101519	6.522637	16.562744	8.825586	39.415758	17.340586	17.17373	2.348644	17.264747
GT111	27.745912	29.573051	40.080384	34.400003	33.688912	33.893472	33.798546	31.390926	27.933949	15.992194	22.556717	7.030166	19.493655	10.560458	3.147019	21.791452	42.343574	44.966561	39.257356	17.142022	15.813795	28.284067	22.272945	20.286055	12.607919	41.274756	9.288856	29.910372	0.696494	37.585238	60.259901	35.87592	20.098381	13.278196	20.31567	19.038702	58.61574	21.099976	45.203849	19.629979	15.518329	47.00424
GT112	0.022597	1.685394	0.008776	0.062478	0	0.268563	0.203318	0.110568	0.221887	6.842249	7.355184	5.203611	3.102969	0.008471	0.017946	6.518327	0.021025	0	0.065802	0.164322	3.169041	0.016743	0.177111	0	0	0	0	0	0	0.277455	0	0	0	0	0.268471	0	0.995685	7.885099	0	0	0	0
GT113	22.618313	6.976997	40.3427	14.271142	23.081793	22.72614	20.68598	6.662712	3.763533	107.693998	51.479065	2.390324	8.683515	3.777771	2.51622	27.415764	23.052831	37.20996	60.24059	11.32284	4.828084	9.176611	11.384857	6.475597	3.963057	2.3134	4.075997	73.362573	0.453588	7.115505	63.054697	13.422084	21.515848	6.033835	27.636674	45.045875	33.235855	17.463438	19.490567	32.208231	3.99661	15.100522
GT115	0	0	0	0	0	0	0	0	0	0	0	0	0	0	0	0	0	0	0	0	0	0	0	0	0	0	0	3.214562	0	0	0	0	0	0	0	0	0	0	0	0	0	0
GT116	0.017736	0.017638	0.252796	0	0	0.851496	0.329683	9.411284	0.607938	0.147241	0.335544	0	0	0	0	0	10.588014	0	0	0	0	0.445224	0.866697	2.01563	0.198646	0.228063	0.200691	0	0	15.645184	0	0.051105	0	0	0.069743	0	0	0	14.049777	6.106913	0	0
GT117	36.137177	18.822201	23.696953	0.33141	0.005436	2.88088	5.896565	5.468404	1.492905	53.309356	41.266672	71.879683	23.219437	2.35356	0.825893	89.763788	2.965443	20.747323	10.659423	6.088125	1.706556	20.121313	7.376468	1.075532	8.850699	19.104577	3.87308	125.570159	100.852785	24.885128	2.896522	24.814213	14.782673	11.67934	8.090917	0.390301	4.082942	12.242972	9.770025	3.518993	0.433252	2.920717
GT118	0.024954	0.165221	0	0	0	0	0	0.122895	0	1.080493	0.4957	0	1.127979	0	0	8.537064	0	0.007118	0	0	0	0	0	0	0	0	0	0	0	0	0.520207	0.151794	0	0	0.029451	0	0	0	0	0.013696	0	0
GT119	989.541279	976.351618	945.583502	943.580901	949.204831	934.495518	990.77973	1008.83632	1050.340023	939.233009	959.252917	770.78659	923.136024	1017.96767	1036.920609	877.740482	1031.251531	980.43208	958.463681	995.808162	1042.464854	964.689461	887.706179	924.768946	984.551384	964.328461	968.152024	881.671101	824.286525	910.428462	963.674348	959.029137	855.059645	991.983595	1046.416864	916.431752	984.318478	931.249238	975.597908	852.900477	999.781657	1022.60549
GT12	0.898744	13.028038	0	0	0	0	0	0	0	0	0	0	0	0	0	3.012831	0	0	0	0	0	0.047141	0.055406	0	0	0	0	0	0	0	0	0	0	0	0	0	0	0	8.086541	3.123118	0	0.865394
GT120	0	0.566639	20.904039	0.059161	0	0.419622	3.71975	0.231889	0.014594	1.559514	3.332029	0.26186	16.540717	14.408506	119.259125	1.745117	1.256113	0.14701	0	0.007308	0.013552	0.339036	0.734327	0.073924	0.014122	0	0.576387	0.764733	7.695662	0.137568	1.276137	0.084774	19.140948	2.745691	0.93827	5.133368	0	0.326252	0.053346	0.014888	0	3.761161
GT121	47.739055	45.310903	91.385107	18.644697	13.618296	29.202042	55.776964	46.69988	32.591206	41.899148	35.678097	176.999079	92.502702	61.167037	134.309717	113.947301	49.636582	80.571508	68.182092	24.471945	25.929357	51.739744	43.729825	11.832388	33.012136	30.42618	19.46298	72.516606	151.271865	79.731984	37.644958	42.804435	75.809809	35.049892	61.225081	105.978587	20.545933	45.136857	31.780608	17.844789	53.168031	49.130591
GT122	39.921324	38.53231	16.581885	29.75636	27.460232	24.245833	24.196955	27.342175	36.325936	43.580834	41.87995	65.302006	38.790944	15.778082	2.148267	55.648488	7.124075	33.230686	18.285898	43.353499	29.398357	34.433104	15.906262	26.976838	40.829762	23.928505	8.810286	76.589978	86.41243	30.260243	29.97583	18.95548	20.677705	19.20068	23.992744	17.835787	46.718117	56.713611	31.065731	34.002602	66.426026	27.992305
GT123	0.472142	0.018413	0.043145	0	0	0	0	0.077483	0.033677	0	0	2.138112	0.446245	0	0	0	0.198114	0	0	0	0	0.8746	0.374899	0	0.024506	0.035271	0.01583	1.345005	0.051087	0	0	0	0	0	0	0	0	0	0	0.017177	0	0
GT124	0.816808	2.597751	0.010889	5.305815	1.668854	4.466589	6.522369	0.101402	0	4.687032	0.519056	5.446697	10.804271	1.476393	0.050124	4.913353	2.214898	2.679769	2.784428	0.1738	0.084406	6.070157	6.610653	0	0.225251	0.173424	0.497203	1.366525	0	1.271416	14.483179	6.235753	0.438197	0.296936	7.100455	0.117895	4.482313	4.310261	0.594798	3.511543	0	0.059898
GT125	66.662788	48.084511	22.29044	48.200454	33.36764	32.498201	37.892162	24.122903	28.629106	44.075158	28.178434	9.859515	10.659836	17.031523	7.142529	5.204028	34.749421	37.505484	18.507609	15.118867	14.916447	41.878802	44.472029	20.118648	4.69601	26.815801	24.680261	7.816418	43.627495	22.851558	63.174917	23.28108	24.26677	18.920528	17.737304	28.497589	28.886376	41.035976	62.8337	86.04516	60.776878	29.762858
GT126	1.432487	0.987752	0.853455	0.449918	0.137384	1.547279	2.564653	7.798283	4.415642	5.768034	11.20467	2.486195	5.061096	10.606828	1.979711	5.43102	10.588474	4.697824	2.830085	0.015025	0.013931	3.140149	3.75356	8.344338	8.811314	6.421832	4.431139	3.835766	0	5.33472	7.079392	15.746808	0.007619	0.044211	3.107587	0.261064	4.838294	4.389544	2.474236	4.788377	2.007322	1.416
GT127	0.163056	2.769572	0	0.029742	0.024858	0	0	3.560667	0.519015	0.187726	0.6033	0	0	0	0	0	0.084285	0	0	0.628829	0	0	2.622675	0.014817	0	0	0.648386	0	0	1.168638	0.018884	0.591641	0	0	0.033987	0.00727	2.644609	0.985155	1.692727	0.554653	0	2.260614
GT128	0.847327	2.248053	1.064515	1.022457	2.26972	0.067745	0.322741	1.132852	0.243315	2.606275	1.376777	5.644625	7.168818	0.32046	0	3.372799	1.391703	2.677302	1.251054	0.429645	0.007745	2.335586	2.093876	1.68576	7.449293	1.860019	2.150053	2.910381	0	5.089487	0.461444	2.221502	2.019724	1.347377	0.065892	0.53853	0.082512	0.736561	0.883713	1.383776	0.42267	1.239945
GT129	0.955833	0.212958	1.921572	0	0	0.01543	0.11794	0.030854	0	0.764306	2.855231	2.731388	1.313545	0.075597	0.151256	0	0.007718	0.643176	0.377939	0.127279	0	0.21713	0.506527	0.049453	0.526961	0	0	5.053444	3.207552	0	0	4.502583	1.979546	2.186838	0	0	2.976693	1.14619	0.917594	0.180943	0	0.239181
GT13	0	0	0	0	0	0	0	0	0	0	0	0	0	0	0	0	0	0	0	0	0	0	0	0	0	0	0	0	0	0	0	0	0.120756	0.781567	0	0	0	0	0	0	0	0
GT131	13.212046	9.70176	0.299547	11.958188	20.628007	21.484849	11.905568	2.745522	2.522291	3.657829	9.203149	0.176715	7.39962	5.166574	1.812004	1.932267	7.223676	0.957281	1.513669	1.688263	0.996225	4.902273	8.224644	2.86569	2.449512	3.445388	2.767435	3.087139	0	1.12726	22.718013	7.308833	1.363515	1.236516	0.905322	0	3.972794	2.092956	15.909888	4.908589	2.907091	3.326108
GT132	0	0	0	0	0	0	0	1.481238	0.604744	0	0	0	0	0	0	0	0	0	0	0	0	0.534074	0.022826	0	0	0.008322	0.014939	0	0	0	0.018213	0.813966	0	0	0	0	0	0	14.202772	0.058752	0	0
GT133	2.331725	0.846298	0.081435	0	0	0	0	0.063311	0.116089	2.73899	2.751825	3.579058	0.780988	0	0	0	0	0	0	0	0	0	0	0	0	0	0	0	0	1.063538	0.00887	0.016347	12.262819	0	0	0	0	0	1.087401	0.468136	0	0
GT134	2.4104	1.041899	0.973938	0.392198	0.020802	18.885638	23.680821	6.302875	5.604422	3.93796	18.525345	24.781406	0.955824	9.864201	7.800197	16.055539	0	0.599028	0	7.751096	22.283511	4.601126	0.796384	0.125389	0	0.31389	0.087695	4.313735	45.179814	3.026484	10.77983	19.288372	5.353032	19.893759	2.57019	2.060408	2.140397	1.106273	1.012038	0.547941	0.868215	2.667487
GT135	0	0	0	0	0	0	0	0	0	0	0	2.013102	0.401185	0	0	0	0	0.071868	0.018086	0	0	0	0	0	0	0	0	3.280883	0	0	0	0	0	0	0	0	0	0	0	0	0	0
GT14	41.337617	21.901925	31.583623	9.297814	4.154944	7.445769	16.475751	7.25367	3.811969	31.965621	30.183583	46.899965	49.126129	4.877164	0.726704	67.882356	9.390007	26.19719	20.618571	4.17682	1.833608	19.368471	8.106671	14.714097	11.361141	9.005899	1.85533	89.270769	7.32515	24.536323	65.972912	34.101197	22.801947	11.42707	14.010714	6.125011	57.953223	49.247101	5.68729	7.01055	10.40582	13.55696
GT17	0.076737	0.31771	0.147544	0.412859	0.217303	0.064334	0.191375	0.588823	0.302346	0.027485	0.292814	1.155738	1.636427	0	0.030186	0.019889	0.097582	0.606456	1.199383	0.124656	0.190112	0.908603	0.125667	0	0	1.024416	0.179047	1.961916	0	0.264509	0.38132	0.507635	0.090072	0.293149	0.182365	0.048968	0	0	0.267277	0.026107	0.036447	0
GT19	38.391114	21.001483	71.545895	0.799812	0.125796	3.178199	9.433089	15.639629	7.036932	59.965213	58.788997	114.110374	61.216795	53.656234	143.313468	106.821483	9.083242	36.884614	32.761583	6.576545	3.539518	25.651365	20.307956	3.274149	8.595039	24.763244	4.401869	129.949942	118.30643	36.34064	8.223288	31.14478	47.452598	20.542345	35.613816	18.300689	6.926208	40.728291	17.954848	7.619156	10.210084	13.738204
GT2	4149.747389	3925.562738	3562.758289	3786.678521	3948.841201	3518.612324	3659.261439	3973.524103	3935.665542	4174.979513	3897.135186	4651.571362	4195.245316	3215.849635	3160.061653	4502.118995	3386.145349	4057.211969	3867.250349	3752.474029	3203.409407	3995.944808	3954.849195	3639.433922	3657.119764	3882.066154	3277.62257	4951.009612	4637.929247	3616.118092	3606.781549	3488.847077	3660.124871	3519.036046	3536.107402	3373.663206	3962.627274	4446.572148	4426.829418	3805.808988	4425.243269	3981.858154
GT20	8.427092	4.549432	12.971192	5.519863	0.921794	1.259884	5.258942	0.944909	0.632674	11.166696	5.609273	13.580678	19.616332	8.159223	71.335059	40.15584	1.990207	1.653216	0.297773	2.651165	1.523344	7.431831	4.434469	0.67893	8.152369	7.792908	3.312344	33.842435	6.712802	5.467423	1.197403	2.573429	26.959353	10.529785	0.902711	3.588345	3.217342	4.605933	0.848335	0.941361	1.559587	2.956628
GT21	1.41383	0.554048	0.254039	0.51527	0.210459	0.036375	0.13492	0.018684	0.135322	1.608275	1.247633	4.060059	0.350297	0.599802	0.222833	1.037896	0.435405	0.430191	0.124497	0.171617	0	1.095667	0.153055	0.455046	0.043725	0.019137	0	0.023038	3.179101	1.873927	0.234559	0.962875	0.491176	1.130844	0.580529	1.939557	0.022733	0.05674	0.267141	0.311115	0.017814	3.64534
GT22	166.158642	128.908701	154.258605	72.909111	155.017684	124.652534	132.274918	117.339772	142.171548	144.382472	112.935039	94.449565	141.770215	115.435521	186.026677	83.644639	77.681619	112.51027	109.058765	174.204753	151.111432	119.698743	148.239908	88.72586	114.850594	136.825751	117.496462	142.239379	105.207287	90.56382	115.102557	110.118843	160.497821	110.819259	137.348047	98.514788	175.909827	176.495788	151.208193	203.979614	220.686201	115.817019
GT23	2.529342	1.715991	0.017748	0.09938	0.059739	1.141017	6.556621	2.319243	1.112616	11.746337	4.928647	6.917082	15.697117	1.854549	0.867522	21.542103	1.311686	14.996121	5.732953	2.627118	1.740184	6.90006	2.870713	1.990604	3.172275	10.425006	2.656506	121.092702	0.630446	6.537291	0.542455	2.189209	9.548388	10.511984	2.756736	0.176133	6.210895	5.289923	1.189904	1.365025	1.672416	1.030375
GT25	0.088799	0.723223	10.297056	0	0	0	0.865445	0	0	3.054521	11.219475	0	0	0	0	0	0	1.458684	1.01591	0.799857	0	0.020536	0	0.234987	0	0	0	8.568013	10.334348	0.084365	0.075028	0.141971	7.125083	0.36501	0	0	0.016912	0.13977	0.035098	0.034282	0	1.221615
GT26	60.123029	54.545017	85.918073	40.075519	43.779009	62.027311	91.928487	96.366788	116.875839	97.291363	108.277462	119.205274	118.925733	134.973177	219.945385	81.497798	99.559	99.615279	94.802462	74.338728	109.003178	87.99017	53.578067	63.786777	49.594764	74.645421	36.881137	122.640834	107.920291	93.017383	88.500373	108.7983	67.415988	90.936186	90.387069	97.650994	71.519513	81.267683	57.60904	59.036816	48.719686	95.878234
GT27	25.72546	4.285634	25.256054	0.528129	0	1.7094	1.766004	5.084761	2.452998	35.557368	45.842599	15.725953	4.65068	2.168781	0.511747	40.221584	2.265814	11.061797	11.934958	3.237405	2.037061	12.169742	5.36504	2.209833	1.224976	8.506467	0.884404	48.851933	0.171059	13.432169	1.885987	20.904455	2.986626	2.655389	8.055729	0.270163	0.789102	5.128774	8.935039	2.580407	0.169439	2.372544
GT28	400.722877	443.576931	329.591933	297.033602	433.437503	396.884911	350.316762	398.366256	359.567203	353.577174	319.516089	439.381264	408.963707	302.859371	235.954687	379.014355	343.909676	371.621195	350.027828	369.227034	263.624545	417.558402	480.383806	319.342066	285.909741	371.704271	296.636301	347.216201	449.131679	408.882974	406.589762	332.917225	301.153165	279.70588	348.444771	234.036638	394.367353	399.438527	423.329674	282.11433	349.774781	367.666347
GT3	32.582384	17.818684	15.086147	0.78467	0.036298	2.140467	4.554553	4.134509	0.937082	41.975567	31.027025	61.834679	18.8973	2.306971	0.899849	88.004667	3.092639	10.205911	9.684129	3.961578	1.742384	14.693512	5.664715	0.456877	3.043281	11.643424	2.075432	45.939678	91.158175	21.25675	3.79831	23.3846	10.049659	8.502938	6.050842	1.51109	3.511959	10.012206	9.835249	2.538767	0.239835	1.468168
GT30	50.960579	34.409049	126.63066	20.066402	57.617446	55.508044	42.668144	27.0514	12.024848	90.658742	73.759456	192.822217	112.811992	124.515709	299.296562	155.072439	22.186291	44.283715	36.690477	36.902457	6.03211	71.035636	80.419493	8.308334	18.05062	40.39584	18.708759	186.822707	287.937814	51.882587	64.391162	48.973653	103.616965	32.236902	65.368861	49.833512	48.841607	62.032061	31.901928	13.534238	51.429278	59.143195
GT31	0	0	0.330391	0	0	0	0	6.556277	0.24835	0	0	0	0	0.017871	0	4.990812	4.626976	0	0.03426	0	0	0	0	0.016206	0.027251	0	0	0	0	7.884201	0	0	0	0	0.006818	0	0	0	7.865746	3.361953	0	0
GT32	71.364413	38.472904	44.229626	17.009424	31.576251	23.841002	28.007709	43.298433	33.540231	130.015687	116.653196	108.642098	45.534633	34.274215	8.75093	145.807594	54.944018	39.824314	62.137383	55.133209	40.585247	66.652198	55.116782	42.373261	88.409534	65.844033	40.176287	182.041999	227.106971	60.438887	110.948425	61.215415	78.494053	69.022491	21.480497	24.228815	90.918889	76.903821	51.922898	13.212784	155.396933	40.343423
GT33	218.411009	204.289913	189.734668	163.38569	177.855698	207.01093	211.086529	214.342109	208.527813	197.799559	184.533633	189.698758	199.58271	185.313373	193.103597	177.482892	195.162571	197.22004	187.714122	201.149012	177.705926	189.322425	204.665948	179.571101	197.982895	190.688193	167.091399	185.462226	155.955651	207.118533	229.349807	197.83805	175.681418	172.112965	217.298543	182.467816	212.26198	214.219079	231.483932	189.871596	210.573242	217.783187
GT34	0.005406	0.489271	6.569989	0.03488	0.010437	0.118655	0.926524	0.095527	0	0.105607	1.974051	0.183225	11.932388	8.759891	79.723895	0	0.759579	0.099054	0	0	0.036524	0.180269	0.388441	0.054611	0.019082	0.015449	0.309698	0.710071	6.283208	0.10898	0.259225	0.031156	16.610114	2.017714	0.010142	3.814427	0	0.102245	0.03081	0	0	2.123061
GT35	318.832841	328.133901	372.340229	409.199913	441.880903	365.108973	358.736705	360.40172	384.539994	336.658209	313.083473	210.453877	354.484347	325.710229	481.861492	243.367772	370.369591	368.938621	367.934419	423.004727	409.737476	337.921938	374.243267	379.009439	360.832824	383.116697	408.760489	272.909444	212.210982	292.862122	385.513143	358.034171	342.942188	375.077745	406.052741	287.217739	399.595229	361.612962	355.572758	332.298368	385.640383	384.973904
GT39	20.378257	25.476753	8.135351	16.545771	7.548722	3.193957	3.672793	21.843128	28.722587	12.038814	12.089507	4.586785	10.895301	3.723424	0.581904	5.324737	14.468644	24.000848	8.052464	12.951986	4.667263	28.934981	34.666295	9.305953	3.913957	14.608192	5.961572	2.242719	4.343461	35.6117	10.418962	11.190589	1.556784	8.495335	10.886832	14.568012	2.94382	7.817278	20.263221	13.116744	4.343666	27.358484
GT4	1685.539833	1744.073789	1196.614029	1326.061539	1423.444377	1412.730453	1503.46277	1601.342863	1440.449726	2236.329366	2012.464728	2324.049127	1976.515738	1444.198297	1254.63068	2064.563272	1312.286428	1567.931879	1329.863419	1364.985968	909.268365	1812.529278	2092.411894	1427.162638	1439.050894	1571.115213	1264.209454	1919.298612	2088.330684	1738.508676	1665.639883	1394.989346	1713.507837	1288.99903	1363.695521	1424.421642	1409.243075	1815.183203	1656.733959	1015.62672	1642.99644	1829.60243
GT41	0.110066	0.124385	4.762371	0	0	0	0	3.236802	0.289397	0.796474	5.541775	0.00628	0	0	0	0	0	0.646466	0.568186	0.364545	0	0	0	0.064319	0	0	0	0.959462	0	0.015127	0.02073	3.323787	0.087806	0.018128	0.004693	0	0	0	0	0	0	0.004711
GT43	1.506409	2.237251	0.039163	0.024397	0	0.50753	0.782122	1.030042	0.315039	5.383392	1.378125	26.289131	7.99329	0.151217	0.03615	25.087349	0.440521	3.396385	0.632529	2.087236	0.355671	3.738685	2.078485	0.017601	0.241001	4.629474	0.958472	6.932001	0.296332	6.931136	1.326951	3.098089	2.663975	0.67933	0.108078	0.068997	0.069237	3.252846	0.178672	0.120743	0.013133	0.207972
GT45	0	0	0	0	0	0	0	0.070496	0	0	0	0	0	0	0	0	0.035266	0	0	0	0.016004	0	0	0	0	0	0	0.088108	7.864529	0	0	0.018202	0	0	0	0	0	0	0	0	0	0.035693
GT47	77.854801	77.99589	143.131719	81.900599	175.141273	50.859307	47.169192	80.086692	71.958513	105.299342	70.23552	122.465401	154.745009	112.180864	203.857243	81.777497	74.167336	86.816515	71.988728	64.392159	30.828861	100.292352	201.395587	41.469636	13.208286	74.751379	77.540011	47.990751	132.487253	70.737746	166.767545	74.689332	83.613521	30.708696	135.001986	110.981979	78.138296	74.095806	73.36714	48.171894	52.987402	106.285871
GT49	0.013092	0.514289	18.968286	0.042232	0.037911	0.347196	2.944074	0.146103	0.01786	1.349017	2.532599	0.164333	14.159036	13.085727	99.155776	1.898451	1.102419	0.100998	0	0.005962	0.011056	0.196443	0.718312	0.078145	0	0.031175	0.374982	1.019529	6.805749	0.092367	1.078071	0.050299	17.641491	2.727672	0.994693	4.347173	0	0.235216	0	0.012146	0	3.482946
GT5	326.210339	321.102256	308.014461	238.782115	386.8298	277.146733	281.757581	264.90384	273.857005	323.829107	270.932497	269.712635	292.307242	214.173599	302.31258	290.942334	237.046835	284.999063	273.052808	291.054334	253.791864	289.515367	370.97571	221.071639	302.985746	323.189595	320.562368	318.091254	289.843865	235.837622	261.805702	266.48595	281.366521	251.830006	286.829555	215.817477	303.265078	307.954554	252.628464	253.323511	312.023261	262.466887
GT50	235.036144	254.054912	294.352331	277.737979	216.306351	277.874428	330.405049	344.615752	366.660291	261.247959	282.477036	233.942434	298.153034	302.401935	231.775086	251.887444	395.210717	358.154924	369.904789	315.463919	359.239071	307.06226	215.102162	258.880293	288.149055	312.693906	310.26241	242.273021	237.687608	283.111367	278.754627	316.542352	252.839941	349.107335	323.740846	299.518536	292.914802	278.322957	312.613269	308.990982	285.015659	329.627312
GT51	432.851078	445.71107	436.363303	285.90731	437.959948	338.983705	340.101655	378.965791	386.734546	503.473051	416.818996	554.225391	465.291498	377.261017	611.187501	453.140239	311.235036	307.422391	313.810829	327.183617	282.958789	380.308143	501.61095	405.084042	446.966662	358.054413	330.750458	441.524509	701.442941	347.394897	348.929762	327.459325	495.621018	366.961583	332.762661	372.417503	394.445906	458.038657	385.179441	302.37884	430.546275	413.841626
GT52	0	0.550094	0	0	0	0	0	0	0	0	0	0	0	0	0	0	0	0	0	0	0	0	0	0	0	0	0	0	0	0	0	0	0	0	0	0	0	0	0	0	0	0
GT56	3.61145	3.043729	21.959508	0.019655	0.020585	0.488607	3.49652	1.84893	0.371728	1.458014	3.066341	0.133842	15.605571	15.879264	118.760804	3.970003	2.376048	0.174874	0	0.009712	0	0.340672	0.945779	0.029482	0.009209	0	0.645345	0.941905	7.437735	1.752893	1.091838	0.051208	18.546897	2.917689	1.124143	5.015435	0	0.131077	2.899979	2.002879	0	3.996878
GT57	12.373629	13.832974	61.81939	6.059179	3.572127	8.322793	11.896686	14.412606	9.331666	27.055933	30.601631	108.898062	68.797214	54.536613	136.378121	77.094009	30.372526	30.691027	18.262609	8.569049	6.640358	31.719813	28.870403	16.515722	48.415571	21.664574	19.946459	85.459224	104.468219	24.831893	13.1367	15.301369	58.272473	34.2014	33.276163	11.841527	14.111562	48.711933	10.200429	7.028798	10.065021	11.558105
GT58	0	0	0	0	0	0	0	0	0	0	0	0	0	0	0	0	0	0	0	0	0	0	0.048885	0	0.181611	0.071289	0.015997	0	0	0	0	0	0	0	0	0	0	0.035386	0	0	0.033632	0.54623
GT6	12.381278	5.706262	6.781634	22.108203	7.654981	0.165011	0.968135	7.51075	8.60683	6.714584	12.432369	5.013967	8.56089	6.697858	1.101721	5.150983	9.682998	17.730562	5.544222	8.008324	1.713802	15.376797	5.951286	11.172653	2.675175	9.020912	4.495953	0.309113	0	15.108356	5.627744	14.183349	1.222153	4.097681	9.334822	27.667726	6.553447	7.744064	12.430731	13.772736	0	16.54906
GT66	1.27535	0.635884	0.715387	0.40783	0.057982	0.014648	0.21061	8.833112	0.353833	0.027379	0.428061	2.146378	0.180715	0.150147	0.13149	1.660843	5.851671	0.343067	0.074278	0	0	0.758125	0.32449	0	0	0.080103	0.051639	1.051933	2.279106	11.3892	0.389706	0.304157	0.420455	0.39576	0.11885	1.347275	0	0.310514	9.470026	3.790346	0	0.022627
GT7	0	0	0.422501	0	0	0	0	6.365149	0.309175	0	0	0	0	0	0	0	4.644507	0	0	0	0	0	0	0	0	0	0	0	0	9.14842	0	0	0	0	0.010629	0	0	0	7.980739	3.153861	0	0
GT73	0	0	12.690082	0	0	0.245623	1.975898	0.049957	0	0	0.012704	0	0	3.90307	0	2.388554	0.324887	0	0	0	0	0.029853	0.087719	0.036998	0	0	0.091858	0.015609	7.70724	0.027072	0.876715	0	4.086017	0.860949	1.310084	0	0	0	0	0	0	2.313896
GT74	0	0	0	0	0	0	0	0	0	0	0	0	0	0	0	0	0	0	0	0	0	0	0	0	0	0	0	0	0	0	0	1.000864	0	0	0	0	0	0	0	0	0	0
GT76	11.57398	13.907532	9.889028	1.477362	0.848389	2.065394	4.1035	9.680716	4.987618	2.386089	9.150647	1.525519	4.968136	1.448992	1.129643	9.3454	6.273073	6.349144	4.996439	11.451426	6.343389	21.428933	32.35544	1.66108	1.173232	10.504042	2.059108	1.387376	0.357363	33.59893	4.554934	3.384598	5.107799	3.999167	5.683266	12.852149	1.269895	4.290039	11.133932	2.035363	2.11615	16.432749
GT8	62.284741	57.559776	114.400906	12.175618	17.948869	48.493711	83.516934	98.465039	87.02568	215.91202	145.180459	222.628875	122.969905	83.63691	25.399649	127.490926	39.923501	90.959327	131.858122	32.33278	22.048648	76.105782	77.57948	37.009188	28.163111	48.769221	12.806164	104.18257	206.140206	98.935249	64.799182	84.006494	63.77442	44.711869	127.22418	152.420819	74.114114	140.608991	42.64887	45.439668	34.222117	70.148688
GT80	0.71501	0.555368	0.016342	0	0	0.102918	0.329848	0.487332	0.120933	3.288662	0.801585	32.674016	18.648011	0.014374	0.059335	23.84253	0.401109	0.263739	0.013615	0.702796	0.312836	1.500609	1.461392	0	0	0.781533	0.119918	0.024453	0	0.512988	1.559371	2.037057	5.358111	0.497103	0	0.025581	0.025985	0.495952	0.28049	0.032149	0	0
GT81	10.239988	10.907395	9.111186	25.353073	13.551332	0.234426	0.387505	19.116819	14.924449	9.035429	14.184137	11.126754	19.427373	5.163968	1.498875	9.420298	11.494011	2.933807	1.806959	2.353804	11.414707	16.08041	17.949768	0.272125	1.902866	0.679056	2.041974	1.474587	53.504469	13.467792	26.295191	9.759203	7.867892	3.142333	20.51827	4.12174	10.520118	7.63138	48.670355	19.78987	1.32749	18.372746
GT83	42.861865	31.203002	120.456582	10.210254	27.910218	23.384164	17.545613	43.305123	27.204238	63.191575	43.515493	106.806502	53.838368	98.169332	277.955162	79.792369	22.577423	71.331198	84.064326	13.635297	9.076123	28.285855	17.503218	45.886191	27.665876	38.992428	8.644393	120.539676	184.413012	49.726395	19.788604	41.379566	91.712958	35.344464	73.628224	50.14253	28.898635	24.680917	23.25791	16.731025	25.642258	37.982128
GT84	8.755172	28.050253	1.068527	0.014643	0	1.118656	2.831079	21.872643	9.02822	0.601686	0.0082	1.12351	4.678426	0.185978	0.005472	5.549229	15.751035	0.673485	0.541481	0.6723	0.082006	20.174521	24.103371	0.02668	4.601595	8.44766	3.003826	0.018484	0	21.268854	5.966234	10.424336	0.136097	0.008059	0.529769	1.151133	0.015475	1.058177	38.414007	4.842499	0.138965	0.140146
GT85	0	0.393963	0	0	0.022328	0	0.264283	0	0	0	0	0	0	0	0	0.007413	0	0	0	0	0	0	0.060436	0	0	0	0	0.010754	0	0.023314	0.135024	0	2.871794	0.854922	0	0	0	0	0	0	0	0.932339
GT87	0	0	0.025608	0.020257	0	0	0	0.006813	0	0	0	0	0	0.029677	0	0	0.088618	0	0	0	0	0	0	0.053822	0.006465	0	0	0	0	0.007384	0.473469	0.028147	0	0	0.006872	0	0	0	0	0	0.013169	0
GT9	86.429032	64.215198	179.26166	50.775141	22.392215	46.808122	66.593291	61.457448	40.175649	135.584374	153.450754	239.525587	134.796691	178.875882	364.015929	217.713851	29.910227	55.318401	61.003321	27.967969	19.114252	83.506134	53.906179	27.744712	32.32844	66.809322	23.7743	173.698031	275.816643	80.429307	17.683635	58.399275	128.726818	51.537813	27.757277	34.826225	18.501029	85.241232	48.464843	31.945523	53.513937	65.273466
GT90	3.113626	0.769056	0.067641	0.256414	0	1.13476	1.06456	0.397258	0.241195	12.538335	13.643741	32.216892	1.510404	0.299554	0.208485	19.452157	0.530319	4.856606	0.998366	1.737342	0.33827	4.749412	2.959436	0	0	7.57584	1.355444	8.255506	101.589555	9.375579	0.44683	1.766244	2.651815	1.813541	0.180314	0.031316	0.209639	0.30339	0.427824	0.350429	0.024625	1.02628
GT92	3.859547	0.725726	3.993749	0.665109	2.750805	0.32373	0.770398	2.577857	1.067654	3.933031	13.329192	2.683938	2.541277	0.784576	0.13291	13.357591	0.662133	1.660124	1.548089	2.275506	5.938931	4.74464	4.959405	3.673459	0.390464	1.578652	2.102612	0.075967	0	3.407497	1.94979	1.544901	8.734841	1.058242	5.439746	0.404147	1.986766	1.575487	1.232687	0.967745	0.091363	1.759415
GT94	11.629209	15.943627	0.132355	0.284609	0.039734	0.084685	0.35312	0.758122	1.326889	1.186517	1.258092	32.962361	0.925735	0.083664	0.221289	18.312645	1.221885	1.93945	2.234852	0.655463	0.516198	2.853549	1.452317	0.018705	1.371022	2.635978	0.113515	7.560955	98.349601	11.629862	0.50049	7.295745	1.524118	0.624742	0.71817	0.018481	0.363928	1.545688	0.763506	0.075916	0.04574	1.059587
PL0	5.876953	5.944165	7.799445	2.850257	7.392076	0.215555	1.724147	3.460395	1.374033	13.828347	8.367073	51.234618	29.874966	2.572396	2.19092	40.281377	1.883135	6.391894	10.619777	3.875897	2.479713	22.263575	17.374153	4.841143	1.946417	3.751296	0.667584	5.375554	3.493992	7.316147	2.086893	6.73613	9.020029	10.266553	1.610168	0.446226	1.837704	3.491246	1.220167	0.602223	7.028904	10.635525
PL1	68.406841	21.002457	65.493448	0.9232	0.302991	57.089329	88.760041	10.983275	19.705599	93.372892	73.878944	76.371865	23.068301	5.57318	2.140817	126.627647	3.728967	28.828013	31.523418	10.104708	4.29794	20.111455	21.559112	4.311302	11.530457	40.208957	8.892148	105.630645	29.34255	33.063376	2.725086	41.998929	30.003499	31.898231	10.890628	0.308486	7.216418	23.281573	7.051903	9.5217	6.181881	20.387371
PL10	19.496202	4.647729	38.852291	0.068616	0.00461	1.687904	8.233692	1.86978	1.138686	37.820701	36.269335	15.855826	18.186888	3.688255	1.214849	57.034774	1.907608	8.504447	11.887652	4.065682	2.002607	8.052316	6.665439	2.497377	4.479953	13.570791	3.074167	129.744064	6.546526	15.472857	0.59226	15.399801	10.709346	10.829081	4.029384	0.131826	9.06535	7.63286	0.77817	0.342874	0.396875	1.250502
PL11	40.149561	20.944804	4.494061	6.988823	20.465351	13.442138	30.427234	25.457965	33.357656	21.224164	34.7113	44.597933	12.81074	3.604198	1.521076	44.428948	7.952108	37.954683	12.71966	59.381345	25.818316	13.87545	11.796584	25.021352	12.084758	22.594236	7.691229	47.058522	11.149442	38.861256	4.099391	11.897727	9.525913	25.340821	19.175945	2.816908	5.394684	31.012655	11.800515	15.058111	24.589824	40.254306
PL12	3.577238	8.896298	19.940247	0.758732	2.28584	0.773196	2.295788	5.682441	4.414309	14.221754	5.417541	36.217684	8.429285	28.573289	15.150833	45.704116	11.342868	4.320285	3.589386	6.748582	15.917456	10.291222	17.345793	3.68773	1.903932	7.777997	1.143914	35.197807	17.837974	6.487433	6.469652	6.798546	6.426213	4.564871	22.523486	53.870938	3.100426	8.69562	5.436398	1.44749	0.900333	3.441908
PL13	2.642978	2.090389	0.0222	0	0	0.148272	0.527105	0.205766	0.119553	4.178895	1.094707	12.775379	0.909197	0.019295	0.030657	20.785326	0.421443	0.312343	0.064732	1.154221	0.458643	2.195214	1.329302	0	0.775878	2.051731	0.304365	15.651198	5.406494	3.598939	0.089759	1.239166	2.593065	1.120245	0.026808	0.042921	0.095921	3.089857	0.388362	0.374182	0.025521	0.6312
PL15	2.315114	2.038175	0	0	0	0.166797	0.540738	0.197863	0.12896	3.157572	1.009798	23.568192	1.042434	0.090411	0.023984	42.179453	0.298328	0.356153	0.0652	0.969836	0.27368	2.322452	1.310054	0.006861	0.655538	2.17671	0.280316	15.887356	5.310108	2.797373	0.035146	0.651895	1.68953	0.990828	0.132752	0.006719	0.12606	2.639148	0.309609	0.376732	0.089125	0.556906
PL17	0.257646	1.541835	0.047301	0.005345	0	0.128683	0.685169	0.112706	0.010549	0.717948	0.257468	1.624137	0.393501	0.052394	0.024243	17.889593	0.302823	0.704828	0.100172	0.419489	2.688592	2.026754	0.977318	0.015977	0.291696	1.085033	0.164357	14.227448	0.289346	1.310795	0.049072	0.929831	1.466817	0.535384	0.063518	0.026744	0.039579	2.50489	0.100446	0.021522	0.073677	0.450887
PL2	0	0	0	0	0	0	0	0	0	0	0	0	0	10.338972	1.425961	0	0	0	0	0	0	0	0	0	0	0	0	0	0	0	0	0	0	0	0	0	0	0	0	0	0	0
PL21	0	0	0	0	0	0.104796	0.231567	0.047427	0.061997	4.397411	1.18315	2.102739	0.257319	0.021541	0.091361	5.413575	0.173989	0.024631	0.008209	1.359497	0.369824	0.736884	1.144798	0	0	2.605208	0.374353	0	0	0	0.044164	0.028554	0	0	0.039743	0	0.198337	0.903944	0.113145	0.055476	0.023033	0
PL22	0.111324	1.222167	9.839793	0.078797	2.185974	0.261749	2.959645	3.349345	2.172995	1.607301	0.504985	1.508908	0.660885	5.659146	0.090881	2.61062	0.479546	1.531397	2.360942	2.586213	4.034503	0.201973	0.331148	2.938248	0.138357	1.045569	0.342789	0.215583	0	0.400037	0.915195	0.117422	0.139832	1.683207	1.168668	0.951458	1.551244	1.03763	0.130526	0.061866	0.076562	1.374723
PL26	7.986588	4.525752	0.476432	1.227175	4.688845	3.070425	7.576133	6.896039	6.540601	8.98298	13.349608	3.499491	5.469348	1.072526	0.770532	19.046617	1.04096	4.445529	3.475651	11.265856	5.224558	2.487154	1.488686	5.433781	3.214521	5.65156	1.581804	29.949042	5.010197	6.337294	0.40442	1.529735	4.733897	8.943121	2.481384	1.315099	4.520317	6.81584	0.855375	0.663714	2.881821	5.908435
PL27	7.869224	7.177018	1.248562	8.36281	33.460309	17.42152	11.631978	8.575139	10.190048	6.786955	6.096966	26.820906	6.324177	8.847077	1.041191	28.074464	5.040888	11.443169	10.898075	19.464865	12.040631	4.157592	2.530698	30.241934	8.85762	17.912386	4.116135	39.739151	90.19806	9.578024	4.842258	4.843449	6.200647	22.361434	7.579012	0.725967	27.014279	14.538315	2.489873	1.299826	6.9178	12.68539
PL29	7.808482	7.214667	0.070965	0.203136	0.014498	1.795331	3.522709	0.993004	0.467692	10.565362	3.166257	16.784511	7.929901	0.640296	0.457037	36.822807	0.854784	1.585396	0.528058	1.87849	0.705192	6.187078	3.128941	0.604511	4.694514	6.523394	1.664756	67.614626	11.672565	12.67192	0.30581	2.813487	6.188085	5.214504	0.180908	0.138335	2.339717	6.13532	0.375643	0.143787	0.062099	1.549737
PL30	2.659045	0.862405	0	0.147991	0	0.611643	0.290893	0.124746	0.12946	3.914041	1.332062	13.181881	1.384677	0.060538	0.021248	11.991638	0.181487	0.09184	0.036668	1.343363	0.287622	2.583163	1.06889	0.042547	5.465158	4.618274	0.852907	7.181747	0	2.83771	0.107962	0.45548	2.504458	1.338623	0	0.147783	0.091155	0.780274	0.262808	0.356869	0.224848	0.27161
PL33	19.93207	14.392495	19.633412	1.36431	5.396082	3.340379	11.081343	19.164676	19.523066	44.172786	20.202133	35.804557	10.346346	5.610849	0.800539	33.047374	20.204502	23.595332	36.634183	13.124181	7.58157	18.900477	4.970506	29.848416	26.349544	22.170295	9.417211	47.469943	91.894242	15.539941	2.725714	8.534497	8.381834	9.536132	10.601467	3.552297	13.573901	23.284854	4.312371	1.630478	21.62279	28.169188
PL34	0	0	0	0	0	0	0	0.111097	0.086011	0	0	0.068728	0.163362	0	0	0	0	0	0	0	0	0	0	0	0	0	0.008512	0	0	0.371248	0	0.057371	0	0	0	0	0	0.01412	0	0	0	0
PL35	1.881258	4.119352	0.142566	0.009512	0	0.539219	2.130162	0.790314	0.38533	15.643777	1.48337	28.929555	6.203637	0.18717	0.080958	40.52791	1.144805	2.150154	0.204264	1.863756	0.616293	10.895146	3.390252	0.111992	2.609306	3.348202	1.211346	29.825501	0.57974	16.224164	0.398125	4.369177	4.892122	2.498862	0.586078	0.086353	0.187643	6.494809	1.853758	0.063508	0.055471	1.314097
PL37	8.706458	4.995423	1.000334	0	0	0.068832	0.180032	1.994198	2.947406	2.148816	4.753022	8.863279	0.851012	0.049078	0	9.08289	4.935924	0.557894	0.176953	1.837739	1.21506	2.163516	1.41729	0	0	5.837565	2.887972	7.603184	0	2.732879	0.182282	0.503444	1.087766	1.677003	1.743487	10.867893	0.118169	0.421948	0.188267	0.383582	0.052962	7.578408
PL38	3.137529	4.216979	0.091341	0.026526	0.036745	0.198203	0.784624	0.452227	0.238617	1.354931	0.378432	67.046181	32.60415	0.061104	0.06966	27.141601	0.437295	1.239784	0.223403	0.304545	0.064572	11.618902	16.930495	0.019978	0.499901	1.931315	0.326729	22.375273	0.452	11.384999	0.043099	1.689154	10.048161	10.203463	0.094179	0.060626	1.86419	32.121864	3.178297	0.719069	0.067103	0.658093
PL39	0	0	0	0	0	0.004271	0.00847	0.008686	0	0.045614	0.017671	0.808985	0.047899	0	0	2.207548	0	0	0	0	0	0.352978	0.213535	0	0	0.071176	0.023958	0.151992	0	2.386511	0.004868	0.017943	0	0	0	0	0	0	0	0	0	0.008796
PL4	1.918301	1.70951	0.072566	0.952874	3.114097	1.674468	4.557463	2.502144	3.585451	0	0.924965	0	0.638763	0	0	0	0.075335	3.201121	0.568285	9.025382	3.755302	0.062301	0.203403	0	0.010991	1.044093	0.724198	0.115824	0	3.28301	0.110363	0.305084	13.672338	1.630478	2.698976	0.252543	0.210933	3.792728	0.632955	0.548911	3.593558	0
PL40	5.112733	2.012719	0.059295	0.065622	0.006873	0.842835	1.062407	0.397404	0.18807	2.269977	0.940971	4.276528	0.805172	0.086171	0.094968	17.670307	0.398773	1.730749	0.361515	1.313683	0.44761	2.635416	0.948317	0.085062	1.218744	2.263887	0.366177	8.113646	5.657605	4.260266	0.074171	1.541053	1.851117	0.826198	0.140086	0.102929	0.162619	3.173934	0.220374	0.138644	0.064647	0.58543
PL42	8.426592	2.679964	0.040569	0.261844	0	1.89263	4.461668	1.215968	0.617903	15.533362	12.02287	18.334397	9.328214	1.049401	0.52024	31.139699	1.242328	1.398577	0.309123	1.812809	0.948837	7.402486	1.718126	1.138203	8.159127	7.868114	2.368163	52.799279	6.560867	26.392166	0.368467	2.223134	8.785807	7.343972	0.172926	0.260336	3.130541	4.239393	2.347045	0.476016	0.303543	0.917784
PL5	0	0	0	0	0	0	0	0	0	0	0	0	0	0	0	0	0	0	0	0	0	0	0	0	0	0	0	0	0	0	0	0	13.899776	0	0	0	0	0	0	0	0	0
PL6	0.592037	2.293017	0.010235	0	0.008479	0.078116	0.366489	0.074488	0	0.059326	0.021418	8.095674	0.159589	0.017686	0.018734	10.278625	0.079054	0.059296	0.068114	0	0.012593	1.422023	0.536649	0	0	0.925601	0.125544	14.243892	0.337323	4.543199	0.01368	0.241104	0.904964	0.277611	0.024622	0.039732	0.048173	2.489367	0.060407	0.008101	0	0.380226
PL7	0	0	0	0	0	0	0	0	0	0	0	0	0	0	0	0	0	0	0	0	0	0	0	0	0	0	0	0	0	0	0	0	29.484921	0	0	0	0	0	0	0	0	0
PL8	24.480525	6.074979	0.15394	8.275946	0.137085	4.030285	5.484775	2.052403	0.982117	41.316073	6.478454	106.261644	17.107623	28.293191	5.274774	93.421974	2.139907	12.561246	3.372475	6.11192	8.161132	26.8058	11.38097	0.512022	11.175723	14.377606	5.352634	53.805315	99.103921	23.199936	1.490295	7.530107	9.697704	5.668704	0.999324	2.945575	1.214692	9.081977	2.522614	2.097305	10.156234	4.838877
PL9	12.670778	7.310747	25.173501	3.158321	0.334566	72.919024	115.727086	6.261233	23.07206	21.387716	12.11436	4.973935	15.634795	34.428188	1.687488	37.171222	1.047404	11.563017	13.062284	1.685819	2.874388	10.574033	11.813569	4.331808	5.069499	25.29176	6.997134	10.504644	12.382862	18.516852	2.887529	4.826709	41.820035	12.371149	7.837401	2.556692	4.969742	6.799839	9.370237	11.690361	8.658061	9.59661
