"clade_name","Sample_7","Sample_10","Sample_8","Sample_9","Sample_12","Sample_11","Sample_14","Sample_13","Sample_15","Sample_16","Sample_17","Sample_19","Sample_22","Sample_18","Sample_20","Sample_21","Sample_23","Sample_24","Sample_26","Sample_27","Sample_29","Sample_25","Sample_28","Sample_31","Sample_35","Sample_33","Sample_34","Sample_32","Sample_36","Sample_37","Sample_38","Sample_39","Sample_41","Sample_42","Sample_40","Sample_43","Sample_44","Sample_45","Sample_2","Sample_3","Sample_4","Sample_5"
"k__Archaea|p__Euryarchaeota|c__Methanobacteria|o__Methanobacteriales|f__Methanobacteriaceae|g__Methanobrevibacter|s__Methanobrevibacter_smithii|t__SGB714",0,0,0,0,0,0,0,1.98338,0.10165,0,0,0,0,0,0,0,1.71584,0,0,0,0,0,0,0,0,0,0,0,0,1.99205,0,0,0,0,0,0,0,0,2.26785,1.35888,0,0
"k__Archaea|p__Euryarchaeota|c__Methanobacteria|o__Methanobacteriales|f__Methanobacteriaceae|g__Methanosphaera|s__Methanosphaera_stadtmanae|t__SGB698",0,0,0.15853,0,0,0,0,0.75039,0.03121,0,0,0,0,0,0,0,0.24136,0,0,0,0,0,0,0,0,0,0,0,0,1.07369,0,0,0,0,0,0,0,0,0.80152,0,0,0
"k__Bacteria|p__Actinobacteria|c__Actinomycetia|o__Actinomycetales|f__Actinomycetaceae|g__Actinobaculum|s__Actinobaculum_sp_oral_taxon_183|t__SGB15892",0,0,0,0,0,0,0,0,0,0,0,0,0,0,0,0.00159,0,0,0,0.01137,0.01004,0,0,0,0,0.00188,0.00815,0,0,0,0.00183,0.00016,0,0,0,0.00122,0,0,0,0,0,0
"k__Bacteria|p__Actinobacteria|c__Actinomycetia|o__Actinomycetales|f__Actinomycetaceae|g__Actinomyces|s__Actinomyces_bouchesdurhonensis|t__SGB17152",0,0,0.1346,0,0,0,0,0,0,0,0,0,0,0.02522,0.09122,0,0,0,0,0,0,0,0,0,0,0,0,0.03555,0,0,0.44849,0.07986,0,0,0.08787,0,0.01925,0.0184,0.01909,0.03716,0,0
"k__Bacteria|p__Actinobacteria|c__Actinomycetia|o__Actinomycetales|f__Actinomycetaceae|g__Actinomyces|s__Actinomyces_dentalis|t__SGB15877",0,0,0,0.00958,0.00301,0.00493,0.02157,0,0,0,0,0,0.00198,0,0.00225,0.01035,0.00606,0,0,0.00244,0.01327,0,0.00177,0.03463,0.00287,0,0.00254,0.00692,0,0,0.00887,0.00324,0,0,0.00029,0,0,0,0,0.00181,0,0
"k__Bacteria|p__Actinobacteria|c__Actinomycetia|o__Actinomycetales|f__Actinomycetaceae|g__Actinomyces|s__Actinomyces_gerencseriae|t__SGB15874",0,0,0,0,0,0,0,0,0,0,0,0,0.00025,0,0,0,0,0,0,0,0,0,0,0,0,0,0,0,0,0,7e-04,0,0,0,0,0,0,0,0,0,0,0
"k__Bacteria|p__Actinobacteria|c__Actinomycetia|o__Actinomycetales|f__Actinomycetaceae|g__Actinomyces|s__Actinomyces_graevenitzii|t__SGB17130_group",0,0,0.01761,0.01044,8e-05,0,0.00083,0.00019,0,0,0.00013,0,0,0.0026,0.01155,0,0.03814,0,0,0,0.00025,0,0,0.03853,0,0,0,6e-05,0,0,0.15208,0.00391,0,0,0,0,0,0,0,0.00116,0.00098,0.00396
"k__Bacteria|p__Actinobacteria|c__Actinomycetia|o__Actinomycetales|f__Actinomycetaceae|g__Actinomyces|s__Actinomyces_israelii|t__SGB15875",0,0,0,0.00519,0,0,0,0,0,0,0,0,0,0,0,0.00717,0,0,0,0,0,0,0,0,0,0,0,0,0,0,0.00024,0,0,0,0,0,0,0,0,0,0,0
"k__Bacteria|p__Actinobacteria|c__Actinomycetia|o__Actinomycetales|f__Actinomycetaceae|g__Actinomyces|s__Actinomyces_johnsonii|t__SGB15887",0,0,0,0,0,0.00139,0.00174,0.00036,0.00026,0,0,0,0,0,0,0,0,0,0,0.00164,0,0,0.00077,0.01387,0.00214,0,0,0,0,0.00111,0.00394,0,0,0,0,0,0,0,0,0,0.00093,0
"k__Bacteria|p__Actinobacteria|c__Actinomycetia|o__Actinomycetales|f__Actinomycetaceae|g__Actinomyces|s__Actinomyces_massiliensis|t__SGB15873",0,0,0,0.00717,0.00757,0.00022,0.00325,0,0,0,0,0,0.00473,0,0,0,0,0,0,0.00431,0.00079,0,0.00278,0.00467,0.00149,0.00049,0.00525,0,0,0.00016,0.00026,0,0,0,0,0.00496,0,0,0,0,0,0
"k__Bacteria|p__Actinobacteria|c__Actinomycetia|o__Actinomycetales|f__Actinomycetaceae|g__Actinomyces|s__Actinomyces_mediterranea|t__SGB33770",0,0,0,0,0,0,0,0,0,0,0,0,0,0,0,0,0,0,0,0,0,0,0,0,0,0,0,0,0,0,0.00173,0,0,0,0,0,0,0,0,0,0,0
"k__Bacteria|p__Actinobacteria|c__Actinomycetia|o__Actinomycetales|f__Actinomycetaceae|g__Actinomyces|s__Actinomyces_naeslundii|t__SGB15888",0,0,0,0,0,0.00672,0.01042,0.00015,0.00083,0,0,0,0,0.00807,0.01876,0,0,0,0,0.02125,0.01018,0,0.00362,0.01053,0.00141,0,0,0.00055,0,0,0.00062,0,0,0,0,0,0,0,0,0,0.00455,0.00024
"k__Bacteria|p__Actinobacteria|c__Actinomycetia|o__Actinomycetales|f__Actinomycetaceae|g__Actinomyces|s__Actinomyces_oris|t__SGB15878",0,0.00152,0.00668,0.04537,0.01793,0,0,0.00253,0.0012,0.0567,0.02261,0.00103,0,0.00232,0.01212,0.01083,0.07549,0,0.00444,0.0241,0.01882,0,0.00116,0.05131,0.0091,0,0.00478,0.00086,0,0.00808,0.11764,0.04944,0.00036,0.00635,0.00399,0.00782,0.00182,0.00085,0,0,0.00297,0.01856
"k__Bacteria|p__Actinobacteria|c__Actinomycetia|o__Actinomycetales|f__Actinomycetaceae|g__Actinomyces|s__Actinomyces_oris|t__SGB15881",0,0,0,0.00137,0.00153,0,0,0,0,0,0,0,0,0,0,0.00523,0,0,0,0.00578,0.0012,0,0,0.00149,0,0,0,0.00289,0,0.00048,0.00654,0.00221,0,0,0.00369,0,0,0,0,0,0,0.04772
"k__Bacteria|p__Actinobacteria|c__Actinomycetia|o__Actinomycetales|f__Actinomycetaceae|g__Actinomyces|s__Actinomyces_SGB17132|t__SGB17132_group",0,0,0.00885,0.00989,0.0025,0,0,0.00037,0,0.00059,0.00075,0,0,0.00212,0.02749,0,0.0034,0,0.00051,7e-04,0.00472,0,0,0.00884,0,0,0,0,0,0,0.00289,0.002,0,0,0.00228,0.0086,0,0.00025,0,0,0,0
"k__Bacteria|p__Actinobacteria|c__Actinomycetia|o__Actinomycetales|f__Actinomycetaceae|g__Actinomyces|s__Actinomyces_sp_HMT897|t__SGB15876",0,0,0,0,0,0,0.00235,0,0,0,0,0,0,0,0,0,0,0,0,0,0,0,0,0.00211,0,0,0,0,0,0,0.00194,0,0,0,0,0,0,0,0,0,0,0
"k__Bacteria|p__Actinobacteria|c__Actinomycetia|o__Actinomycetales|f__Actinomycetaceae|g__Actinomyces|s__Actinomyces_sp_ICM47|t__SGB17167_group",0.00102,0,0.06279,0.12013,0.06935,0.00021,0.00318,0.00553,0.0021,0.00336,0.00271,0,0,0.01045,0.05906,0.00485,0.00421,0.00249,0.04548,0.02292,0.05057,0,0.00449,0.12103,0.01186,0,0,0.00676,0,0.00241,0.13045,0.01689,0,0.00368,0.07776,0.01153,0,0,0,0.00287,0.02729,0
"k__Bacteria|p__Actinobacteria|c__Actinomycetia|o__Actinomycetales|f__Actinomycetaceae|g__Actinomyces|s__Actinomyces_sp_oral_taxon_448|t__SGB15872",0,0,0,0.00261,0.00177,0,0,0,0,0,0,0,0,0,0,0.00016,0,0,0,0.017,0.01449,0,0,0.0049,0,0,0,0.00555,0,0,0.05197,0.0186,0.00232,0.00276,0.00457,0,0,0,0,0,0,0.0302
"k__Bacteria|p__Actinobacteria|c__Actinomycetia|o__Actinomycetales|f__Actinomycetaceae|g__Actinomyces|s__Actinomyces_sp_ph3|t__SGB17137_group",0,0,0.0015,0.00465,0.00062,0,0,0,0,0,0,0,0,0.00319,0.01057,0,0.0116,0,0,0.01439,0.01678,0,0,0,0,0,0,0,0,0.00102,0.01173,0.00313,0,0,0.00124,0.00475,0,0,0,0.00237,0,0.01661
"k__Bacteria|p__Actinobacteria|c__Actinomycetia|o__Actinomycetales|f__Actinomycetaceae|g__Actinotignum|s__Actinotignum_sanguinis|t__SGB33732",0,0,0,0,0,0,0,0,0,0,0,0,0,0,0,0,0,0,0,0.02035,0,0,0,0,0,0,0,0,0,0,0,0,0,0,0,0,0,0,0,0,0,0
"k__Bacteria|p__Actinobacteria|c__Actinomycetia|o__Actinomycetales|f__Actinomycetaceae|g__GGB9832|s__GGB9832_SGB15478|t__SGB15478",0,0,0,0,0,0,0,0,0,0,0,0,0,0,0,0,0,0,0,0,0,0.0046,0,0,0,4e-05,0,0,0.05255,0,0,0,0,0,0,0,0,0,0,0,0,0
"k__Bacteria|p__Actinobacteria|c__Actinomycetia|o__Actinomycetales|f__Actinomycetaceae|g__Mobiluncus|s__Mobiluncus_SGB15488|t__SGB15488",0,0,0,0,0,0,0,0,0,0,0,0,0,0,0,0.00435,0,0,0,0,0,0,0,0,0,0,0,0,0,0.00159,0,0,0,0,0,0,0,0,0,0,0,0
"k__Bacteria|p__Actinobacteria|c__Actinomycetia|o__Actinomycetales|f__Actinomycetaceae|g__Pauljensenia|s__Pauljensenia_hongkongensis|t__SGB17148",0,0,0,0,0,0,0,0,0,0,0,0,4e-04,0,0,0,0.00058,0,0,0.00753,0.02231,0,0,0.00015,0,0,0,0.00037,0,0,0.01494,0.00368,0,0,0,0,0,0,0,0,0,0
"k__Bacteria|p__Actinobacteria|c__Actinomycetia|o__Actinomycetales|f__Actinomycetaceae|g__Peptidiphaga|s__Peptidiphaga_gingivicola|t__SGB15894",0,0,0,0,0,0,0,0,0,0,0,0,0.00102,0,0,0.0139,0,0,0,0,0,0,0,0,0,0,0,0,0,0,0.01011,0.00723,0,0,0.00418,0,0,0,0,0,0,0
"k__Bacteria|p__Actinobacteria|c__Actinomycetia|o__Actinomycetales|f__Actinomycetaceae|g__Peptidiphaga|s__Peptidiphaga_SGB15895|t__SGB15895",0,0,0,0,0.00031,0,0,0,0,0,0,0,0.00495,0,0,0,0,0,0,0,0,0,0,0.00033,0,0,0.00159,0,0,0,0,0,0,0,0,0,0,0,0,0,0,0
"k__Bacteria|p__Actinobacteria|c__Actinomycetia|o__Actinomycetales|f__Actinomycetaceae|g__Schaalia|s__Schaalia_cardiffensis|t__SGB17147",0,0,0,0,0,0,0.00093,0,0,0,0,0,0,0,0,0,0,0,0,0,0,0,0,0,0,0,0,0.00189,0,0,0.00929,0.00058,0.00014,0.00227,0,0,0,0,0,0,0,0.00167
"k__Bacteria|p__Actinobacteria|c__Actinomycetia|o__Actinomycetales|f__Actinomycetaceae|g__Schaalia|s__Schaalia_georgiae|t__SGB17149",0,0,0,0,0,0,0,0,0,0,0,0,0,0,0,0,0,0,0,0,0.00218,0,0,0,0,0,0,0,0,0,0.00124,0,0,0,0,0.00059,0,0,0,0,0,0
"k__Bacteria|p__Actinobacteria|c__Actinomycetia|o__Actinomycetales|f__Actinomycetaceae|g__Schaalia|s__Schaalia_meyeri|t__SGB17151",0,0,0.00431,0,0,0,0,0,0,0,0,0,0,0,0,0,0.00321,0,0,0,0.00115,0,0,0.0144,0.00127,0,0,0.00153,0,0.00317,0.01192,0.00208,0,0,0,0,0,0,0,0,0,0
"k__Bacteria|p__Actinobacteria|c__Actinomycetia|o__Actinomycetales|f__Actinomycetaceae|g__Schaalia|s__Schaalia_odontolytica|t__SGB17161_group",0,0.00197,0.03019,0.00348,0.002,0,0,0.00185,0,0.032,0.00999,0,0,0,0,0,0.01074,0.00062,0.01245,0,0,0,0.00248,0,0,0,0,0,0,0.04264,0.01608,0.00239,0,0,0,0.00377,0,0.00037,0.0053,0.01018,0,0
"k__Bacteria|p__Actinobacteria|c__Actinomycetia|o__Actinomycetales|f__Actinomycetaceae|g__Schaalia|s__Schaalia_odontolytica|t__SGB17169",0.01088,0.00212,0.03245,0,0.00036,0,0,0.0288,0.02055,0.00134,0,0,0,0,0.01354,0.00357,0.1478,0,0,0,0,0.0055,0.01951,0,0,0.00314,0.02318,0.00215,0,0.00883,0.27932,0.0461,0,0,0,0,0,0,0,0,0,0
"k__Bacteria|p__Actinobacteria|c__Actinomycetia|o__Actinomycetales|f__Actinomycetaceae|g__Schaalia|s__Schaalia_SGB17153|t__SGB17153",0,0,0.00723,0,0,0,0,0,0,0,0,0,0,0,0,0.02545,0,0,0,0.0915,0.04322,0,0,0,0,0,0,0,0,0.00974,0.07417,0.01811,0,0,0.00119,0,0,0,0,0,0,0.12294
"k__Bacteria|p__Actinobacteria|c__Actinomycetia|o__Actinomycetales|f__Actinomycetaceae|g__Schaalia|s__Schaalia_SGB17154|t__SGB17154",0,0,0.05916,0.01242,0.02735,0,0,0.00365,0.00157,0,0,0,0,0,0,0,0,0.01324,0.01098,0.00598,0.00643,0,0,0,0,0,0,0,0,0,0.14405,0.02401,0,0,0.00862,0,0,0,0,0,0,0
"k__Bacteria|p__Actinobacteria|c__Actinomycetia|o__Actinomycetales|f__Actinomycetaceae|g__Schaalia|s__Schaalia_SGB17157|t__SGB17157",0.00899,0.02157,0.03426,0.04325,0.00765,0,0,0,0,0.00104,0.00061,0.00104,0.00461,0.00106,0.00597,0,0,0,0,0,0,0.0042,0.00445,0.16276,0.01387,0,0.00076,0,0,0.00116,0,0,0.00333,0.01129,0.00987,0.00258,0,0,0,0,0,0
"k__Bacteria|p__Actinobacteria|c__Actinomycetia|o__Actinomycetales|f__Actinomycetaceae|g__Schaalia|s__Schaalia_SGB17158|t__SGB17158_group",0,0,0,0,0.00159,0.00168,0.00483,0,0,0,0,0,0,0,0.00316,0,0.01404,0,0,0,0,0.00104,0.00391,0,0,0,0.00956,0,0,0,0.0028,0,0,0,0.00699,0.01571,0.00142,0,0,0,0.00105,0
"k__Bacteria|p__Actinobacteria|c__Actinomycetia|o__Actinomycetales|f__Actinomycetaceae|g__Schaalia|s__Schaalia_SGB17168|t__SGB17168",0.01285,0.02158,0.06532,0.11542,0.00843,0,0,0,0,0.01461,0.01426,0,0,0.00353,0.04319,0,0,0,0,0,0,0,0.00163,0.29049,0.01602,0,0,0.00019,0,0,0.00208,0,0.0047,0.03084,0,0.00965,0,0,0.00272,0.00629,0,0
"k__Bacteria|p__Actinobacteria|c__Actinomycetia|o__Actinomycetales|f__Actinomycetaceae|g__Schaalia|s__Schaalia_turicensis|t__SGB17195",0,0,0,0,0,0,0,0,0,0,0,0,0,0,0,0,0,0.02628,0,0,0,0,0,0,0,0,0,0,0.00461,0,0.00852,0,0,0,0.74012,0,0,0,0,0,0,0.00506
"k__Bacteria|p__Actinobacteria|c__Actinomycetia|o__Bifidobacteriales|f__Bifidobacteriaceae|g__Alloscardovia|s__Alloscardovia_omnicolens|t__SGB17300",0,0,1e-04,0,0.00068,0,0,0,0.00061,0,0,0,0,0.00645,0.0079,0,0.00125,0,0,0,0,0,0,0,0,0,0,0,0,0,0.02714,0.00024,0,0,0.00095,0,0,0,0,0,0,0.02895
"k__Bacteria|p__Actinobacteria|c__Actinomycetia|o__Bifidobacteriales|f__Bifidobacteriaceae|g__Bifidobacterium|s__Bifidobacterium_adolescentis|t__SGB17244",1.14502,12.3061,3.75011,3.7577,33.05874,0,0.0114,3.76113,3.71651,0,0,0.10409,4.10042,0,0,0,0.34081,2.22903,0.6867,1.38298,0.18614,7.63262,17.89044,0,0,10.54978,10.62762,0,0,0,1.93381,1.0846,0.72176,0,3.46392,0.29528,0,0,0,0,0,0
"k__Bacteria|p__Actinobacteria|c__Actinomycetia|o__Bifidobacteriales|f__Bifidobacteriaceae|g__Bifidobacterium|s__Bifidobacterium_animalis|t__SGB17278",0,0.98116,0,0.01175,0,0,0,0.01683,0,0,0,0,0,0,0,0,0,0,0.00503,0.24938,0,0,0.00175,0.01602,0,0,0.33749,0,0,0,0,0,0,0,0,0.00617,0,0,0,0,0,0.0039
"k__Bacteria|p__Actinobacteria|c__Actinomycetia|o__Bifidobacteriales|f__Bifidobacteriaceae|g__Bifidobacterium|s__Bifidobacterium_bifidum|t__SGB17256",0,0,0.00048,1.28964,2.46009,0,0,0,0,0,0,0.00376,5.20505,0,0,0.28049,0,0,0,0.15259,0,5.73496,3.89109,0,0,0,0,0,0.01072,0,0,0,0.88814,0.02883,0,0,0,0,0,0,2.22314,3.52
"k__Bacteria|p__Actinobacteria|c__Actinomycetia|o__Bifidobacteriales|f__Bifidobacteriaceae|g__Bifidobacterium|s__Bifidobacterium_breve|t__SGB17247",0,0,0,0.00516,0,0,0,0,0,0,0,0,0,0,0,0.03527,0,0,0,0,0,0,0,0,0,0,0,0,0,0,0,0,0.02585,0,0,0,0,0,0,0,0,0.0043
"k__Bacteria|p__Actinobacteria|c__Actinomycetia|o__Bifidobacteriales|f__Bifidobacteriaceae|g__Bifidobacterium|s__Bifidobacterium_dentium|t__SGB17234",0,0,0.0012,0,0,0,0,0.00638,0.00735,0.0327,0,0,0,0,0,0.04466,0,0.01121,0,0.05283,0,0,0.01123,0.00153,0,0,0,0.02996,0,0.00876,1.67478,0.14414,0.00303,0,0,0,0.04734,0,0,0,0,0.05527
"k__Bacteria|p__Actinobacteria|c__Actinomycetia|o__Bifidobacteriales|f__Bifidobacteriaceae|g__Bifidobacterium|s__Bifidobacterium_longum|t__SGB17248",4.75714,0.14303,1.83316,1.58305,1.19406,9.68294,3.97737,1.81598,0.24855,0.32924,0.03116,0.13857,0.78244,0.00807,0.003,0.97388,0.35177,0.43754,0.45565,0.98241,0.00136,0.4118,1.14031,0,0,0.70627,0.87992,2.45939,0,0.39076,1.79178,1.69237,0.46775,0.0094,0.11197,0.56764,4.38658,1.61378,0,0,0.23142,2.14134
"k__Bacteria|p__Actinobacteria|c__Actinomycetia|o__Bifidobacteriales|f__Bifidobacteriaceae|g__Bifidobacterium|s__Bifidobacterium_pseudocatenulatum|t__SGB17237",0,0,0.66347,1.77266,4.84064,11.11892,4.73932,0,0,0.00359,0,0.63951,2.06702,0.02283,0.02962,0.14695,0.1102,0.45143,0.09374,9.08504,0.09914,1.00937,3.62209,0,0,0.2945,0.62167,0,0,0,9.0106,2.76866,8.82081,0.34891,0.45043,0.03102,12.41642,5.20235,4.52722,0.30505,7.95564,0.92333
"k__Bacteria|p__Actinobacteria|c__Actinomycetia|o__Bifidobacteriales|f__Bifidobacteriaceae|g__Gardnerella|s__Gardnerella_vaginalis|t__SGB17305",0,0,0,0,0,0,0,0,0,0,0,0,0,0,0,0,0,0,0,0,0,0,0,0,0,0,0,0,0,0.00092,0,0,0,0,0,0,0,0,0,0,0,0
"k__Bacteria|p__Actinobacteria|c__Actinomycetia|o__Bifidobacteriales|f__Bifidobacteriaceae|g__Parascardovia|s__Parascardovia_denticolens|t__SGB17291",0,0,0,0,0,0,0,0,0,0,0,0,0,0,0,0,0,0,0,0,0,0,0,0.00239,0,0,0,0,0,0,0.02547,0.00482,0,0,0,0,0,0,0,0,0,0.02339
"k__Bacteria|p__Actinobacteria|c__Actinomycetia|o__Bifidobacteriales|f__Bifidobacteriaceae|g__Scardovia|s__Scardovia_wiggsiae|t__SGB15494",0,0,0,0.00021,0.00177,0,0,0,0,0,0,0,0,0,0,0,0,0,0,0,0,0,0,0,0,0,0,0,0,0,0.01152,0,0,0,0,0,0,0,0,0,0,0.00846
"k__Bacteria|p__Actinobacteria|c__Actinomycetia|o__Corynebacteriales|f__Corynebacteriaceae|g__Corynebacterium|s__Corynebacterium_aurimucosum|t__SGB17102",0,0,0,0,0,0,0,0,0,0,0,0,0,0,0,0.00114,0,0,0,0,0,0,0,0,0,0,0,0,0,0,0,0,0,0,0,0,0,0,0,0,0,0
"k__Bacteria|p__Actinobacteria|c__Actinomycetia|o__Corynebacteriales|f__Corynebacteriaceae|g__Corynebacterium|s__Corynebacterium_durum|t__SGB17008",0,0,0,0.009,0.00456,0,0.00067,0.00279,0.00089,0,0,0,0.0011,0.00184,0.00804,8e-04,0,0,0.00025,0.00258,0.00158,0.00062,0.00263,0.02478,0.00318,0,6e-05,0,0,0,0.00897,0.00346,0,0.00272,0,0,0,0,0,0.00051,0.00704,0.00018
"k__Bacteria|p__Actinobacteria|c__Actinomycetia|o__Micrococcales|f__Microbacteriaceae|g__Leucobacter|s__Leucobacter_sp_Psy1|t__SGB111210",0,0,0,0,0,0,0,0,0,0,0,0,0,0,0,0,0,0,0,0,0,0,0,0,0,0,0,0,0,0,0,0,0,0,0,0,0,0,0,0,0,0.00129
"k__Bacteria|p__Actinobacteria|c__Actinomycetia|o__Micrococcales|f__Micrococcaceae|g__Rothia|s__Rothia_aeria|t__SGB16987",0,0,0.00211,0.0011,0,0,0,0,0,3e-04,0.00182,0,0,0,0,0,0,0,0,0,0,0,0,0.00041,0,0,0,0,0,0,0,0,0,0.00017,0,0,0,0,0,0,0,0
"k__Bacteria|p__Actinobacteria|c__Actinomycetia|o__Micrococcales|f__Micrococcaceae|g__Rothia|s__Rothia_mucilaginosa|t__SGB16971_group",0.00211,0.00437,0.02347,0.00433,0.00081,0,0.03516,0.00762,0.00365,0.08005,0.22679,0,0,0.00121,0.02204,0,0.00333,0.00053,2e-04,0.00345,0,0.00197,0.00113,0.00235,0,0,0.00287,0.00067,0,0,0.00316,0.00538,0.00023,0.03065,0.00214,0.09375,0,0,0,0,0,0
"k__Bacteria|p__Actinobacteria|c__Actinomycetia|o__Micrococcales|f__Micrococcaceae|g__Rothia|s__Rothia_mucilaginosa|t__SGB16986",0,0,0.05381,0,0,0,0,0.00299,0.003,0,0,0,0,0,0,0,0.01065,0.00109,0,0.02419,0,0,0,0.00369,0,0,0,0,0,0,0.02309,0.00388,0,0,0.00676,0,0,0,0,0,0,0.02015
"k__Bacteria|p__Actinobacteria|c__Actinomycetia|o__Micrococcales|f__Micrococcaceae|g__Rothia|s__Rothia_SGB49305|t__SGB49305_group",0,0.00129,0,0,0,0,0,0,0,0.00849,0.00298,0,0,0,0,0,0.00183,0,0,0.00298,0,0,0,0.00373,0,0,0,0,0,0,0.04362,0.0073,0,0.00273,0.00281,0,0,0,0,0,0,0.01556
"k__Bacteria|p__Actinobacteria|c__Actinomycetia|o__Propionibacteriales|f__Propionibacteriaceae|g__Arachnia|s__Arachnia_propionica|t__SGB15897",0,0,0,0,0,0,0.00105,0,0,0,0,0,0,0,0,0,0,0,0,0,0,0,0.00175,0.00222,0,0,0,0,0,0,0,0,0,0,0,0.00048,0,0,0,0,0,0
"k__Bacteria|p__Actinobacteria|c__Actinomycetia|o__Propionibacteriales|f__Propionibacteriaceae|g__Arachnia|s__Arachnia_rubra|t__SGB15896",0,0,0,0,0,0,0.00171,0,0,0,0,0,0.00613,0,0,0,0,0,0,0.00185,0,0,0,0.00019,0,0,0,0,0,0,0,0,0,0,0,0.02297,0,0,0,0,5e-04,0
"k__Bacteria|p__Actinobacteria|c__Actinomycetia|o__Propionibacteriales|f__Propionibacteriaceae|g__Arachnia|s__Arachnia_SGB15898|t__SGB15898",0,0,0,0,0,0,0,0,0,0,0,0,0,0,0,0,0,0,0,0,0,0,0.00013,0,0,0,0,0,0,0,0,0,0,0,0,0,0,0,0,0,0,0
"k__Bacteria|p__Actinobacteria|c__Actinomycetia|o__Propionibacteriales|f__Propionibacteriaceae|g__Cutibacterium|s__Cutibacterium_acnes|t__SGB16955",0,0,0,0,0,0,0,0,0,0,0,0,0,0,0,0,0,0,0,0,0.0078,0,0,0,0,0,0,0,0,0,0,0,0,0,0,0,0,0,0,0,0,0
"k__Bacteria|p__Actinobacteria|c__Actinomycetia|o__Propionibacteriales|f__Propionibacteriaceae|g__Propionibacterium|s__Propionibacterium_acidifaciens|t__SGB15903",0,0,0.00187,0.00014,0,0,0,0,0,0.00153,0,0,0,0,0,0,0,0,0,0,0,0,0,0.0102,0.00192,0,0,0,0,0,0.0097,0.00721,0,0,0,0,0,0,0,0,0,5e-04
"k__Bacteria|p__Actinobacteria|c__CFGB12107|o__OFGB12107|f__FGB12107|g__GGB34797|s__GGB34797_SGB14321|t__SGB14321",0,0,0.48319,0,0,0,0,0,0,0,0,0,0,0,0,0,0,0.6231,0.06937,0,0,0,0,0,0,0,0,0,0,0,0,0,0,0,0,0.07113,0,0,0,0,0,0
"k__Bacteria|p__Actinobacteria|c__CFGB12107|o__OFGB12107|f__FGB12107|g__GGB34797|s__GGB34797_SGB14322|t__SGB14322",0,0,0,0,0,0,0,0,0,0,0,0,0,0,0,0,0.02691,0,0,0,0,0,0,0,0,0,0,0,0,0,0.0032,0.23193,0,0,1.3622,0,1.53234,0.2605,0,0,0,0
"k__Bacteria|p__Actinobacteria|c__CFGB2992|o__OFGB2992|f__FGB2992|g__GGB9411|s__GGB9411_SGB14764|t__SGB14764_group",0,0,0.24119,0,0,0,0,0.25977,0.22663,0,0,0,0,0,0,0,0,1.10688,0.0605,0,0,0,0,0,0,0,0,0,0,0,0,0,0,0,0,0,0,0,0,0,0,0
"k__Bacteria|p__Actinobacteria|c__CFGB2992|o__OFGB2992|f__FGB2992|g__GGB9412|s__GGB9412_SGB14770|t__SGB14770",0,0,0,0,0,0,0,0,0,0,0,0.06058,2.85849,0,0,0,0.01901,0,0,0,0,0,0,0,0,0,0,0,0,0,0.00279,0.00123,0,0,0,0,0,0,0,0,0,0
"k__Bacteria|p__Actinobacteria|c__CFGB77156|o__OFGB77156|f__FGB77156|g__GGB9421|s__GGB9421_SGB14789|t__SGB14789",0,0,0,0,0,0,0,0.0731,0.00969,0,0,0,0,0,0,0,0,0,0,0,0,0,0,0,0,0,0,0,0,0,0,0,0,0,0,0,0,0,0,0,0,0
"k__Bacteria|p__Actinobacteria|c__CFGB77988|o__OFGB77988|f__FGB77988|g__GGB9359|s__GGB9359_SGB14334|t__SGB14334",0,0,0,0,0,0,0,0,0,0,0,0.05941,2.06006,0,0,0,0,0,0,0,0,0,0,0,0,0,0,0,0,0.23515,0.29823,0.02087,0,0,0,0,0,0,0,0,0,0
"k__Bacteria|p__Actinobacteria|c__CFGB77988|o__OFGB77988|f__FGB77988|g__GGB9361|s__GGB9361_SGB14336|t__SGB14336",0,0,0,0,0,0,0,0,0,0,0,0,0,0,0,0,0,0,0,0,0,0,0,0,0,0,0,0,0,0.12455,0,0,0,0,0,0,0,0,0,0,0,0
"k__Bacteria|p__Actinobacteria|c__CFGB77988|o__OFGB77988|f__FGB77988|g__GGB9364|s__GGB9364_SGB14339|t__SGB14339",0,0,0,0,0,0,0,0,0,0,0,0,0,0,0,0,0,0,0,0,0,0.18435,0.60041,0,0,0,0,0,0,0,0,0,0,0,0,0,0,0,0,0,0,0
"k__Bacteria|p__Actinobacteria|c__Coriobacteriia|o__Coriobacteriales|f__Atopobiaceae|g__Atopobium|s__Atopobium_deltae|t__SGB988",0,0,0,0,0,0,0,0,0,0,0,0,0,0,0,0,0,0,0,0,0,0,0,0,0,0,0,0,0.04808,0,0,0,0,0,0,0,0,0,0,0,0,0
"k__Bacteria|p__Actinobacteria|c__Coriobacteriia|o__Coriobacteriales|f__Atopobiaceae|g__Lancefieldella|s__Lancefieldella_parvula|t__SGB964",0,0,0,0,0,0,0,0,0,0,0,0,0,0,0.00102,0,0,0,0,0,0,0,0,0,0,0,0,0,0,0,0,0,0,0,0,0,0,0,0,0,0,0.00207
"k__Bacteria|p__Actinobacteria|c__Coriobacteriia|o__Coriobacteriales|f__Atopobiaceae|g__Lancefieldella|s__Lancefieldella_parvula|t__SGB966",0,0,0.0264,0.01186,0.00607,0,0,0,0,9e-04,0,0,0,0.00271,0.03245,0,0.00893,0.00035,0.00137,0.00278,0.00126,0,0,0.0045,0,0,0,0.00649,0,0,0.02413,0.00963,0,0,0.00831,0.00413,0,0,0,0,0,0.00097
"k__Bacteria|p__Actinobacteria|c__Coriobacteriia|o__Coriobacteriales|f__Atopobiaceae|g__Lancefieldella|s__Lancefieldella_rimae|t__SGB985",0,0,0,0,0,0,0,0,0,0,0,0,0,0,0,0,0,0,0,0,0,0,0,0.00069,0,0,0,0,0,0,0.00027,0,0,0,0,0,0,0,0,0,0,0
"k__Bacteria|p__Actinobacteria|c__Coriobacteriia|o__Coriobacteriales|f__Atopobiaceae|g__Olsenella|s__Olsenella_phocaeensis|t__SGB14384",0,0,0,0,0,0,0,0,0,0,0,0,0,0,0,0,0,0,0,0,0,0,0,0,0,0,0,0,0,0,0,0,0,0,0,0,0,0,0,0,0,0.0048
"k__Bacteria|p__Actinobacteria|c__Coriobacteriia|o__Coriobacteriales|f__Atopobiaceae|g__Olsenella|s__Olsenella_profusa|t__SGB14387",0,0,0.00048,0,0,0,0,0,0,0,0,0,0,0,0,0,0,0,0,0,0,0,0,0,0,0,0,0,0,0,6e-05,0,0,0,0,0,0,0,0,0,0,0
"k__Bacteria|p__Actinobacteria|c__Coriobacteriia|o__Coriobacteriales|f__Atopobiaceae|g__Olsenella|s__Olsenella_sp_oral_taxon_807|t__SGB14348",0,0,0.00237,0.00239,0.00089,0,0.00189,0,0,0,0,0,0.00209,0,0,0,0,0,0,0.00237,0.00816,0,0.00083,0.00527,0.00013,0,0.00039,0.00855,0,0,0.00654,0.00111,0,0.00026,0.0024,0,0,0,0,0.00059,0,0
"k__Bacteria|p__Actinobacteria|c__Coriobacteriia|o__Coriobacteriales|f__Atopobiaceae|g__Olsenella|s__Olsenella_uli|t__SGB14386",0,0,0,0,0,0,0,0,0,0,0,0,0,0,0,0.00029,0,0,0,0,0,0,0.00379,0,0,0,0,0,0,0,0,0,0,0,0.00126,0,0,0,0,0,0,0.00224
"k__Bacteria|p__Actinobacteria|c__Coriobacteriia|o__Coriobacteriales|f__Atopobiaceae|g__Olsenella|s__Olsenella_urininfantis|t__SGB33581",0,0,0,0,0,0,0,0,0,0,0,0,0,0,0,0,0,0,0,0,0,0,0,0,0,0,0,0,0,0,0,0,0,0,0.03386,0,0,0,0,0,0,0.01306
"k__Bacteria|p__Actinobacteria|c__Coriobacteriia|o__Coriobacteriales|f__Atopobiaceae|g__Paratractidigestivibacter|s__Paratractidigestivibacter_faecalis|t__SGB14370",0,0,0,0,0,0,0,0,0,0,0,0,0,0,0,0,0.54513,0,0,0,0,0,0,0,0,0,0,0,0,0,0,0,0,0,0,0,0.38624,0.23383,0,0,0,0
"k__Bacteria|p__Actinobacteria|c__Coriobacteriia|o__Coriobacteriales|f__Atopobiaceae|g__Thermophilibacter|s__Thermophilibacter_provencensis|t__SGB14367",0,0,0,0,0,0,0,0,0,0,0,0,0,0,0,0,0,0,0,0,0,0.67014,0.12454,0,0,0,0,0,0,0,0,0,0,0,0,0,0,0,0,0,0,0
"k__Bacteria|p__Actinobacteria|c__Coriobacteriia|o__Coriobacteriales|f__Coriobacteriaceae|g__Collinsella|s__Collinsella_aerofaciens|t__SGB14483",3.41959,3.30935,0,2.41094,2.05554,0,0.00181,0,0.00896,1.4369,3.07069,0.24736,0.34542,1.71828,0.55866,0,0.468,1.01228,0.71721,0.0364,0.8905,0.96866,0.98617,0,0,4.48896,9.42522,5.11654,0.04085,1.44557,4.2268,0.27488,0.2576,0.06081,0.5265,0.58425,0.55047,0.18914,0,0,0,0.40901
"k__Bacteria|p__Actinobacteria|c__Coriobacteriia|o__Coriobacteriales|f__Coriobacteriaceae|g__Collinsella|s__Collinsella_aerofaciens|t__SGB14535",0,0,0,0,0,0,0,0,0,0,0,0,0,0,0,0.5769,0,0,0,0,0,0,0,0,0,0,0,0,0,0,0,0,0,0,0,0,0,0,5.78708,3.24925,0,0
"k__Bacteria|p__Actinobacteria|c__Coriobacteriia|o__Coriobacteriales|f__Coriobacteriaceae|g__Collinsella|s__Collinsella_bouchesdurhonensis|t__SGB14397",0,0,0,0,0,0,0,0,0,0,0,0,0,0,0,0,0.55886,0,0,0,0,0,0,0,0,0,0,0,0,0,2.53746,0.6371,0,0,0.66632,1.64981,0,0,0,0,0,0
"k__Bacteria|p__Actinobacteria|c__Coriobacteriia|o__Coriobacteriales|f__Coriobacteriaceae|g__Collinsella|s__Collinsella_intestinalis|t__SGB14741",0,0,0,0,0,0,0,0,0,0,0.00059,0,0,3.70343,3.58512,0,0,0,0,0,0,0,0,0,0,0,0,0,0,0,0,0,0,0,0,0,0,0,0,0,0,0
"k__Bacteria|p__Actinobacteria|c__Coriobacteriia|o__Coriobacteriales|f__Coriobacteriaceae|g__Collinsella|s__Collinsella_SGB14754|t__SGB14754",0,0,0,0,0,0,0,0,0,0,0,0,0,0,0,0,0,0,0,0,0,0,0,0,0,0.00175,0.01013,0,0,0,0,0,0,0,0,0,0,0,0,0,0,0
"k__Bacteria|p__Actinobacteria|c__Coriobacteriia|o__Coriobacteriales|f__Coriobacteriaceae|g__Collinsella|s__Collinsella_sp_AF08_23|t__SGB14739",0,0,0,0,0,0,0,0,0,0,0,0,0,0.07021,0.01328,0,0,0,0,0,0,0,0,0,0,0,0,0,0,0,0,0,0,0,0,0.00015,0,0,0,0,0,0
"k__Bacteria|p__Actinobacteria|c__Coriobacteriia|o__Coriobacteriales|f__Coriobacteriaceae|g__Collinsella|s__Collinsella_tanakaei|t__SGB14737",0,0,0,0,0,0,0,0,0,0,0,0,0,0.01818,0.02599,0,0,0,0,0,0,0,0,0,0,0,0,0,0,0,0.01301,0.04536,0,0,0,0,0,0,0,0,0,0
"k__Bacteria|p__Actinobacteria|c__Coriobacteriia|o__Coriobacteriales|f__Coriobacteriaceae|g__Enorma|s__Enorma_burkinafasonensis|t__SGB86218",0,0,0,0,0,0,0,0,0,0,0,0,0,0.00089,0,0,0,0,0,0,0,0,0,0,0,0,0,0,0,0,0,0,0,0,0,0,0,0,0,0,0,0
"k__Bacteria|p__Actinobacteria|c__Coriobacteriia|o__Coriobacteriales|f__Coriobacteriaceae|g__GGB51959|s__GGB51959_SGB72479|t__SGB72479",0,0,0,0,0,0,0,0.02154,0.01858,0,0,0,0,0,0,0.00174,0.0355,0,0,0,0,0,0,0,0,0,0,0,0,0.03991,0.04424,0.03493,0,0,0.03803,0.1578,0,0,0,0,0,0
"k__Bacteria|p__Actinobacteria|c__Coriobacteriia|o__Coriobacteriales|f__Coriobacteriaceae|g__Senegalimassilia|s__Senegalimassilia_anaerobia|t__SGB14824_group",0,0,0.64739,0,0,0,0,0.35904,0.87104,0,0,0,0,0.02942,0.02476,0.23094,0.38751,0,0,0,0,0,0,0,0,0,0,0,0,0,0,0,0,0,0.04516,0.50417,0,0,0,0,0,0.35993
"k__Bacteria|p__Actinobacteria|c__Coriobacteriia|o__Coriobacteriales|f__Coriobacteriaceae|g__Senegalimassilia|s__Senegalimassilia_faecalis|t__SGB14822",1.89256,0.34093,0,0,0,0,0,0,0,0,0,0,0,0,0,0,0.05038,0,0,0,0,0,0,0,0,0,0,0,0,0,0,0,0,0,0.69237,0,0,0,0,0,0,0
"k__Bacteria|p__Actinobacteria|c__Coriobacteriia|o__Coriobacteriales|f__Coriobacteriaceae|g__Senegalimassilia|s__Senegalimassilia_SGB14826|t__SGB14826",0,0,0,0,0,0,0,0,0,0,0,0,0,0,0,0,0.24833,0,0,0,0,0,0,0,0,0,0,0,0,0,0,0,0,0,0,0,0,0,0,0,0,0
"k__Bacteria|p__Actinobacteria|c__Coriobacteriia|o__Eggerthellales|f__Eggerthellaceae|g__Adlercreutzia|s__Adlercreutzia_equolifaciens|t__SGB14797",0,0,0,0,0,0,0,0.05518,0.13552,0,0,0,0.06295,0.00483,0,0,0,0,0,0,0,0.3157,0.62071,0,0,0,0,0,0,0.00475,0.43329,0.26747,0,0,0.00964,0,0,0,0.14619,0.11124,0,0
"k__Bacteria|p__Actinobacteria|c__Coriobacteriia|o__Eggerthellales|f__Eggerthellaceae|g__Adlercreutzia|s__Adlercreutzia_equolifaciens|t__SGB14798",0.01088,0.02082,0.09969,0,0,2.43656,0.96369,0.02653,0.0653,0.42915,0.05933,0.00213,0.34295,0.02276,0.00041,0.03961,0,0.92734,0.38556,0,0,0,0,0,0,0,0,0,0,0,0,0,0,0,0,0.17073,0,0,0,0,0.977,0
"k__Bacteria|p__Actinobacteria|c__Coriobacteriia|o__Eggerthellales|f__Eggerthellaceae|g__Cryptobacterium|s__Cryptobacterium_curtum|t__SGB962",0,0,0.00046,0,0,0,0,0,0,0,0,0,0,0,0,0,0,0,0,0,0,0,0,0,0,0,0,0.00078,0,0,0.00924,0,0,0,0,0,0,0,0,0,0,0
"k__Bacteria|p__Actinobacteria|c__Coriobacteriia|o__Eggerthellales|f__Eggerthellaceae|g__Eggerthella|s__Eggerthella_lenta|t__SGB14809",1.52973,0.3345,0.01438,3.2179,0.40266,0.16575,0.19615,0.00709,0.01819,0.13037,0.09369,0.22648,0.07454,0.0053,0.0011,0.12561,0.01537,0.0326,0.02462,0.51623,0.52305,0.43483,0.46509,0.10071,1.14048,0.10818,0.54955,0.448,0.21691,0.07165,0.13148,0.08578,2.45185,1.20772,0.0036,0.00062,0.43906,0.26331,0.10207,0.25913,0.49339,0
"k__Bacteria|p__Actinobacteria|c__Coriobacteriia|o__Eggerthellales|f__Eggerthellaceae|g__Eggerthella|s__Eggerthella_sinensis|t__SGB14810",0,0,0,0,0,0,0,0,0,0.01303,0.00028,0,0,0,0,0,0,0,0,0,0,0,0,0,0,0,0,0,0,0,0.00432,0.00317,0,0,0,0,0,0,0.17088,0.14521,0,0
"k__Bacteria|p__Actinobacteria|c__Coriobacteriia|o__Eggerthellales|f__Eggerthellaceae|g__Eggerthella|s__Eggerthella_sp_YY7918|t__SGB14811",0,0,0,0,0,0,0,0,0,0,0,0,0,0,0,0,0,0,0,0,0,0,0,0,0,0,0,0,0,0,0,0,0,0,0,0,0,0,0.0263,0.01082,0,0
"k__Bacteria|p__Actinobacteria|c__Coriobacteriia|o__Eggerthellales|f__Eggerthellaceae|g__Ellagibacter|s__Ellagibacter_isourolithinifaciens|t__SGB14816_group",0,0,0,0,0,0,0,0,0,0,0,0,0,0.00873,0.00885,0,0.08243,0,0,0,0,0,0,0,0,0,0,0,0,0.17269,0.29255,0.21283,0,0,0,0.05363,0,0,0,0,0,0
"k__Bacteria|p__Actinobacteria|c__Coriobacteriia|o__Eggerthellales|f__Eggerthellaceae|g__GGB45432|s__GGB45432_SGB63101|t__SGB63101",0.0428,0.01502,0,0,0,0.09414,0.04358,0.00792,0.00635,0,0,0,0.03512,0,0,0,0.03596,0.04875,0.00335,0,0,0.13727,0.09443,0,0,0,0,0,0,0.05423,0.14089,0.02832,0,0,0,0,0,0,0,0,0,0
"k__Bacteria|p__Actinobacteria|c__Coriobacteriia|o__Eggerthellales|f__Eggerthellaceae|g__GGB9365|s__GGB9365_SGB14341|t__SGB14341",0,0,0.01346,0,0,0,0,0.25645,0.46078,0,0,0,0.4594,0,0,0.05761,0.00099,0,0,0,0,0.08671,0.07674,0,0,0.13442,0.28788,0,0,0,0,0,0,0,0,0,0,0,0,0,0,0
"k__Bacteria|p__Actinobacteria|c__Coriobacteriia|o__Eggerthellales|f__Eggerthellaceae|g__GGB9365|s__GGB9365_SGB14342|t__SGB14342",3.96896,1.25277,0,0,0,0,0,0,4e-04,0,0,0,0,0.0047,0,0,0,0,0,0,0,0,0,0,0,0,0,0,0,0,0,0,0,0,0,0,0,0,0,0,0,0
"k__Bacteria|p__Actinobacteria|c__Coriobacteriia|o__Eggerthellales|f__Eggerthellaceae|g__GGB9424|s__GGB9424_SGB14794|t__SGB14794",0,0,0,0,0,0,0,0,0,0,0,0,0,0,0,0,0,0,0,0,0,0,0,0,0,0,0,0,0,0,0,0,0,0,0.02425,0,0,0,0,0,0,0
"k__Bacteria|p__Actinobacteria|c__Coriobacteriia|o__Eggerthellales|f__Eggerthellaceae|g__GGB9425|s__GGB9425_SGB14795|t__SGB14795",0,0,0,0,0,0,0,0,0,0,0,0,0,0,0,0,0,0,0,0,0,0,0,0,0,0,0,0,0,0,0,0,0,0,0,0,0,0,0.63874,0.4029,0,0
"k__Bacteria|p__Actinobacteria|c__Coriobacteriia|o__Eggerthellales|f__Eggerthellaceae|g__GGB9434|s__GGB9434_SGB14812|t__SGB14812",0,0,0,0,0,0,0,0,0,0,0,0,0,0,0,0,0,0,0,0,0,0,0,0,0,0,0,0,0,0.25633,0,0,0,0,0,0,0,0,0,0,0,0
"k__Bacteria|p__Actinobacteria|c__Coriobacteriia|o__Eggerthellales|f__Eggerthellaceae|g__Gordonibacter|s__Gordonibacter_pamelaeae|t__SGB14807",0.02857,0.02592,0.00704,0.36776,0.04775,0,0,0.00696,0.03212,0.01306,0.00164,0.02762,0.07051,0,0,0.07656,0.00413,0,0,0,0,0.01838,0.02658,0,0,0.07568,0.14696,0.02403,0,0.03003,0.00257,0,0.13808,0.06586,0,0,0,0,0,0,0,0.08555
"k__Bacteria|p__Actinobacteria|c__Coriobacteriia|o__Eggerthellales|f__Eggerthellaceae|g__Gordonibacter|s__Gordonibacter_sp_Marseille_P4307|t__SGB14790",0,0,0,0,0,0,0,0,0,0,0,0,0,0,0,0,0,0,0,0,0,0,0,0.0072,0,0,0,0,0,0,0,0,0,0,0,0,0,0,0,0,0,0
"k__Bacteria|p__Actinobacteria|c__Coriobacteriia|o__Eggerthellales|f__Eggerthellaceae|g__Gordonibacter|s__Gordonibacter_urolithinfaciens|t__SGB14808",0.00885,0,0,0,0,0,0,0,0,0,0,0,0,0,0,0,0,0,0,0.15578,0.05613,0,0,0,0,0,0,0,0,0,0,0,0,0,0,0,0,0,0,0,0.10035,0
"k__Bacteria|p__Actinobacteria|c__Coriobacteriia|o__Eggerthellales|f__Eggerthellaceae|g__Paraeggerthella|s__Paraeggerthella_hongkongensis|t__SGB14804",0,0,0.00165,0,0,0,0,0,0,0,0,0,0,0,0,0.00673,0,0,0,0,0,0,0,0,0,0,0,0,0,0,0,0,0,0,0,0,0,0,0,0,0,0
"k__Bacteria|p__Actinobacteria|c__Coriobacteriia|o__Eggerthellales|f__Eggerthellaceae|g__Raoultibacter|s__Raoultibacter_massiliensis|t__SGB33551",0.05068,0.01599,0,0,0,0,0,0.01294,0.0209,0,0,0,0,0,0,0,0.00734,0,0,0,0,0.02669,0.05268,0,0,0.00101,0.00893,0,0,0,0,0,0,0,0,0,0,0,0,0,0.0328,0
"k__Bacteria|p__Actinobacteria|c__Coriobacteriia|o__Eggerthellales|f__Eggerthellaceae|g__Raoultibacter|s__Raoultibacter_timonensis|t__SGB33550",0,0,0,0,0,0,0,0.01215,0.01026,0,0,0.07633,0.2272,0.003,0,0,0.02813,0,0,0,0,0.09135,0.11665,0,0,0.02338,0.11755,0,0,0.00617,0.08829,0.03093,0,0,0.01888,0.01159,0,0,0.0036,0.17474,0,0
"k__Bacteria|p__Actinobacteria|c__Coriobacteriia|o__Eggerthellales|f__Eggerthellaceae|g__Slackia|s__Slackia_exigua|t__SGB14784",0,0,0.00075,0,0,0,0,0,0,0,0,0,0,0,0,0,0,0,0,0,0,0,0,0,0.00179,0,0,0,0.21438,0.01964,0.00453,0,0,0,0.02284,0,0,0,0,0,0,0.00064
"k__Bacteria|p__Actinobacteria|c__Coriobacteriia|o__Eggerthellales|f__Eggerthellaceae|g__Slackia|s__Slackia_isoflavoniconvertens|t__SGB14773",0,0,0,0,0,1.3768,0.31428,0.34081,0.33557,0,0,0.03695,0.93231,0,0,0,0.12016,0,0,0,0,0,0,0,0,0,0,0,0,0.22815,0.37206,0.10635,0,0,0,0,0,0,0,0,0,0.06766
"k__Bacteria|p__Actinobacteria|c__Coriobacteriia|o__Eggerthellales|f__Eggerthellaceae|g__Slackia|s__Slackia_SGB14780|t__SGB14780",0,0,0,0,0,0,0,0,0,0,0,0,0,0.14251,0.19532,0,0,0,0,0,0,0,0,0,0,0,0,0,0,0,0,0,0,0,0,0,0,0,0,0,0,0
"k__Bacteria|p__Bacteria_unclassified|c__Bacteria_unclassified|o__Bacteria_unclassified|f__Bacteria_unclassified|g__Bacteria_unclassified|s__bacterium_210917_DFI_7_65|t__SGB14999",0.03221,0.01012,0,0,0,0.00102,0.00638,0.00839,0.00464,0.03573,0.03314,0.00788,0.00774,0.02122,0,0,0.00865,0,0,0.02315,0.0666,0,0,0,0,0,0,0.01142,0,0.03187,0,0.00543,0.00219,0.03111,0,0,0.01361,0.01642,0.00924,0.0074,0.00104,0
"k__Bacteria|p__Bacteria_unclassified|c__Bacteria_unclassified|o__Bacteria_unclassified|f__Bacteria_unclassified|g__Bacteria_unclassified|s__bacterium_OL_1|t__SGB14389",0,0,0,0,0,0,0,0.00195,0,0,0,0,0,0,0,0,0,0,0,0,0,0,0,0,0,0,0,0,0,0,0,0,0,0,0,0,0,0,0,0,0,0
"k__Bacteria|p__Bacteroidota|c__Bacteroidia|o__Bacteroidales|f__Bacteroidaceae|g__Bacteroides|s__Bacteroides_bouchesdurhonensis|t__SGB3321",0.01447,0.00211,0.00026,0,0,0,0,0,0,0,0,0,0,0,0,0,0,0,0,0,0,0,0,0,0,0,0,0,0,0,0,0,0,0,0,0,0,0,0,0,0,0
"k__Bacteria|p__Bacteroidota|c__Bacteroidia|o__Bacteroidales|f__Bacteroidaceae|g__Bacteroides|s__Bacteroides_caccae|t__SGB1877",0.00513,0,0,0,0,0.03973,0.2124,0.03683,0.00784,2.1631,0.04005,0.25351,1.10293,0.01182,0.00155,0,0.00102,0.01148,0,0.10908,0.05183,0.51905,0.04229,0.00116,0.1233,0.07212,0.25655,0,0,0,0.01681,0.07095,0.22147,0.18666,0.00604,0,0,0,0,0.00183,0,0.03604
"k__Bacteria|p__Bacteroidota|c__Bacteroidia|o__Bacteroidales|f__Bacteroidaceae|g__Bacteroides|s__Bacteroides_cellulosilyticus|t__SGB1842",0,0,0,0,0,0,0,0,0,0.00894,0.0089,0,0,0,0,0,0,0,0,0,0,0,0,0,0,0,0,0.0269,0,0,0,0,0,0,0,0,0,0,0,0,0,0
"k__Bacteria|p__Bacteroidota|c__Bacteroidia|o__Bacteroidales|f__Bacteroidaceae|g__Bacteroides|s__Bacteroides_cellulosilyticus|t__SGB1844",0.00798,0.00859,0,0,0,0.0039,0.00666,0.00931,0.00271,0,0,0.2939,0.0357,0,0,0.87851,0.01466,0,0,0,0,0.11856,0.04967,0,0,0.01933,0.0096,0.03521,0,0.83731,0.00075,0,0,0,0,0,0,0,0.00179,0,0,0.00533
"k__Bacteria|p__Bacteroidota|c__Bacteroidia|o__Bacteroidales|f__Bacteroidaceae|g__Bacteroides|s__Bacteroides_clarus|t__SGB1832",0,0,0,0,0,0.00517,0.01986,0,0,0,0,0.01319,0.01477,0,0,0,0.03112,0,0,0,0,0,0,0,0,0,0,0,0,0,0.00665,0.00859,0,0,0,0,0,0,0,0,0,0
"k__Bacteria|p__Bacteroidota|c__Bacteroidia|o__Bacteroidales|f__Bacteroidaceae|g__Bacteroides|s__Bacteroides_cutis|t__SGB1827",0,0,0,0,0,0,0,0.00052,0,0,0,0,0,0,0,0,0.02712,0,0,0,0,0,0,0,0,0.00145,0.00448,0,0,0,0.00167,0.01147,0,0,0,0,0,0,0.01145,0,0,0
"k__Bacteria|p__Bacteroidota|c__Bacteroidia|o__Bacteroidales|f__Bacteroidaceae|g__Bacteroides|s__Bacteroides_eggerthii|t__SGB1829",0,0,0,0,0,0,0,0,0,0,0,0.45469,0.04617,0,0,2.65643,0,0,0,0,0,0,0,0,0,0,0,0,0,0,0,0,0,0,0,0,0,0,0,0.00151,0.00701,0
"k__Bacteria|p__Bacteroidota|c__Bacteroidia|o__Bacteroidales|f__Bacteroidaceae|g__Bacteroides|s__Bacteroides_faecis|t__SGB1860",0,0,0,0,0,0.01558,0.04324,0,0,0,0,0.00783,0.03566,0,0,0,0,0,0,0,0,0,0,0,0,0,0,0,0,0,0,0,0,0,0,0,0,0,0,0,0,0
"k__Bacteria|p__Bacteroidota|c__Bacteroidia|o__Bacteroidales|f__Bacteroidaceae|g__Bacteroides|s__Bacteroides_finegoldii|t__SGB1862",0,0,0,0,0,0.00152,0.00297,0,0,0,0,0.00091,0.01558,0.00018,0,0,0.00047,0.02956,0.00978,0,0,0,0,0,0,0,0,0,0,0,0,0,0.12524,0.20268,0,0,0,0,0,0,0.00136,0
"k__Bacteria|p__Bacteroidota|c__Bacteroidia|o__Bacteroidales|f__Bacteroidaceae|g__Bacteroides|s__Bacteroides_fragilis|t__SGB1855",0,0,0.00229,0.028,0,0.02229,0.06485,0.13586,0.0149,0,0,9.25138,0.00289,0.00165,0,3.30144,0.04963,0.00479,0,0,0,0.53344,0.11997,0.01014,0,0,0,4.35372,32.22169,0.26544,0.02639,0.02162,0,0,0.04111,0,0.04464,0.0988,0,0,0,0.32963
"k__Bacteria|p__Bacteroidota|c__Bacteroidia|o__Bacteroidales|f__Bacteroidaceae|g__Bacteroides|s__Bacteroides_intestinalis|t__SGB1845",0,0,0,0,0,0,0,0,0,0,0,0,0,0,0,0,0,0,0,0,0,0,0,0,0,0,0,0,0,0,0,0,0,0,0,0,0,0.09649,0,0,0,0
"k__Bacteria|p__Bacteroidota|c__Bacteroidia|o__Bacteroidales|f__Bacteroidaceae|g__Bacteroides|s__Bacteroides_intestinalis|t__SGB1846",0.02358,0.04902,0,0,0,0,0,0.0061,0,0,0,0,0,0,0,0,0,0,0,0,0,0,0,0,0,0,0,0,0,0.04971,0,0,0,0,0,0,0,0,0,0,0,0
"k__Bacteria|p__Bacteroidota|c__Bacteroidia|o__Bacteroidales|f__Bacteroidaceae|g__Bacteroides|s__Bacteroides_nordii|t__SGB1858",0.01597,0.00037,0,0,0,0,0,0,0,0.01585,0.0107,2.6416,0.00174,0.0032,0,0.49715,0,0.00036,0,0,0.0033,0.01289,0.00372,0,0,0.00704,0.00132,0,0,0,0,0.00182,0,0,0,0,0,0,0,0,0,0
"k__Bacteria|p__Bacteroidota|c__Bacteroidia|o__Bacteroidales|f__Bacteroidaceae|g__Bacteroides|s__Bacteroides_ovatus|t__SGB1871",0.01117,0.36313,0,0,0,0.04193,0.14888,0.03016,0.01218,0.28674,0.07635,0.72684,0.01724,0.00306,0.00984,1.59678,0.02711,0.04636,0.00928,0.11298,0.03292,0.08585,0.02752,0,0.00576,0.14696,0.00842,0.792,0.08,0.04928,0.00141,0.25988,0.46249,0.27596,0.02093,0.00181,0.01308,0.87674,0.0074,0.00185,0,0.03557
"k__Bacteria|p__Bacteroidota|c__Bacteroidia|o__Bacteroidales|f__Bacteroidaceae|g__Bacteroides|s__Bacteroides_propionicigenes|t__SGB1831",0,0,0,0,0,0,0,0,0,0,0,0,0,0,0,0,0,0,0,0.0127,0.02504,0,0,0,0,0,0,0,0,0,0,0,0,0,0.00598,0,0,0,0,0,0,0
"k__Bacteria|p__Bacteroidota|c__Bacteroidia|o__Bacteroidales|f__Bacteroidaceae|g__Bacteroides|s__Bacteroides_salyersiae|t__SGB1857",0,0,0,0,0,0,0,0.00166,0,0,0,0.23145,0.13756,0,0,0,0,0,0,0,0,0.16595,0.05084,0,0,0,0,0,0,0,0,0,0,0,0,0,0.01194,0.1201,0,0,0,0
"k__Bacteria|p__Bacteroidota|c__Bacteroidia|o__Bacteroidales|f__Bacteroidaceae|g__Bacteroides|s__Bacteroides_sp_Marseille_P3684|t__SGB1429",0,0,0,0,0,0,0,0,0,0,0,0,0,0,0,0,0,0,0,0,0,0,0,0,0,0,0,0,0,0,0,0,0,0,0,0,0,0,0.0314,0.01173,0,0
"k__Bacteria|p__Bacteroidota|c__Bacteroidia|o__Bacteroidales|f__Bacteroidaceae|g__Bacteroides|s__Bacteroides_sp_OF04_15BH|t__SGB1795",0,0,0,0,0,0,0,0.04845,0.00285,0.16204,0.9078,0,0,0,0,0,0,0,0,0,0,0,0,0,0,0,0,0,0,0,0,0,0,0,0,0,0,0,0,0,0,0
"k__Bacteria|p__Bacteroidota|c__Bacteroidia|o__Bacteroidales|f__Bacteroidaceae|g__Bacteroides|s__Bacteroides_stercoris|t__SGB1830",0,0,0,0,0,0.0286,0.04155,0.0168,0.01349,0.99339,0.31963,0.14582,0.03927,0.01671,0.00976,0,0.03916,0.00204,0,0.30298,0.11271,0.14947,0.1782,0,0,0.5673,0.09682,0,0,0,0,0,0,0,0.00706,0,0.0417,0.2241,0.0128,0.0151,0,0
"k__Bacteria|p__Bacteroidota|c__Bacteroidia|o__Bacteroidales|f__Bacteroidaceae|g__Bacteroides|s__Bacteroides_thetaiotaomicron|t__SGB1861",0.00122,0.02318,0,0,0,0.00023,0.02705,0.00877,0.00945,0.07767,0.02155,0.24705,0.0671,0,0,2.64759,0.00401,0.0874,0.00786,0.08568,0.04439,0.00853,0,0.00431,0.26776,0.09295,0.01536,2.30939,2.10332,0.07407,0.00197,0.06301,0.08592,0.05761,0.00591,0,0.0067,0.09564,0.02112,0.01838,0.00045,0.09926
"k__Bacteria|p__Bacteroidota|c__Bacteroidia|o__Bacteroidales|f__Bacteroidaceae|g__Bacteroides|s__Bacteroides_uniformis|t__SGB1836",1.12824,0.3486,0.00012,0.01042,0,0.01373,0.07975,0.01653,0.04945,0.69459,0.24065,1.88985,0.50776,0.00016,0,2.70134,0.05645,0.04944,0,0.19711,0.01964,0.83009,0.06101,0.0057,2.3778,1.31319,0.25406,3.85609,0,0.64138,0.04324,0.18206,1.35749,0.5793,0,0.00291,0.02847,0.19868,0.06037,0.13416,0.09188,0.09625
"k__Bacteria|p__Bacteroidota|c__Bacteroidia|o__Bacteroidales|f__Bacteroidaceae|g__Bacteroides|s__Bacteroides_xylanisolvens|t__SGB1867",0.09272,0.08431,0,0,0,0,0.00403,0.00634,0.00216,0.12163,0.01191,0.12745,0.05444,0,0,0.14905,0,0.0178,0.00657,0.01378,0,0.26418,0.05378,0.00013,0.27982,0.16042,0.00724,4.84898,0,0.05179,0.00146,0.01367,0.07587,0.00227,0.00828,0.00055,0.00605,0.14715,0,0,0,0.07851
"k__Bacteria|p__Bacteroidota|c__Bacteroidia|o__Bacteroidales|f__Bacteroidaceae|g__GGB1379|s__GGB1379_SGB1880|t__SGB1880",0,0,0,0,0,0,0,0,0,0,0,0,0,0.00213,0.00172,0,0,0,0,0,0,0,0,0,0,0,0,0,0,0,0,0,0,0,0,0,0,0,0,0,0,0
"k__Bacteria|p__Bacteroidota|c__Bacteroidia|o__Bacteroidales|f__Bacteroidaceae|g__GGB1379|s__GGB1379_SGB48439|t__SGB48439",0,0,0,0,0,0,0,0,0,0,0,0,0,0.00822,0.01213,0,0,0,0,0,0,0,0,0,0,0,0,0,0,0,0,0,0,0,0,0,0,0,0,0,0,0
"k__Bacteria|p__Bacteroidota|c__Bacteroidia|o__Bacteroidales|f__Bacteroidaceae|g__GGB1380|s__GGB1380_SGB1883|t__SGB1883",0,0,0.03239,0,0,0.03533,0.04217,0,0,0,0,0,0,0,0,0,0,0,0,0,0,0,0,0,0,0,0,0,0,0,0,0,0,0,0,0,0,0,0,0,0,0
"k__Bacteria|p__Bacteroidota|c__Bacteroidia|o__Bacteroidales|f__Bacteroidaceae|g__GGB1385|s__GGB1385_SGB1890|t__SGB1890",0,0,0,0,0,0,0,0.0013,0,0,0,0,0,0,0,0,0,0,0,0,0,0,0,0,0,0,0,8.09979,0,0,0,0,0,0,0,0,0,0,0,0,0,0
"k__Bacteria|p__Bacteroidota|c__Bacteroidia|o__Bacteroidales|f__Bacteroidaceae|g__Phocaeicola|s__Phocaeicola_coprocola|t__SGB1891",0,0,0,0,0,0.06155,0.08089,0,0,0,0,0.01845,0.10644,0.02452,0.0181,0,0.0096,0.14878,0.0456,0.26387,0.04307,0.13959,0.00393,0,0,0,0,0,0,0,0.00843,0.37208,0.62031,0.54498,0,0.00126,0,0,0,0,0.00867,0
"k__Bacteria|p__Bacteroidota|c__Bacteroidia|o__Bacteroidales|f__Bacteroidaceae|g__Phocaeicola|s__Phocaeicola_coprophilus|t__SGB1888",0,0,0,0,0,0,0,0,0,0.78815,0.27735,0,0,0,0,0,0.08735,0,0,0,0,0,0,0,0,0.47972,0.03532,0,0,0,0,0,0,0,0,0.00384,0,0,0.01583,0.05372,0.00356,0
"k__Bacteria|p__Bacteroidota|c__Bacteroidia|o__Bacteroidales|f__Bacteroidaceae|g__Phocaeicola|s__Phocaeicola_dorei|t__SGB1815",0,0,0,0,0,0,0,0,0,0,0,0,0,0,0,3.60965,0,0.00379,0,0,0,0,0,0.00265,0.05945,0,0,0,0,0.32949,0.00101,0.03014,0,0,0,0,0,0,0,0,0.00374,0
"k__Bacteria|p__Bacteroidota|c__Bacteroidia|o__Bacteroidales|f__Bacteroidaceae|g__Phocaeicola|s__Phocaeicola_massiliensis|t__SGB1812",0.03677,0.0039,0,0,0,0,0,0,0,0,0,0,0,0.05501,0.06638,2.77904,0,0,0,0,0,0,0,0,0,0,0,0,0,0,0,0,0,0,0,0,0,0,0,0,0,0
"k__Bacteria|p__Bacteroidota|c__Bacteroidia|o__Bacteroidales|f__Bacteroidaceae|g__Phocaeicola|s__Phocaeicola_plebeius|t__SGB1899",0,0,0,0.12965,0,0.17866,0.16678,0,0,2.08271,3.91866,0,0,0.09368,0.1209,0,0,0,0,0,0,0.01213,0,0,0,0,0,0,0,0,0,0,0.42473,0.1991,0,0,0,0,0,0,0,0
"k__Bacteria|p__Bacteroidota|c__Bacteroidia|o__Bacteroidales|f__Bacteroidaceae|g__Phocaeicola|s__Phocaeicola_plebeius|t__SGB1903",1.74015,0.027,0,0.05972,0,0.22014,0.07071,0.00961,0.00319,0.03261,0.10055,0,0,0.00812,0.01529,0.80663,0.03959,0.05764,0.06036,0.0806,0.002,0.01555,0.00115,0.01016,0.28066,0.08492,0.01603,0,0,0.13054,0.00668,0.04467,0,0,0,0.04816,0,0,0.02946,0.04147,0.0089,0
"k__Bacteria|p__Bacteroidota|c__Bacteroidia|o__Bacteroidales|f__Bacteroidaceae|g__Phocaeicola|s__Phocaeicola_vulgatus|t__SGB1814",0,0,0,0,0,0.14905,0.98394,0.1373,0.07238,0.99073,1.02183,0.07631,2.32577,0.37508,0.16634,0,0.21128,0.17485,0.03732,0.29066,0.28739,0.38066,0.24141,0.2754,0.41342,1.20283,0.3933,14.94207,0.04933,0.52327,0.01637,0.16563,1.73835,2.0604,0,0.00349,1.26283,0.45616,0.04754,0.03769,0.00879,0
"k__Bacteria|p__Bacteroidota|c__Bacteroidia|o__Bacteroidales|f__Barnesiellaceae|g__Barnesiella|s__Barnesiella_intestinihominis|t__SGB1965",0,0,0,0,0,0.00294,0.03753,0,0,0,0,0.0814,0.01916,0,0,0.18902,0,0.10031,0.00452,0,0,0.06753,0.07707,0,0,0.04854,0.01437,0,0,0.07483,0,0,0.30327,0.05344,0,0,0,0,0.00047,0,0,0
"k__Bacteria|p__Bacteroidota|c__Bacteroidia|o__Bacteroidales|f__Barnesiellaceae|g__Coprobacter|s__Coprobacter_fastidiosus|t__SGB1963",0.08791,0,0,0,0,0.00207,0.01413,0,0,0,0,0,0,0,0,0,0,0,0,0.00188,0.00905,0,0,0,0,0,0,0,0,0,0,0,0,0,0,0,0,0,0,0,0,0
"k__Bacteria|p__Bacteroidota|c__Bacteroidia|o__Bacteroidales|f__Barnesiellaceae|g__Coprobacter|s__Coprobacter_secundus|t__SGB1962",0.00266,0.00725,0,0,0,0,0,0,0,0,0,0,0,0,0,0,0,0,0,0,0,0,0,0,0,0,0,0,0,0,0,0,0,0,0,0,0,0,0,0,0,0
"k__Bacteria|p__Bacteroidota|c__Bacteroidia|o__Bacteroidales|f__Odoribacteraceae|g__Butyricimonas|s__Butyricimonas_faecalis|t__SGB1782",0,0,0,0,0,0,0,0,0,0,0,0,0,0,0,0,0.01051,0,0,0,0,0,0,0,0,0,0,0,0,0,0,0,0,0,0,0,0,0,0,0,0,0
"k__Bacteria|p__Bacteroidota|c__Bacteroidia|o__Bacteroidales|f__Odoribacteraceae|g__Butyricimonas|s__Butyricimonas_faecihominis|t__SGB1786",0,0,0,0,0,0,0,0,0,0.01475,0.00072,0,0,0,0,0.05583,0,0,0,0,0,0,0,0,0,0,0,0,0,0.0019,0.00092,0.01056,0,0,0,0,0,0,0,0,0,0.01344
"k__Bacteria|p__Bacteroidota|c__Bacteroidia|o__Bacteroidales|f__Odoribacteraceae|g__Butyricimonas|s__Butyricimonas_paravirosa|t__SGB1785",0,0,0,0,0,0,0,0,0,0,0,0,0,0,0,0,0,0,0,0,0,0,0,0,0,0,0,0,0,0,0,0,0.01095,0.00053,0,0,0,0,0,0,0,0
"k__Bacteria|p__Bacteroidota|c__Bacteroidia|o__Bacteroidales|f__Odoribacteraceae|g__Butyricimonas|s__Butyricimonas_virosa|t__SGB1784",0,0,0,0,0,0.00036,0.0026,0,0.00022,0,0,0.84526,0.24073,0,0,0,0.00577,0.00422,0,0,0,0.01441,0.00952,0,0,0.01309,0.01639,0,0,0.00586,0.00345,0.08656,0.04632,0.00552,0,0,0,0,0.00276,0,0,0
"k__Bacteria|p__Bacteroidota|c__Bacteroidia|o__Bacteroidales|f__Odoribacteraceae|g__Odoribacter|s__Odoribacter_splanchnicus|t__SGB1790",0.08946,0.07126,0,0,0,0,0.00661,0.00489,0,0.03694,0.01656,1.31971,0.20979,0,0,0,5e-04,0.00353,0,0,0,0.19848,0.02091,0,0,0.00661,0.00023,0,0.00355,0.07297,0.00296,0.43016,0.09664,0.013,0,0,0,0.02255,0.01508,0.00445,0,0.01226
"k__Bacteria|p__Bacteroidota|c__Bacteroidia|o__Bacteroidales|f__Porphyromonadaceae|g__Porphyromonas|s__Porphyromonas_asaccharolytica|t__SGB1981",0,0,0,0,0,0,0,0.09015,0,0,0,0,0,0,0,0,0,0,0,0,0,0,0,0,0,0,0,0,0,0,0,0,0,0,0,0,0,0,0,0,0,0
"k__Bacteria|p__Bacteroidota|c__Bacteroidia|o__Bacteroidales|f__Porphyromonadaceae|g__Porphyromonas|s__Porphyromonas_endodontalis|t__SGB2016",0,0,0.00055,0,0,0,0,0,0,0,0,0,0,0,0,0,0,0,0,0,0,0,0,0,0,0,0,0,0,0,0,0,0,0,0,0,0,0,0,0,0,0
"k__Bacteria|p__Bacteroidota|c__Bacteroidia|o__Bacteroidales|f__Porphyromonadaceae|g__Porphyromonas|s__Porphyromonas_SGB1977|t__SGB1977",0,0,0,0,0,0.00017,0,0.18199,0,0,0,0,0,0,0,0,0,0,0,0,0,0,0,0.00203,0,0,0,0,0,0.02397,0.22147,0.13966,0,0,0,0,0,0,0.31477,0.03932,0,0
"k__Bacteria|p__Bacteroidota|c__Bacteroidia|o__Bacteroidales|f__Porphyromonadaceae|g__Porphyromonas|s__Porphyromonas_SGB1979|t__SGB1979",0,0,0,0,0,0,0,0.08206,0,0,0,0,0,0,0,2.82487,0,0,0,0,0,0,0,0,0,0,0,0,0,0,0,0,0,0,0,0,0,0,0,0,0,0
"k__Bacteria|p__Bacteroidota|c__Bacteroidia|o__Bacteroidales|f__Porphyromonadaceae|g__Porphyromonas|s__Porphyromonas_SGB1980|t__SGB1980",0,0,0,0,0,0,0,0,0,0,0,0,0,0.0029,0,0,0,0,0,0,0,0.56441,0.00545,0,0,0.68854,0,0,0,0.13488,0,0,0,0,1.69432,0,0.34357,1.93504,0,0,0,0
"k__Bacteria|p__Bacteroidota|c__Bacteroidia|o__Bacteroidales|f__Porphyromonadaceae|g__Porphyromonas|s__Porphyromonas_SGB1982|t__SGB1982",0,0,0,0,0,0,0,0,0,0,0,0,0,0,0,0,0,0,0,0,0,0,0,0,0,0,0,0,0,0,0,0,0,0,0,0,0,0,2.52172,0.52448,0,0
"k__Bacteria|p__Bacteroidota|c__Bacteroidia|o__Bacteroidales|f__Porphyromonadaceae|g__Porphyromonas|s__Porphyromonas_somerae|t__SGB1991",0,0,0,0,0,0,0,0,0,0,0,0,0,0,0,0,0,0,0,0,0,0,0,0,0,0,0,0,0,0.10675,0.00178,0.03536,0,0,0,0,0,0,0,0,0,0
"k__Bacteria|p__Bacteroidota|c__Bacteroidia|o__Bacteroidales|f__Porphyromonadaceae|g__Porphyromonas|s__Porphyromonas_sp_HMSC065F10|t__SGB1990_group",0,0,0,0,0,0,0,0,0,0,0,0,0,0,0,0,0,0,0,0,0,0,0,0,0,0,0,0,0,0,0,0.00303,0,0,0,0,0,0,0,0,0,0
"k__Bacteria|p__Bacteroidota|c__Bacteroidia|o__Bacteroidales|f__Porphyromonadaceae|g__Porphyromonas|s__Porphyromonas_uenonis|t__SGB1973",0,0,0,0,0,0,0,0,0,0,0,0,0,0,0,0,0,0,0,0,0,0,0,0,0,0,0,0,0,0.083,0,0,0,0,0.00505,0,0,0,0,0,0,0
"k__Bacteria|p__Bacteroidota|c__Bacteroidia|o__Bacteroidales|f__Porphyromonadaceae|g__Sanguibacteroides|s__Sanguibacteroides_justesenii|t__SGB1776",0,0,0,0,0,0,0,0.00157,0,0,0,0.05578,0.01742,0,0,0,0.00132,0,0,0,0,0,0,0,0,0,0,0,0,0.00981,0.00105,0.01604,0,0,0,0,0,0,0,0,0,0
"k__Bacteria|p__Bacteroidota|c__Bacteroidia|o__Bacteroidales|f__Prevotellaceae|g__Alloprevotella|s__Alloprevotella_tannerae|t__SGB1411_group",0,0,0,0,0,0,0,0,0,0,0,0,0,0,0,0,0,0,0,0,0,0,0,0,0,0,0,0,0,0.00165,0,0,0,0,0.01091,0,0,0,0,0,0,0
"k__Bacteria|p__Bacteroidota|c__Bacteroidia|o__Bacteroidales|f__Prevotellaceae|g__GGB1146|s__GGB1146_SGB1472|t__SGB1472",0,0,0,0,0,0,0,0,0,0,0,0,0,0,0,0,0,3.9386,0.67058,0,0,0,0,0,0,0,0,0,0,0,0,0,0,0,0,0.0127,0,0,0.40589,0.43452,0,0
"k__Bacteria|p__Bacteroidota|c__Bacteroidia|o__Bacteroidales|f__Prevotellaceae|g__GGB1148|s__GGB1148_SGB1475|t__SGB1475",0.348,0.02604,0,0,0,0,0,0,0,0,0,0,0,0,0,0,0,0,0,0,0,0,0,0,0,0,0,0,0,0,0.00179,0.13844,0,0,0,0,0,0,0,0,0,0
"k__Bacteria|p__Bacteroidota|c__Bacteroidia|o__Bacteroidales|f__Prevotellaceae|g__GGB1243|s__GGB1243_SGB1663|t__SGB1663",0,0,0.08959,0,0,0,0,0,0,0,0,0,0,0,0,0,0,0,0,0,0,0,0,0,0,0,0,0,0,0,0,0,0,0,0,0,0,0,0,0,0,0
"k__Bacteria|p__Bacteroidota|c__Bacteroidia|o__Bacteroidales|f__Prevotellaceae|g__Paraprevotella|s__Paraprevotella_clara|t__SGB1798",0.37955,0.04466,0,0,0,0,0,0.01911,0.0057,0.15783,0.08387,0.00266,0.00631,0.00098,0.00259,0.07651,0.00482,0.15274,0.03016,0.00272,0.01502,0,0,0,0,0,0,0,0,0.19365,3e-04,0.03998,0,0,0,0,0,0,0.00754,0.00819,0,0
"k__Bacteria|p__Bacteroidota|c__Bacteroidia|o__Bacteroidales|f__Prevotellaceae|g__Paraprevotella|s__Paraprevotella_xylaniphila|t__SGB1797",0,0,0,0,0,0,0,0,0,0,0,0,0,0,0,0,0,0,0,0,0,0,0,0,0,0,0,0,0,0,0,0,0.0305,0.4278,0,0,0,0,0,0,0,0
"k__Bacteria|p__Bacteroidota|c__Bacteroidia|o__Bacteroidales|f__Prevotellaceae|g__Prevotella|s__Prevotella_bivia|t__SGB1557",0,0,0,0,0,0,0,0,0,0.00418,0,0,0,0,0,0,0,0.01073,0,0,0,5e-05,0,0,0,0,0,0,0,0,0,0,0,0,0,0,0,0,0,0,0,0
"k__Bacteria|p__Bacteroidota|c__Bacteroidia|o__Bacteroidales|f__Prevotellaceae|g__Prevotella|s__Prevotella_buccalis|t__SGB1517_group",0,0,0,0,0,0,0,0,0,0,0,0,0,0,0,0,0,0,0,0,0,0,0,0.00085,0,0,0,0,0,0,0,0.00071,0,0,0,0,0,0,0,0,0,0
"k__Bacteria|p__Bacteroidota|c__Bacteroidia|o__Bacteroidales|f__Prevotellaceae|g__Prevotella|s__Prevotella_corporis|t__SGB1504",0,0,0,0,0,0,0,0,0,0,0,0,0,0,0,0,0,0,0,0,0,0,0.00051,0,0,0,0,0,0,0,0,0,0,0,0,0,0,0,0,0,0,0
"k__Bacteria|p__Bacteroidota|c__Bacteroidia|o__Bacteroidales|f__Prevotellaceae|g__Prevotella|s__Prevotella_disiens|t__SGB1559",0,0,0,0,0,0,0,0,0,0,0,0,0,0,0,0.03033,0,0,0,0,0,0,0,0,0,0,0,0,0,0,0,0,0,0,0,0,0,0,0,0,0,0
"k__Bacteria|p__Bacteroidota|c__Bacteroidia|o__Bacteroidales|f__Prevotellaceae|g__Prevotella|s__Prevotella_intermedia|t__SGB1560",0,0,0.00483,0,0,0,0,0,0,0,0,0,0,0,0,0,0,0.0031,0,0,0,0,0,0,0,0,0,0,2.6863,0,0,0,0,0,0,0,0,0,0,0,0,0
"k__Bacteria|p__Bacteroidota|c__Bacteroidia|o__Bacteroidales|f__Prevotellaceae|g__Prevotella|s__Prevotella_marseillensis|t__SGB1588",0,0,0,0,0,0,0,0,0,0,0,0.0398,0.39378,0,0,0,0,0,0,0,0,0,0,0,0,0,0,0,0,0,0,0,0,0,0,0,0,0,0,0,0,0
"k__Bacteria|p__Bacteroidota|c__Bacteroidia|o__Bacteroidales|f__Prevotellaceae|g__Prevotella|s__Prevotella_nigrescens|t__SGB1561",0,0,0,0,0,0,0,0,0,0,0,0,0,0,0,0,0,0,0,0,0,0,0,0,0,0,0,0,0,0.00131,0,0,0,0,0,0,0,0,0,0,0,0.00194
"k__Bacteria|p__Bacteroidota|c__Bacteroidia|o__Bacteroidales|f__Prevotellaceae|g__Prevotella|s__Prevotella_SGB1688|t__SGB1688",0,0,0,0,0,0,0,0.16852,0.01718,0,0,0,0,0,0,0,0,0,0,0,0,0,0,0,0,0,0,0,0,0,0,0,0,0,0,0,0,0,0,0,0,0
"k__Bacteria|p__Bacteroidota|c__Bacteroidia|o__Bacteroidales|f__Prevotellaceae|g__Prevotella|s__Prevotella_sp_Marseille_P4119|t__SGB1676",0,0,0.87961,0,0,0,0,0,0,0,0,0,0,0,0,0,0,0,0,0,0,0,0,0,0,0,0,0,0,0,0,0,0,0,0,0,0,0,0,0,0,0
"k__Bacteria|p__Bacteroidota|c__Bacteroidia|o__Bacteroidales|f__Prevotellaceae|g__Prevotella|s__Prevotella_stercorea|t__SGB1679",0,0,0.78436,0,0,0,0,0,0,1.55563,5.37946,0.01208,0.57468,0,0,0,0,0,0,0,0,1.11983,0.1287,0,0,0,0,0,0.00024,0.09987,0.00143,0.30931,0,0,0.24306,0.00274,0,0,0.07015,0.11483,0,0.00067
"k__Bacteria|p__Bacteroidota|c__Bacteroidia|o__Bacteroidales|f__Prevotellaceae|g__Prevotella|s__Prevotella_stercorea|t__SGB1680",0.64433,0.0407,0,0,0,0,0,0.4554,0.09406,0,0,0,0,0,0,0,0.01204,0,0,0,0,0,0,0,0,0,0,0,0,0,0,0,0,0,0,0,0,0,0,0,0,0
"k__Bacteria|p__Bacteroidota|c__Bacteroidia|o__Bacteroidales|f__Prevotellaceae|g__Prevotella|s__Prevotella_timonensis|t__SGB1507",0,0,0,0,0,0.00745,0,0,0,0,0,0,0,0,0,0,0,0,0,0,0,0,0,0,0,0,0,0,0,0,0,0,0,0,0,0,0,0,0,0,0,0
"k__Bacteria|p__Bacteroidota|c__Bacteroidia|o__Bacteroidales|f__Prevotellaceae|g__Prevotellamassilia|s__Prevotellamassilia_timonensis|t__SGB1477",0,0,9.77534,0,0,0,0,0,0,0,0,0,0,0,0,0,0.07204,0,0,0,0,0.00093,0,0,0,0,0,0,0,0,0,0,0,0,0.48183,0,0,0,0,0,0,0
"k__Bacteria|p__Bacteroidota|c__Bacteroidia|o__Bacteroidales|f__Prevotellaceae|g__Segatella|s__Segatella_brasiliensis|t__SGB1636",0,0,0.71074,0,0,0,0,0,0,0,0,0,0,0,0,0,0,0,0,0,0,0,0,0,0,0,0,0,0,0,0,0,0,0,0.16731,0,0,0,0,0,0,0
"k__Bacteria|p__Bacteroidota|c__Bacteroidia|o__Bacteroidales|f__Prevotellaceae|g__Segatella|s__Segatella_brunsvicensis|t__SGB1613",0,0,0.68897,0.02542,0.00326,0,0,0,0,0,0,0,0,0,0,0,0.00217,0,0,0,0,0,0,0,0,0,0,0,0,0,0,0.25935,0,0,0,0,0,0,0,0,0,0
"k__Bacteria|p__Bacteroidota|c__Bacteroidia|o__Bacteroidales|f__Prevotellaceae|g__Segatella|s__Segatella_copri|t__SGB1626",5.51579,0.44849,6.11595,0,0,0,0,0,0,8.76239,8.62782,0,0,0.38912,0.03275,4.94079,0.09342,1.98513,4.06214,0,0,0.07052,0.00017,0,0,0,0,0,0,0,0.16033,4.43191,0,0,0.24648,0.01644,0,0,0,0,0,0
"k__Bacteria|p__Bacteroidota|c__Bacteroidia|o__Bacteroidales|f__Prevotellaceae|g__Segatella|s__Segatella_hominis|t__SGB1615",0,0,0,0,0,0,0,0,0,0,0,0,0.01202,0,0,0,0,0,0,0,0,0,0,0,0,0,0,0,0,0,0,0,0,0,0,0,0,0,0,0,0,0
"k__Bacteria|p__Bacteroidota|c__Bacteroidia|o__Bacteroidales|f__Prevotellaceae|g__Segatella|s__Segatella_hominis|t__SGB1617",0,0,0.16812,0,0,0,0,0,0,0,0,0,0,0,0,0,0.00138,0,0,0,0,0,0,0,0,0,0,0,0,0,0,0,0,0,0.24373,0,0,0,0,0,0,0
"k__Bacteria|p__Bacteroidota|c__Bacteroidia|o__Bacteroidales|f__Prevotellaceae|g__Segatella|s__Segatella_sinensis|t__SGB1644",0,0,0.49005,0,0,0,0,0,0,0,0,0,0,0,0,0,0,0,0,0,0,0.0271,0,0,0,0,0,5.7426,0,0.04168,0,0,0,0,0.17409,0,0,0,0,0,0,0.07072
"k__Bacteria|p__Bacteroidota|c__Bacteroidia|o__Bacteroidales|f__Prevotellaceae|g__Segatella|s__Segatella_sinica|t__SGB1653",0,0,1.00283,0,0,0,0,0,0,0,0,0,0,0,0,0,0,0,0,0,0,0.00443,0.0014,0,0,0,0,0,0,0,0,0,0,0,0.16966,0,0,0,0,0,0,0
"k__Bacteria|p__Bacteroidota|c__Bacteroidia|o__Bacteroidales|f__Rikenellaceae|g__Alistipes|s__Alistipes_communis|t__SGB2290",0.12539,0.03896,0.00411,0,0,0,0,0.06958,0.02164,0,0,0.03602,0.04158,0,0,0.65795,0.0055,0,0,0,0,0,0,0,0,0.05948,0.03551,0,0,0.03137,0.00586,0.0385,0,0,0,0,0,0,0.00598,0.01281,0,0
"k__Bacteria|p__Bacteroidota|c__Bacteroidia|o__Bacteroidales|f__Rikenellaceae|g__Alistipes|s__Alistipes_dispar|t__SGB2311",0,0,0,0,0,0,0,0,0,0,0,0,0,0,0,0,0,0,0,0,0,0,0,0,0,0,0,0,0,0,0.0025,0.03879,0,0,0,0,0,0,0.00551,0.00528,0,0
"k__Bacteria|p__Bacteroidota|c__Bacteroidia|o__Bacteroidales|f__Rikenellaceae|g__Alistipes|s__Alistipes_finegoldii|t__SGB2301",0,0.00039,0,0,0,0.00498,0.0188,0.0106,0.00288,0,0,0.22207,0.08395,0,0,0.05894,0.09146,0,0,0,0,0,0,0,0,0,0,0,0,0,0.11874,0.19535,0.03648,0,0,0.00687,0.00576,0.1523,0,0,0,0
"k__Bacteria|p__Bacteroidota|c__Bacteroidia|o__Bacteroidales|f__Rikenellaceae|g__Alistipes|s__Alistipes_ihumii|t__SGB2328",0,0,0.00074,0,0,0,0,0.00125,0.00338,0,0,0.22856,0.12778,0,0,2.10025,0,0,0,0.01822,0.00262,0,0,0,0,0,0,0,0,0,0.08804,0.20488,0,0,0.0016,0,0,0,0,0,0,0
"k__Bacteria|p__Bacteroidota|c__Bacteroidia|o__Bacteroidales|f__Rikenellaceae|g__Alistipes|s__Alistipes_indistinctus|t__SGB2325",0.01485,0.00925,0,0.00127,0,0,0,0,0.00161,0,0,0.09104,0.04015,0,0,0,0.00067,0.00554,0,0,0,0.25457,0.06849,0,0,0,0,0,0,0,0.04812,0.16296,0,0,0,0,0,0,0,0,0,0
"k__Bacteria|p__Bacteroidota|c__Bacteroidia|o__Bacteroidales|f__Rikenellaceae|g__Alistipes|s__Alistipes_onderdonkii|t__SGB2303",0.00822,0.00321,0,0,0,0,0.00059,0.06435,0.00826,0.38741,0.14319,4.42855,3.01636,0,0,3.44002,0,0,0,0.22484,0.05976,0.10305,0.04805,0,0,0,0,0,0,0,0.34484,0.11887,0.40227,0.02215,0,0,0,0,0.00817,0.00081,0,0
"k__Bacteria|p__Bacteroidota|c__Bacteroidia|o__Bacteroidales|f__Rikenellaceae|g__Alistipes|s__Alistipes_provencensis|t__SGB2298",0,0,0,0,0,0,0,4e-05,0,0,0,0,0,0,0,0,0,0,0,0,0,0,0,0,0,0,0,0,0,0,0,0,0,0,0,0,0,0,0,0,0,0
"k__Bacteria|p__Bacteroidota|c__Bacteroidia|o__Bacteroidales|f__Rikenellaceae|g__Alistipes|s__Alistipes_putredinis|t__SGB2318",0.01636,0.00372,0.00339,0,0,0.1537,0.1117,0.0329,0.04161,1.04228,0.33281,0.89146,0.22971,0.04074,0.01355,1.54383,0.00735,1.34989,0.24888,0.68192,0.0967,0.09971,0.03792,0,0,1.47326,0.28268,0,0,1.78969,0.03215,0.059,0,0,0.01551,0.00538,0,0,0.04342,0.03528,0.00782,0
"k__Bacteria|p__Bacteroidota|c__Bacteroidia|o__Bacteroidales|f__Rikenellaceae|g__Alistipes|s__Alistipes_senegalensis|t__SGB2296",0,0,0,0,0,0,0,0.04305,0.01737,0,0,0.01912,0.03321,0,0,0,0.01002,0,0,0,0,0.00687,0.01212,0,0,0,0,0,0,0.16161,0,0.0314,0,0,0,0,0,0.00555,0.00901,0,0,0
"k__Bacteria|p__Bacteroidota|c__Bacteroidia|o__Bacteroidales|f__Rikenellaceae|g__Alistipes|s__Alistipes_shahii|t__SGB2295",0.33841,0.18535,0.00245,0,0,0.025,0.03582,0.01311,0.01383,0.55885,0.09375,0.34766,0.23854,0.00324,0,0.43998,0.00593,0.0777,0.00476,0,0,0.31946,0.3085,0,0,0.28349,0.06915,0.00281,0,0,0.04252,0.33989,0.43661,0.03932,0,0,0,0,0,0,0,0
"k__Bacteria|p__Bacteroidota|c__Bacteroidia|o__Bacteroidales|f__Rikenellaceae|g__Alistipes|s__Alistipes_sp_AF17_16|t__SGB2326",0,0,0,0,0,0.00584,0.00343,0.01451,0.00948,0,0,0,0,0,0,0,0.03713,0.01314,0.00594,0,0,0.0636,0.02137,0,0,0,0,0,0,0,0.09517,0.0557,0,0,0.00255,0.00372,0,0,0,0,0,0
"k__Bacteria|p__Bacteroidota|c__Bacteroidia|o__Bacteroidales|f__Rikenellaceae|g__GGB1691|s__GGB1691_SGB2324|t__SGB2324",0,0,0,0,0,0,0,0,0,0,0,0.01643,0.00568,0,0,0,0,0,0,0,0,0,0,0,0,0,0,0,0,0,0,0,0,0,0,0,0,0,0,0,0,0
"k__Bacteria|p__Bacteroidota|c__Bacteroidia|o__Bacteroidales|f__Tannerellaceae|g__GGB1405|s__GGB1405_SGB1928|t__SGB1928",0,0,0,0,0,0,0,0,0,0,0,0,0,0,0,0,0,0,0,0,0,0,0,0,0,0,0,0,0,0.12775,0,0,0,0,0,0,0,0,0,0,0,0
"k__Bacteria|p__Bacteroidota|c__Bacteroidia|o__Bacteroidales|f__Tannerellaceae|g__Parabacteroides|s__Parabacteroides_acidifaciens|t__SGB1943",0,0,0,0,0,0,0,0.00446,0,0,0,0,0,0,0,0,0,0,0,0,0,0,0,0,0,0,0,0,0,0,0,0,0,0,0,0,0,0,0,0,0,0
"k__Bacteria|p__Bacteroidota|c__Bacteroidia|o__Bacteroidales|f__Tannerellaceae|g__Parabacteroides|s__Parabacteroides_distasonis|t__SGB1934",0.16191,0.00741,0.00125,0.00051,0,0.01349,0.01544,0.02124,0.00272,0.18208,0.27901,0.64275,0.18576,0.00233,0.00687,1.00857,0.0843,0.00837,0,0.00156,0.06323,0.21489,0.10282,0,0.02751,0.72396,0.01571,0.68769,0.023,0.08076,0.0047,0.06995,0.03005,0.01466,3e-05,0.00113,0.00594,0.05575,0.0045,0.00179,0.00179,0.0281
"k__Bacteria|p__Bacteroidota|c__Bacteroidia|o__Bacteroidales|f__Tannerellaceae|g__Parabacteroides|s__Parabacteroides_goldsteinii|t__SGB1938",0,0,0,0,0,0,0,0,0,0,0,0,0,0,0,0.07995,0,0,0,0,0,0,0,0,0,0,0,0,0,0,0,0,0,0,0,0,0,0,0,0,0,0
"k__Bacteria|p__Bacteroidota|c__Bacteroidia|o__Bacteroidales|f__Tannerellaceae|g__Parabacteroides|s__Parabacteroides_goldsteinii|t__SGB1941",0.08281,0.03775,0,0,0,0,0,0.00771,0,0,0,0.05057,0.07973,0,0,0.00158,0.00562,0.00218,0,0,0,0.07569,0.04246,0,0.00066,0.00898,0.01852,0,0,0.02732,0.00407,0.00324,0,0,0,0,0,0,0,0,0,0
"k__Bacteria|p__Bacteroidota|c__Bacteroidia|o__Bacteroidales|f__Tannerellaceae|g__Parabacteroides|s__Parabacteroides_gordonii|t__SGB1942",0,0,0,0,0,0,0,0,0,0,0,0.01033,0.03152,0,0,0,0,0,0,0,0,0,0,0,0,0,0.00075,0,0,0,0,0,0,0,0,0,0,0,0,0,0,0
"k__Bacteria|p__Bacteroidota|c__Bacteroidia|o__Bacteroidales|f__Tannerellaceae|g__Parabacteroides|s__Parabacteroides_johnsonii|t__SGB1948",0,0,0,0,0,0,0,0,0,0.06199,0.04296,0,0,0,0,0.33828,0.06819,0,0,0.00699,0.06596,0,0,0,0,0,0,0,0,0,0,0,0,0,0,0,0,0,0,0,0,0
"k__Bacteria|p__Bacteroidota|c__Bacteroidia|o__Bacteroidales|f__Tannerellaceae|g__Parabacteroides|s__Parabacteroides_merdae|t__SGB1949",0,0,0.01631,0.00041,0,0.01487,0.08534,0.0303,0.00959,0.25014,0.0533,0.18042,0.11853,0,0,1.3398,0.05277,0.24959,0.02678,0.08366,0.01374,0.4127,0.16653,0.00225,0.12111,0.1374,0.02784,0,0,0.31703,0.00702,0.29727,0.38248,0.208,0.01747,0.00424,0.00501,0.06586,0.02206,0.00865,0.01197,0.03975
"k__Bacteria|p__Bacteroidota|c__Bacteroidia|o__Bacteroidales|f__Tannerellaceae|g__Parabacteroides|s__Parabacteroides_sp_AGMB00274|t__SGB1930",0,0,0,0,0,0,0,0,0,0,0,0.01873,0,0,0,0,0.00883,0,0,0,0,0,0,0,0,0,0,0,0,0,0,0,0,0,0,0,0,0,0,0,0,0
"k__Bacteria|p__Bacteroidota|c__Bacteroidia|o__Bacteroidales|f__Tannerellaceae|g__Parabacteroides|s__Parabacteroides_sp_TM07_1AC|t__SGB1939",0,0,0,0,0,0,0,0,0,0,0,0,0,0,0,0,0.00616,0,0,0,0.01669,0,0,0,0,0,0,0,0,0,0.00107,0.017,0,0,0,0,0,0,0,0,0,0
"k__Bacteria|p__Bacteroidota|c__CFGB11479|o__OFGB11479|f__FGB11479|g__GGB1630|s__GGB1630_SGB2238|t__SGB2238",0,0,0,0,0,0,0,0,0,0,0,0,0,0,0,0,0,0,0,0,0,0,0,0,0,0,0,0,0,0,0,2.3678,0,0,0,0,0,0,0,0,0,0
"k__Bacteria|p__Bacteroidota|c__CFGB1458|o__OFGB1458|f__FGB1458|g__GGB1458|s__GGB1458_SGB2021|t__SGB2021",0,0,0,0,0,0,0,0,0,0,0,0,0,0,0,0,0,0,0,0,0,0,0,0,0,0,0,0,0,0.14111,0,0,0,0,0,0,0,0,0,0,0,0
"k__Bacteria|p__Bacteroidota|c__CFGB1670|o__OFGB1670|f__FGB1670|g__GGB47687|s__GGB47687_SGB2286|t__SGB2286",0,0,0,0,0,0,0,0.1198,0.03213,0,0,8e-04,0.04957,0,0,0,0,0,0,0,0,0,0,0,0,0,0,0,0,0,0,0,0,0,0,0,0.00146,0.39364,0,0,0,0
"k__Bacteria|p__Bacteroidota|c__CFGB4405|o__OFGB4405|f__FGB4405|g__GGB1266|s__GGB1266_SGB1699|t__SGB1699",0,0,0,0,0,0,0,0,0,0,0,0,0,0,0,0,0,0,0,0,0,0,0,0,0,0,0,0,0,0,0,6.99125,0,0,0,0,0,0,0,0,0,0
"k__Bacteria|p__Bacteroidota|c__CFGB544|o__OFGB544|f__FGB544|g__GGB1123|s__GGB1123_SGB1437|t__SGB1437",0,0,0,0,0,0,0,0,0,0,0,0,0,0,0,0,0,0,0,0,0,0,0,0,0,0,0,0,0,0,0,0,0,0,0,0,0,0,0.00641,0.00669,0,0
"k__Bacteria|p__Bacteroidota|c__CFGB602|o__OFGB602|f__FGB602|g__GGB1420|s__GGB1420_SGB1957|t__SGB1957",0,0,0,0,0,0,0,0,0,0,0,0,0,0,0,0,0,0.00082,0,0,0,0,0,0,0,0,0,0,0,0.07209,0,0,0,0,0,0,0,0,0,0,0,0
"k__Bacteria|p__Bacteroidota|c__CFGB618|o__OFGB618|f__FGB618|g__GGB1455|s__GGB1455_SGB2018|t__SGB2018",0,0,0,0,0,0,0,0,0,0,0,0,0,0,0,0,0,0,0,0,0,0,0,0,0,0,0,0,0,0,0,0,0,0,0,0,0,0,0.0071,0,0,0
"k__Bacteria|p__Bacteroidota|c__CFGB629|o__OFGB629|f__FGB629|g__GGB1495|s__GGB1495_SGB2071|t__SGB2071",0,0,0.10863,0,0,0,0,0.12963,0.02173,0.23658,0.30678,0,0,0,0,0,0.04989,0.2663,0.02435,0,0,0,0,0,0,0,0,0,0,0.02528,0.07204,0.2796,0.23128,0.35986,0.02869,0.01069,0,0,0.1385,0.20247,0,0
"k__Bacteria|p__Bacteroidota|c__CFGB629|o__OFGB629|f__FGB629|g__GGB1496|s__GGB1496_SGB2073|t__SGB2073",0,0,0,0,0,0,0,0,0,0,0,0,0.03544,0,0,0,0,0,0,0,0,0,0,0,0,0,0,0,0,0,0,0,0,0,0,0,0,0,0,0,0,0
"k__Bacteria|p__Bacteroidota|c__CFGB658|o__OFGB658|f__FGB658|g__GGB1627|s__GGB1627_SGB2229|t__SGB2229",3.67745,5.07768,0,0,0,0,0.00102,0,0.00047,0,0,0,0,0,0,0,0,0,0,0,0,0,0,0,0,0,0,0,0,0,0,0,0,0,0,0,0,0,0,0,0,0
"k__Bacteria|p__Bacteroidota|c__CFGB658|o__OFGB658|f__FGB658|g__GGB1627|s__GGB1627_SGB2230|t__SGB2230",0,0,0,0,0,0,0,0,0,0,0,0,0,0,0,0,0,0,0,0,0,0,0,0,0,0,0,0,0,3.48813,0,0,0,0,0.02222,0,0,0,0.32227,0,0,0
"k__Bacteria|p__Bacteroidota|c__CFGB667|o__OFGB667|f__FGB667|g__GGB1661|s__GGB1661_SGB2275|t__SGB2275",0,0,0,0,0,0,0,0,0,0,0,0,0,0,0,0,0.00763,0,0,0,0,0,0,0,0,0,0,0,0,0,0,0,0,0,0,0,0,0,0,0,0,0
"k__Bacteria|p__Bacteroidota|c__CFGB668|o__OFGB668|f__FGB668|g__GGB1663|s__GGB1663_SGB2279|t__SGB2279",0,0,0,0,0,0,0,0,0,0,0,0,0,0,0,0,0.01032,0,0,0,0,0,0,0,0,0,0,0,0,0,0,0,0,0,0,0,0,0,0,0,0,0
"k__Bacteria|p__Candidatus_Melainabacteria|c__CFGB2102|o__OFGB2102|f__FGB2102|g__GGB5973|s__GGB5973_SGB8590|t__SGB8590",0,0,0,0,0,0,0,0,0,0,0,0,0,0,0,0,0,0,0,0,0,0,0,0,0,0,0,0,0,0,0,0,0,0,0,0,0,0,0.00091,0.00102,0,0
"k__Bacteria|p__Candidatus_Saccharibacteria|c__Candidatus_Nanoperiomorbia|o__Candidatus_Nanoperiomorbales|f__Candidatus_Nanoperiomorbaceae|g__Candidatus_Nanoperiomorbus|s__Candidatus_Nanoperiomorbus_periodonticus|t__SGB19800",0,0,0,0,0,0,0,0,0,0,0,0,0,0,0,0,0,0,0,0,0.00089,0,0.00025,0,0,0,0,0.0042,0,0,0,0,0,0,0,0,0,0,0,0,0,0
"k__Bacteria|p__Candidatus_Saccharibacteria|c__Candidatus_Nanosyncoccalia|o__Candidatus_Nanogingivales|f__Candidatus_Nanogingivalaceae|g__Candidatus_Nanogingivalis|s__Candidatus_Nanogingivalis_gingivitcus|t__SGB19822",0,0,0,0,0,0,0,0,0,0,0,0,0,0,0.00071,0,0,0,0,0,0,0,0,0,0,0,0,0,0,0,0,0,0,0,0,0,0,0,0,0,0,0
"k__Bacteria|p__Candidatus_Saccharibacteria|c__Candidatus_Nanosyncoccalia|o__Candidatus_Nanogingivales|f__Candidatus_Nanogingivalaceae|g__GGB12785|s__GGB12785_SGB19823|t__SGB19823",0,0,0,0,0,0,0,0,0,0.00466,0,0,0,0.00092,0.04555,0.00316,0,0,0.00102,0.00419,0.00282,0,0,0.00251,0.00016,0,0,0,0,0,0,0,0,0,0,0,0,0,0,0,0,0
"k__Bacteria|p__Candidatus_Saccharibacteria|c__Candidatus_Nanosyncoccalia|o__Candidatus_Nanogingivales|f__Candidatus_Nanogingivalaceae|g__GGB12785|s__GGB12785_SGB19824|t__SGB19824",0,0,0,0,0,0,0,0,0,0,0,0,0,0,0.00168,0,0,0,0,0,0,0,0,0,0,0,0,0,0,0,0,0,0,0,0,0,0,0,0,0,0,0
"k__Bacteria|p__Candidatus_Saccharibacteria|c__Candidatus_Nanosyncoccalia|o__Candidatus_Nanogingivales|f__Candidatus_Nanogingivalaceae|g__GGB12785|s__GGB12785_SGB19825|t__SGB19825",0,0,0,0,0,0,0,0,0,0,0.00134,0,0,0,0,0,0,0,0,0,0,0,0,0,0,0,0,0,0,0,0,0,0,0,0,0,0,0,0,0,0,0
"k__Bacteria|p__Candidatus_Saccharibacteria|c__Candidatus_Nanosyncoccalia|o__Candidatus_Nanogingivales|f__Candidatus_Nanogingivalaceae|g__GGB12785|s__GGB12785_SGB19827|t__SGB19827_group",0,0,0,0,0,0,0,0,0,0,0,0,0,0,0,0,0,0,0,0,0,0,0,0.0125,0.00152,0,0,0,0,0,0,0,0,0,0,0,0,0,0,0,0,0
"k__Bacteria|p__Candidatus_Saccharibacteria|c__Candidatus_Saccharibacteria_unclassified|o__Candidatus_Saccharibacteria_unclassified|f__Candidatus_Saccharibacteria_unclassified|g__Candidatus_Saccharibacteria_unclassified|s__Candidatus_Saccharibacteria_bacterium_oral_taxon_488|t__SGB19903",0,0,0,0,0,0,0,0,0,0,0,0,0,0,0,0,0,0,0,0,0,0,0.00124,0,0,0,0,0,0,0,0,0,0,0,0,0,0,0,0,0,0,0
"k__Bacteria|p__Candidatus_Saccharibacteria|c__Candidatus_Saccharibacteria_unclassified|o__Candidatus_Saccharibacteria_unclassified|f__Candidatus_Saccharibacteria_unclassified|g__Candidatus_Saccharibacteria_unclassified|s__Candidatus_Saccharibacteria_unclassified_SGB19846|t__SGB19846_group",0,0,0,0,0,0.00538,0.00406,0,0,0,0,0,0,0,0,0,0,0,0,0,0,0,0.00018,0.01011,0,0,0,0.00042,0,0,0,0,0,0,0,0,0,0,0,0.00079,0,0
"k__Bacteria|p__Candidatus_Saccharibacteria|c__Candidatus_Saccharibacteria_unclassified|o__Candidatus_Saccharibacteria_unclassified|f__Candidatus_Saccharibacteria_unclassified|g__Candidatus_Saccharibacteria_unclassified|s__Candidatus_Saccharibacteria_unclassified_SGB19847|t__SGB19847",0,0,0,0,0,0,0,0,0,0,0,0,0,0,0,0,0,0,0,0,0.00237,0,0,0,0,0,0,0,0,0,0,0,0,0,0,0,0,0,0,0,0,0
"k__Bacteria|p__Candidatus_Saccharibacteria|c__Candidatus_Saccharibacteria_unclassified|o__Candidatus_Saccharibacteria_unclassified|f__Candidatus_Saccharibacteria_unclassified|g__Candidatus_Saccharibacteria_unclassified|s__Candidatus_Saccharibacteria_unclassified_SGB19905|t__SGB19905",0,0,0,0,0,0,0,0,0,0,0,0,0,0,0,0,0,0,0,0,0,0,0,0,0,0,0,0,0,0,0,0,0,0,0,0.00047,0,0,0,0,0,0
"k__Bacteria|p__Candidatus_Saccharibacteria|c__Candidatus_Saccharibacteria_unclassified|o__Candidatus_Saccharibacteria_unclassified|f__Candidatus_Saccharibacteria_unclassified|g__Candidatus_Saccharibacteria_unclassified|s__TM7_phylum_sp_oral_taxon_348|t__SGB19880",0,0,0.00245,0.00022,0,0.00539,0.00642,0,0,0,0,0,0,0.00717,0.02869,0,0,0,0,0.00721,0.01512,0,0,0.04067,0.00332,0,0,0.00403,0,0,0,0,0,0,0,0,0,0,0.00055,0.00792,0,0
"k__Bacteria|p__Candidatus_Saccharibacteria|c__Candidatus_Saccharibacteria_unclassified|o__Candidatus_Saccharibacteria_unclassified|f__Candidatus_Saccharibacteria_unclassified|g__Candidatus_Saccharibacteria_unclassified|s__TM7_phylum_sp_oral_taxon_349|t__SGB19844",0,0,0,0,0,0,0,0,0,0,0,0,0,0,0,0,0,0,0,0,0,0,0,0.00387,0,0,0,0,0,0,0,0,0,0,0,0,0,0,0,0,0,0
"k__Bacteria|p__Candidatus_Saccharibacteria|c__Candidatus_Saccharibacteria_unclassified|o__Candidatus_Saccharibacteria_unclassified|f__Candidatus_Saccharibacteria_unclassified|g__Candidatus_Saccharibacteria_unclassified|s__TM7_phylum_sp_oral_taxon_350|t__SGB19820",0,0,0,0,0,0,0,0,0,0,0,0,0,0,0,0,0,0,0,0,0,0,0,0.00245,0,0,0,0,0,0,0,0,0,0,0,0,0,0,0,0,0,0
"k__Bacteria|p__Candidatus_Saccharibacteria|c__Candidatus_Saccharibacteria_unclassified|o__Candidatus_Saccharibacteria_unclassified|f__Candidatus_Saccharibacteria_unclassified|g__Candidatus_Saccharibacteria_unclassified|s__TM7_phylum_sp_oral_taxon_351|t__SGB19790",0,0,0,0,0,0,0,0,0,0,0,0,0,0,0.00155,0,0,0,0,0,0,0,0,0.00279,0,0,0,0,0,0,0,0,0,0,0,0,0,0,0,0,0,0
"k__Bacteria|p__Candidatus_Saccharibacteria|c__Candidatus_Saccharibacteria_unclassified|o__Candidatus_Saccharibacteria_unclassified|f__Candidatus_Saccharibacteria_unclassified|g__Candidatus_Saccharibacteria_unclassified|s__TM7_phylum_sp_oral_taxon_352|t__SGB19860_group",0,0,0.05789,0.05201,0.01681,0,0.00395,0.00209,0.00166,0.00331,0.00117,0,0.00204,0.01629,0.20387,0,0.00035,0.00091,0.02068,0.00404,0.01872,0.00238,0.0099,0.12812,0.00799,0,0.00121,0,0,0,0.03675,0.01372,0,0.00285,0.04581,0.00508,0.00469,0.00261,0.00145,0.00389,0,0
"k__Bacteria|p__Candidatus_Saccharibacteria|c__Candidatus_Saccharibacteria_unclassified|o__Candidatus_Saccharibacteria_unclassified|f__Candidatus_Saccharibacteria_unclassified|g__GGB12798|s__GGB12798_SGB135773|t__SGB135773",0,0,0,0,0,0,0,0,0,0,0,0,0,0,0,0,0,0,0,0,0.00614,0,0,0,0,0,0.0025,0,0,0,0,0,0,0,0,0,0,0,0,0.00067,0,0
"k__Bacteria|p__Candidatus_Saccharibacteria|c__Candidatus_Saccharimonadia|o__Candidatus_Nanosynbacterales|f__Candidatus_Nanosynbacteraceae|g__Candidatus_Nanosynbacter|s__Candidatus_Nanosynbacter_lyticus|t__SGB19849",0,0,0,0,0,0,0,0,0,0,0,0,0,0,0,0,0,0,0,0,0,0,0,0,0,0,0,0.00058,0,0,0,0,0,0,0,0,0,0,0,0,0,0
"k__Bacteria|p__Candidatus_Saccharibacteria|c__Candidatus_Saccharimonadia|o__Candidatus_Nanosynbacterales|f__Candidatus_Nanosynbacteraceae|g__Candidatus_Nanosynbacter|s__Candidatus_Nanosynbacter_SGB19887|t__SGB19887",0,0,0,0,0,0,0,0,0,0,0,0,0,0,0,0,0,0,0,0,0,0,0,0.00425,0,0,0,0,0,0,0,0,0,0,0,0,0,0,0,0,0,0
"k__Bacteria|p__Candidatus_Saccharibacteria|c__Candidatus_Saccharimonadia|o__Candidatus_Nanosynbacterales|f__Candidatus_Nanosynbacteraceae|g__Candidatus_Nanosynbacter|s__Candidatus_Nanosynbacter_sp_HMT_352|t__SGB19850",0,0,0,0,0,0,0,0,0,0,0,0,0,0,0.00126,0,0,0,0,0,0.00085,0,0,0,0,0,0,0,0,0,0,0,0,0,0,0.01442,0,0,0,0,0,0
"k__Bacteria|p__Candidatus_Saccharibacteria|c__Candidatus_Saccharimonadia|o__Candidatus_Saccharimonadales|f__Candidatus_Saccharimonadaceae|g__Candidatus_Nanosynsacchari|s__Candidatus_Nanosynsacchari_sp_TM7_ANC_38_39_G1_1|t__SGB19882",0,0,0.0033,0,0,0.00711,0.01081,0,0,0,0,0,0.00176,0,0.01141,0.00285,9e-05,0,0,0,0.00153,0,0.00034,0.01454,0,0,0,0.01998,0,0,0.00526,0.00141,0,0,0.00147,0,0,0,0,0,0,3e-04
"k__Bacteria|p__Firmicutes|c__Bacilli|o__Bacillales|f__Bacillaceae|g__Bacillus|s__Bacillus_licheniformis|t__SGB7780",0,0,0,0,0,0,0,0,0,0,0,0,0,0,0,0,0,0,0,0,0,0,0,0,0,0,0,0,0,0,0,0.00023,0,0,0,0,0,0,0,0,0,0
"k__Bacteria|p__Firmicutes|c__Bacilli|o__Bacillales|f__Bacillaceae|g__Bacillus|s__Bacillus_sonorensis|t__SGB7777",0,0,0.01192,0,0,0,0,0,0,0,0,0,0,0,0,0,0,0,0.00163,0,0,0,0,0,0,0,0,0,0,0,0,0,0,0,0,0,0,0,0,0,0,0
"k__Bacteria|p__Firmicutes|c__Bacilli|o__Bacillales|f__Bacillaceae|g__Bacillus|s__Bacillus_sp_FJAT_27916|t__SGB7807",0,0,0,0,0,0,0,0,0,0,0,0,0,0,0,0,0,0,0,0,0,0,0,0,0,0,0,0,0,0,0,0,0,0,0,0,0,0.00033,0,0,0,0
"k__Bacteria|p__Firmicutes|c__Bacilli|o__Bacillales|f__Bacillaceae|g__Bacillus|s__Bacillus_subtilis|t__SGB7788",0,0,0,0,0,0,0,0,0.00063,0,0,0,0,0,0,0,0,0,0,0,0,0,0,0.00246,0,0,0,0,0,0,0,0,0,0,0,0,0,0,0,0,0,2e-04
"k__Bacteria|p__Firmicutes|c__Bacilli|o__Bacillales|f__Bacillaceae|g__Bacillus|s__Bacillus_velezensis|t__SGB7785",0,0,0.01465,0,0,0,0,0,0,0,0,0,0,0,0,0,0,0,0,0,0,0,0,0,0,0,0,0,0,0,0,0,0,0,0,0,0,0,0.00573,0.02902,0.00839,0
"k__Bacteria|p__Firmicutes|c__Bacilli|o__Bacillales|f__Bacillaceae|g__Calditerricola|s__Calditerricola_satsumensis|t__SGB33606",0,0,0,0,0,0,0,0,0,0,0,0,0,0,0,0,0.00041,0,0,0,0,0,0,0,0,0,0,0,0,0,0,0,0,0,0,0,0,0,0,0,0,0
"k__Bacteria|p__Firmicutes|c__Bacilli|o__Bacillales|f__Bacillales_unclassified|g__Gemella|s__Gemella_haemolysans|t__SGB7285_group",0,0,0,0,0,0,0,0,0,0,0,0,0,0,0,0,0,0,0,0,0,0,0,0,0,0,0,0,0,0,0,0,0,0.00036,0,0,0,0,0,0,0,0
"k__Bacteria|p__Firmicutes|c__Bacilli|o__Bacillales|f__Bacillales_unclassified|g__Gemella|s__Gemella_haemolysans|t__SGB7292",0,0,0,0,0,0,0.00289,0,0,0,0.0034,0,0,0,0,0,0,0,0,0,0,0,0,0,0,0,0,0,0,0,0,0,0,0,0,0,0,0,0,0,0,0
"k__Bacteria|p__Firmicutes|c__Bacilli|o__Bacillales|f__Bacillales_unclassified|g__Gemella|s__Gemella_morbillorum|t__SGB7295",0.00243,0.00673,0.1178,0.0603,0,0,0,0.01237,0.00082,0,0,1.04203,0.03378,0,0.01414,0,0,0.06523,0,0.18481,0,0.0504,0.00011,0.04543,0.00605,0,0,0,6.9313,0.05649,0.32537,0.00039,0.00184,0.01467,0.37473,0.02557,0,0,0.05986,0.07082,0.00189,0.15909
"k__Bacteria|p__Firmicutes|c__Bacilli|o__Bacillales|f__Bacillales_unclassified|g__Gemella|s__Gemella_sanguinis|t__SGB7298_group",0.00633,0.00405,0,0.04782,0.00273,0.0023,0.004,9e-05,0,0.00057,0.0708,0,0.00514,0.01033,0.03338,0,0,0,0.00268,0.00245,0.00133,0.00552,0.00161,0.0041,0,0,0,0,0,0.00179,0,0,0.00651,0.0091,0.00236,0.04641,0,0,0,0,0.00146,0
"k__Bacteria|p__Firmicutes|c__Bacilli|o__Bacillales|f__Bacillales_unclassified|g__Gemella|s__Gemella_SGB7284|t__SGB7284",0,0,0,0,0,0,0,0,0,0,0,0,0,0,0.00437,0,0,0,0,0,0,0,0,0,0,0,0,0,0,0,0,0,0,0,0,0,0,0,0,0,0,0
"k__Bacteria|p__Firmicutes|c__Bacilli|o__Bacillales|f__Paenibacillaceae|g__Brevibacillus|s__Brevibacillus_borstelensis|t__SGB7321",0,0,0,0,0,0,0,0,0,0,0,0,4e-05,0,0,0,0,0,0,0,0,0,0,0,0,0,0,0,0,0,0,0,0,0,0,0,0,0,0,0,0,0
"k__Bacteria|p__Firmicutes|c__Bacilli|o__Bacillales|f__Staphylococcaceae|g__Macrococcus|s__Macrococcus_caseolyticus|t__SGB7869",0,0,0,0,0,0,0,0,0,0,0,0,0,0,0,0,0,0,0,0,0,0,0,0,0,0,0,0,0,0,0,0,0,0.00156,0,0,0,0,0,0,0,0
"k__Bacteria|p__Firmicutes|c__Bacilli|o__Bacillales|f__Staphylococcaceae|g__Staphylococcus|s__Staphylococcus_aureus|t__SGB7852",0,0,0,0,0,0,0,0,0,0,0,0,0,0,0,0,0,0,0,0,0,0,0,0,0,0,0,0,0,0,0,0,0,0,0,0,0.03377,0,0,0,0,0
"k__Bacteria|p__Firmicutes|c__Bacilli|o__Bacillales|f__Staphylococcaceae|g__Staphylococcus|s__Staphylococcus_gallinarum|t__SGB7835",0,0,0,0,0,0,0,0,0,0,0,0,0,0,0,0,0,0,0,0,0,0,0,0,0,0,0,0,0,0,0,0,0,0,0,0,0,0,0,0,0,0.00296
"k__Bacteria|p__Firmicutes|c__Bacilli|o__Bacillales|f__Staphylococcaceae|g__Staphylococcus|s__Staphylococcus_haemolyticus|t__SGB7861",0,0,0,0,0,0,0,0,0,0,0,0,0,0,0,0.00054,0,0,0,0,0,0,0,0,0,0,0,0,0,0,0,0,0,0,0,0,0,0,0,0,0,0
"k__Bacteria|p__Firmicutes|c__Bacilli|o__Bacillales|f__Staphylococcaceae|g__Staphylococcus|s__Staphylococcus_warneri|t__SGB7857",0,0,0,0,0,0,0,0,0.00781,0,0,0,0,0,0,0,0,0,0,0,0,0,0,0,0,0,0,0,0,0,0,0,0,0,0,0,0,0,0,0,0,0
"k__Bacteria|p__Firmicutes|c__Bacilli|o__Lactobacillales|f__Aerococcaceae|g__Abiotrophia|s__Abiotrophia_defectiva|t__SGB8235_group",0,0,0,0,0,0,0,0,0,0,0,0,0,0,0,0,0,0,0,0,0,0,0,0.00047,0,0,0,0,0,0,0,0,0,0,0,0,0,0,0,0,0,0
"k__Bacteria|p__Firmicutes|c__Bacilli|o__Lactobacillales|f__Aerococcaceae|g__Abiotrophia|s__Abiotrophia_sp_HMSC24B09|t__SGB8236",0,0,0.00915,0,0,0,0,0,0,0,0,0,0,0,0.00028,0,0,0,0,0,0,0,0,0.00264,0,0,0,0,0,0,0,0,0,0,0,0,0,0,0,0,0,0
"k__Bacteria|p__Firmicutes|c__Bacilli|o__Lactobacillales|f__Carnobacteriaceae|g__Carnobacterium|s__Carnobacterium_divergens|t__SGB7903",0,0,0,0,0,0,0,0,0,0,0,0,0,0,0,0,0,0,0,0,0,0,0,0,0,0,0,0,0,0,0,0,0,0,0.00153,0,0,0,0,0,0,0
"k__Bacteria|p__Firmicutes|c__Bacilli|o__Lactobacillales|f__Carnobacteriaceae|g__Granulicatella|s__Granulicatella_adiacens|t__SGB8249",0,0,0.01213,0.00461,0,0.00118,0.00048,0.04703,0,0.00207,0.0014,0,0,0.00574,0.04526,0,0.00953,0,0.00062,0.00327,0,0,0,0.02448,0.0023,0,0,0,0.01838,0,0.00338,0,0,0,0.00269,0,0,0,0,0,0.0019,0
"k__Bacteria|p__Firmicutes|c__Bacilli|o__Lactobacillales|f__Carnobacteriaceae|g__Granulicatella|s__Granulicatella_SGB8255|t__SGB8255_group",0,0.00304,0.03084,0.03479,0.00432,0.00316,0.01212,0.0044,0.00408,0.03984,0.04899,0,8e-04,0.00871,0.06515,0,0.00264,0,0.00424,0.0064,0.00182,0.00112,0.00104,0.03289,0.00491,0,0.00225,5e-04,0,0.00115,7e-05,0.00055,0.00349,0.00797,0.0099,0.05722,0,0,0,0.00589,0.01068,0
"k__Bacteria|p__Firmicutes|c__Bacilli|o__Lactobacillales|f__Enterococcaceae|g__Enterococcus|s__Enterococcus_avium|t__SGB7931",0,0,0,0.15488,0.00048,0,0,0,0,0,0,0,0,0,0,0,0,0,0,0,0,0,0,0.00243,0.08534,0,0.00342,0,0,0,0,0,0.03445,0.03451,0,0,0,0.15886,0,0,0,0.10403
"k__Bacteria|p__Firmicutes|c__Bacilli|o__Lactobacillales|f__Enterococcaceae|g__Enterococcus|s__Enterococcus_casseliflavus|t__SGB7952",0,0,0,0,0,0,0.00316,0,0,0,0,0,0,0,0,0,0,0,0,0,0,0,0,0,0,0,0,0,0,0,0.00033,0,0,0.03095,0,0,0,0.1129,0,0,0,0
"k__Bacteria|p__Firmicutes|c__Bacilli|o__Lactobacillales|f__Enterococcaceae|g__Enterococcus|s__Enterococcus_devriesei|t__SGB7928",0,0,0,0,0,0,0,0,0,0,0,0,0,0,0,0,0,0,0,0,0,0,0,0,0,0,0,0,0,0,0,0,0,0.00677,0,0,0,0,0,0,0,0
"k__Bacteria|p__Firmicutes|c__Bacilli|o__Lactobacillales|f__Enterococcaceae|g__Enterococcus|s__Enterococcus_durans|t__SGB7966",0,0,0,0,0,0,0,0,0,0,0,0,0,0,0,0,0,0,0,0,0,0,0,0,0,0,0,0,0,0,0,0,0,0.00833,0,0,0,0,0,0,0,0.01466
"k__Bacteria|p__Firmicutes|c__Bacilli|o__Lactobacillales|f__Enterococcaceae|g__Enterococcus|s__Enterococcus_faecalis|t__SGB7962",0,0,0,0.50501,0,0.118,0.03232,0,0,0.01035,0,0.62119,0,0,0,0,0,0,0,0,0,0.09886,0.13596,0,0,0,0,0,0,1.847,0,0,0,0,0.00013,0.04882,0,0,0,0,0,0
"k__Bacteria|p__Firmicutes|c__Bacilli|o__Lactobacillales|f__Enterococcaceae|g__Enterococcus|s__Enterococcus_faecium|t__SGB7967",0,0,0,0,0,0,0,0,0,0,0.00899,0,0,10.93377,0,0,0,0,0,0,0,0,0,0,0,0,0,0,0,0,0,0,0,0,0.00952,0.4385,0,0,0,0,0,0.03292
"k__Bacteria|p__Firmicutes|c__Bacilli|o__Lactobacillales|f__Enterococcaceae|g__Enterococcus|s__Enterococcus_faecium|t__SGB7968",0,0,0,1.18553,0,0,0,0.00108,0,0.01512,0,0,0,0,0,0,0,0,0,0,0.42307,0.00224,0,0.00391,0,0,0.0542,0,0,0.00289,0,0,0,0.09947,0.01067,0.22139,0,0,0,0,1.55279,0.00857
"k__Bacteria|p__Firmicutes|c__Bacilli|o__Lactobacillales|f__Enterococcaceae|g__Enterococcus|s__Enterococcus_gallinarum|t__SGB7951",0,0,0,0,0,0,0,0,0,0,0,0,0,0,0,0,0,0,0,0,0,0,0,0,0,0,0,0,0,0,0,0,0,0.00174,0,0,0,0,0,0,0,0
"k__Bacteria|p__Firmicutes|c__Bacilli|o__Lactobacillales|f__Enterococcaceae|g__Enterococcus|s__Enterococcus_hirae|t__SGB7970",0,0,0,0,0,0,0,0,0,0,0,0,0,0,0,0,0,0,0,0,0,0,0,0,0,0,0.0224,0,0,0.00163,0,0,0,0,0,0,0,0,0,0,0,0
"k__Bacteria|p__Firmicutes|c__Bacilli|o__Lactobacillales|f__Enterococcaceae|g__Enterococcus|s__Enterococcus_italicus|t__SGB7973",0,0,0,0,0,0,0,0,0,0,0,0,0,0,0,0,0,0,0,0,0,0,0,0,0,0,0,0,0,0,0,0,0,0.00074,0,0,0,0,0,0,0,0
"k__Bacteria|p__Firmicutes|c__Bacilli|o__Lactobacillales|f__Enterococcaceae|g__Enterococcus|s__Enterococcus_malodoratus|t__SGB7932",0,0,0,0,0,0,0,0,0,0,0,0,0,0,0,0,0,0,0,0,0,0,0,0,0,0,0,0,0,0,0,0,0,0.00399,0,0,0,0,0,0,0,0
"k__Bacteria|p__Firmicutes|c__Bacilli|o__Lactobacillales|f__Enterococcaceae|g__Enterococcus|s__Enterococcus_mundtii|t__SGB7963",0,0,0,0,0,0,0,0,0,0,0,0,0,0,0,0,0,0,0,0,0,0,0,0,0,0,0,0.00043,0,0,0,0,0,0,0,0,0,0,0,0,0,0
"k__Bacteria|p__Firmicutes|c__Bacilli|o__Lactobacillales|f__Enterococcaceae|g__Enterococcus|s__Enterococcus_thailandicus|t__SGB7965",0,0,0,0,0,0,0,0,0,0,0,0,0,0,0,0,0,0,0,0,0,0,0.00097,0,0,0,0,0,0,0,0,0,0,0,0,0,0,0,0,0,0,0
"k__Bacteria|p__Firmicutes|c__Bacilli|o__Lactobacillales|f__Enterococcaceae|g__Vagococcus|s__Vagococcus_fessus|t__SGB29903",0,0,0,0,0,0,0,0,0,0,0,0,0,0,0,0,0,0,0,0,0,0,0,0,0,0,0,0,0,0,0,0,0,0,0.00026,0,0,0,0,0,0,0
"k__Bacteria|p__Firmicutes|c__Bacilli|o__Lactobacillales|f__Enterococcaceae|g__Vagococcus|s__Vagococcus_fluvialis|t__SGB7918",0,0,0,0,0,0,0,0,0,0,0,0,0,0,0,0,0,0,0,0,0,0,0,0,0,0,0,0,0,0,0,0,0,0.00349,0,0,0,0,0,0,0,0
"k__Bacteria|p__Firmicutes|c__Bacilli|o__Lactobacillales|f__Lactobacillaceae|g__Fructilactobacillus|s__Fructilactobacillus_fructivorans|t__SGB7161",0,0,0,0,0,0,0,0,0,0,0,0,0,0,0,0,0,0,0,0,0,0,0,0,0,0,0,0,0,0,0,0,0,0,0,0,0,0,0,0.00648,0,0
"k__Bacteria|p__Firmicutes|c__Bacilli|o__Lactobacillales|f__Lactobacillaceae|g__Lacticaseibacillus|s__Lacticaseibacillus_paracasei|t__SGB7142",0.004,0,0,0,0,0,0,0,0,0,0,0,0,0,0,0,0,0,0.9767,0.00144,0,0,0,0.00081,0,0,0,0,0,0,0,0,0,0,0,0.00898,0,0,0,0,0,0.00477
"k__Bacteria|p__Firmicutes|c__Bacilli|o__Lactobacillales|f__Lactobacillaceae|g__Lacticaseibacillus|s__Lacticaseibacillus_rhamnosus|t__SGB7144",0,0,0,0.10712,0,0,0,0,0,0,0,0,0.00245,0,0,0,0,0,0,0.02509,0,0.03406,0,0,0,0,0,0,0,0,0,0,0,0,0,0.01213,0,0,0,0,0,0.00562
"k__Bacteria|p__Firmicutes|c__Bacilli|o__Lactobacillales|f__Lactobacillaceae|g__Lacticaseibacillus|s__Lacticaseibacillus_saniviri|t__SGB7147",0,0,0,0,0,0,0,0,0,0,0,0,0,0,0,0,0,0,0,0,0,0,0,0,0,0,0,0,0,0.00065,0,0,0,0,0,0,0,0,0,0,0,0
"k__Bacteria|p__Firmicutes|c__Bacilli|o__Lactobacillales|f__Lactobacillaceae|g__Lacticaseibacillus|s__Lacticaseibacillus_zeae|t__SGB101870",0,0,0,0.01335,0,0,0,0,0,0,0,0,0,0,0,0,0,0,0,0,0,0,0,0,0,0,0,0,0,0,0,0,0,0,0,0,0,0,0,0,0,0
"k__Bacteria|p__Firmicutes|c__Bacilli|o__Lactobacillales|f__Lactobacillaceae|g__Lactiplantibacillus|s__Lactiplantibacillus_herbarum|t__SGB29630",0,0,0,0,0,0,0,0,0,0,0,0,0,0,0,0,0,0,0,0,0,0,0,0,0,0,0,0,0,0,0,0.00204,0,0,0,0,0,0,0,0,0,0
"k__Bacteria|p__Firmicutes|c__Bacilli|o__Lactobacillales|f__Lactobacillaceae|g__Lactiplantibacillus|s__Lactiplantibacillus_plantarum|t__SGB7202",0,0,0,0.0092,0.08779,0,0,0.00214,0,0,0,0,0,0,0,0,0,0,0,0,0,0,0.64937,0,0,0,0,0,0,0.02465,0.00803,0.0038,0,0,0,0.03658,0,0,0,0,0,0.01199
"k__Bacteria|p__Firmicutes|c__Bacilli|o__Lactobacillales|f__Lactobacillaceae|g__Lactobacillus|s__Lactobacillus_amylovorus|t__SGB7050",0,0,0,0,0,0,0,0,0,0,0,0,0,0,0,0.02943,0,0,0,0,0,0,0,0,0,0,0,0,0,0,0,0,0,0,0,0,0,0,0,0,0,0
"k__Bacteria|p__Firmicutes|c__Bacilli|o__Lactobacillales|f__Lactobacillaceae|g__Lactobacillus|s__Lactobacillus_crispatus|t__SGB7045",0,0,0.03647,0,0,0,0,0,0,0,0,0,0,0,0,0.02874,0,0,0,0,0,0,0,0,0,0,0,0,0,0.01842,0,0,0.01279,0.0027,0,0,0,0,0,0,0,0.173
"k__Bacteria|p__Firmicutes|c__Bacilli|o__Lactobacillales|f__Lactobacillaceae|g__Lactobacillus|s__Lactobacillus_delbrueckii|t__SGB7020",0.00076,9e-05,0,0,0,0,0,0,0,0.06928,0.24154,0,0,0,0,0,0,0,0,0.05991,0,0,0,2.04563,0,0,0,0,0,0,0,0,0,0,0,0,0,0,0,0,0,0
"k__Bacteria|p__Firmicutes|c__Bacilli|o__Lactobacillales|f__Lactobacillaceae|g__Lactobacillus|s__Lactobacillus_gasseri|t__SGB7038",0,0,0.00394,0,0,0,0,0,0,0,0,0,0,0,0,0,0,0,0,0,0,0,0.00298,0,0,0,0,0,0,0,0.47412,0.0094,0.0069,0,0,0,0,0,0,0,0,0.03071
"k__Bacteria|p__Firmicutes|c__Bacilli|o__Lactobacillales|f__Lactobacillaceae|g__Lactobacillus|s__Lactobacillus_gasseri|t__SGB7039",0,0,0,0,0,0,0,0,0,0,0,0,0,0,0,0,0,0,0,0,0,0,0,0,0,0,0,0,0,0,0.05334,0.00063,0,0,0,0,0,0,0,0,0,0
"k__Bacteria|p__Firmicutes|c__Bacilli|o__Lactobacillales|f__Lactobacillaceae|g__Lactobacillus|s__Lactobacillus_iners|t__SGB7025",0,0,0,0,0,0,0,0,0,0,0,0,0,0,0,0,0,0,0,0,0,0,0,0,0,0,0,0,0,0,0,0,0,0.00336,0,0,0,0,0,0,0,0
"k__Bacteria|p__Firmicutes|c__Bacilli|o__Lactobacillales|f__Lactobacillaceae|g__Lactobacillus|s__Lactobacillus_johnsonii|t__SGB7041",0,0,0,0,0,0,0,0,0,0,0,0,0,0,0,0.64562,0,0,0,0,0,0,0,0,0,0,0,0,0,0,0,0,0,0,0,0,0,0,0,0,0,0
"k__Bacteria|p__Firmicutes|c__Bacilli|o__Lactobacillales|f__Lactobacillaceae|g__Latilactobacillus|s__Latilactobacillus_curvatus|t__SGB7249",0,0.00129,0,0.00256,0.00285,0,0,0,0,0,0,0,0.00143,0,0,0,0,0,0,0,0,0.00287,0,0,0.00594,0,0,0,0,0.01231,0.00754,0.0021,0,0,0,0.08321,0,0,0,0,0,0.01208
"k__Bacteria|p__Firmicutes|c__Bacilli|o__Lactobacillales|f__Lactobacillaceae|g__Latilactobacillus|s__Latilactobacillus_sakei|t__SGB25032",0,0,0,0.00218,0,0,0,0,0,0,0,0.28414,0,0,0,0,0,0,0,0,0,0,0,0,0,0,0,0,0,0,0,0,0,0,0,0,0,0,0,0,0,0
"k__Bacteria|p__Firmicutes|c__Bacilli|o__Lactobacillales|f__Lactobacillaceae|g__Latilactobacillus|s__Latilactobacillus_sakei|t__SGB7248",0,0,0,0.13802,0.0109,0,0,0.03406,0.00185,0,0,0.32835,0.00644,0.09457,0.02093,3e-04,0.01947,0,0,0.00079,0,0.00959,0.01425,0,0.02612,0.00603,0.01025,0.0042,0,0.01467,0.06525,0.00634,0.07431,0.07516,0,1.34261,0,0.00075,0,0,0.00402,0.94788
"k__Bacteria|p__Firmicutes|c__Bacilli|o__Lactobacillales|f__Lactobacillaceae|g__Leuconostoc|s__Leuconostoc_carnosum|t__SGB7129",0,0,0,0.00139,0,0,0,0,0,0,0,0,0,0,0,0,0,0,0,0,0,0,0,0,0,0,0,0,0,0,0,0,0,0,0,0.01126,0,0,0,0,0,0.00045
"k__Bacteria|p__Firmicutes|c__Bacilli|o__Lactobacillales|f__Lactobacillaceae|g__Leuconostoc|s__Leuconostoc_citreum|t__SGB7122",0,0,0,0.00314,0,0,0,0.00155,0,0,0,0,0.00328,0,0,0,0,0,0,0.34307,0,0,0.00043,0.01176,0.07174,0.01238,0.10437,0,0,0.00146,0.0124,0.02638,0,0,0.0659,0.00171,0.01508,0.00394,2e-04,0,0.00154,0.14667
"k__Bacteria|p__Firmicutes|c__Bacilli|o__Lactobacillales|f__Lactobacillaceae|g__Leuconostoc|s__Leuconostoc_gelidum|t__SGB7127",0,0,0.00056,0,0,0.01052,0,0,0,0,0,0,0,0.00911,0.0051,0,0,0,0,0,0,0.00325,0,0,0,0,0,0,0,0.012,0,0.14421,0,0,0,0.05363,0,0,0.00096,0.00463,0,0
"k__Bacteria|p__Firmicutes|c__Bacilli|o__Lactobacillales|f__Lactobacillaceae|g__Leuconostoc|s__Leuconostoc_gelidum|t__SGB96977",0,0,0,0.00065,0.00313,0,0,0,0,0,0,0,0,0,0,0,0,0.01694,0,0,0,0.00903,0.01502,0,0,0.00252,0.00221,0,0,0,0,0.0241,0.0221,0,0,0.1021,0,0,0,0,0,0.01583
"k__Bacteria|p__Firmicutes|c__Bacilli|o__Lactobacillales|f__Lactobacillaceae|g__Leuconostoc|s__Leuconostoc_holzapfelii|t__SGB80438",0,0,0,0,0,0,0,0,0,0,0,0,0,0,0,0,0,0,0,0,0,0,0,0.00174,0,0,0,0,0,0.00107,0,0,0,0.00033,0,0,0,0,0,0,0,2e-05
"k__Bacteria|p__Firmicutes|c__Bacilli|o__Lactobacillales|f__Lactobacillaceae|g__Leuconostoc|s__Leuconostoc_kimchii|t__SGB7128",0,0,0,0,0,0,0,0,0,0,0,0,0,0,0,0,0,0,0,0,0,0,0,0,0,0,0,0,0,0,0,0,0,0,0,0.00021,0,0,0,0,0,0
"k__Bacteria|p__Firmicutes|c__Bacilli|o__Lactobacillales|f__Lactobacillaceae|g__Leuconostoc|s__Leuconostoc_lactis|t__SGB7121_group",0,0,0.01031,0,0,0.31271,0,0,0,0.1747,0.00041,0,0,0,0,0,0,0,0,0.00261,0,0,0.29366,0,0.13193,0,0.02016,0.0181,0,0.00084,0,0,0,0.00305,0,0.00922,0,0,0,0,0.00308,0.17233
"k__Bacteria|p__Firmicutes|c__Bacilli|o__Lactobacillales|f__Lactobacillaceae|g__Leuconostoc|s__Leuconostoc_mesenteroides|t__SGB7126",0.03415,0.11889,0,0.0085,0.00087,0,0,0.01044,0,0,0,0,0,0.00372,0,0,0,0.00296,0,0.03072,0,0,0,0,0,0,0.11426,0,0,0.00055,0,0.00324,0,0,0.00204,0.29334,0.02084,0.00085,0,0,0.03872,0.04772
"k__Bacteria|p__Firmicutes|c__Bacilli|o__Lactobacillales|f__Lactobacillaceae|g__Leuconostoc|s__Leuconostoc_pseudomesenteroides|t__SGB69408",0,0,0,0,0,0,0,0,0,0,0,0,0,0,0,0,0,0,0,0,0,0,0,0.00028,0.00024,0,0,0,0,0,0,0,0,0,0,0,0,0,0,0,0,0.00023
"k__Bacteria|p__Firmicutes|c__Bacilli|o__Lactobacillales|f__Lactobacillaceae|g__Leuconostoc|s__Leuconostoc_pseudomesenteroides|t__SGB7124",0,0,0,0,0,0,0,0,0,0,0,0,0,0,0,0,0,0,0,0,0,0,0,0.00037,0,0,0,0,0,0,0,0,0,0,0,0,0,0,0,0,0,0
"k__Bacteria|p__Firmicutes|c__Bacilli|o__Lactobacillales|f__Lactobacillaceae|g__Leuconostoc|s__Leuconostoc_suionicum|t__SGB7125",0,0,0,0,0,0,0,0,0,0.00124,0,0,0,0,0,0,0,0,0,0,0,0,0,0,0,0,0,0,0,0.00395,0,0.03988,0,0,0,0.00215,0,0,0,0,0,0
"k__Bacteria|p__Firmicutes|c__Bacilli|o__Lactobacillales|f__Lactobacillaceae|g__Levilactobacillus|s__Levilactobacillus_brevis|t__SGB7196",0,0,0,0,0,0,0,0,0,0,0,0,0,0,0,0,0,0,5e-04,0,0,0,0,0,0,0,0,0,0,0.0018,0,0,0,0,0,0,0,0,0,0,0,0
"k__Bacteria|p__Firmicutes|c__Bacilli|o__Lactobacillales|f__Lactobacillaceae|g__Levilactobacillus|s__Levilactobacillus_parabrevis|t__SGB7193",0,0,0,0,0,0,0,0.00019,0,0,0,0,0,0,0,0,0,0,0,0,0,0,0,0,0,0,0,0,0,0,0,0,0,0,0,0,0,0,0,0,0,0
"k__Bacteria|p__Firmicutes|c__Bacilli|o__Lactobacillales|f__Lactobacillaceae|g__Ligilactobacillus|s__Ligilactobacillus_ruminis|t__SGB7061",0,0,4.97932,0,0,0,0,0,0,0,0,0,0,0,0,0,0,0.78273,0.16537,0,0,13.33583,25.59745,0,0,0,0,0,0,0,0.09067,0.00921,0,0,0,0,0,0,0,0,0,0
"k__Bacteria|p__Firmicutes|c__Bacilli|o__Lactobacillales|f__Lactobacillaceae|g__Ligilactobacillus|s__Ligilactobacillus_salivarius|t__SGB7082",0,0,0.08436,0,0,0,0,0,0,0,0,0,0,0,0,0.16844,0,0,0,0,0,0,0,0.0256,0.00728,0,0,0,0,0.00856,8.81798,0.92942,0,0,0,0,0.00093,0,0,0,0,1.22748
"k__Bacteria|p__Firmicutes|c__Bacilli|o__Lactobacillales|f__Lactobacillaceae|g__Limosilactobacillus|s__Lactobacillus_timonensis|t__SGB29591",0,0,0,0,0,0,0,0,0,0,0,0,0,0,0,0,0,0,0,0,0,0,0,0,0,0,0,0,0,0,0,0,0,0,0,0,0,0,0,0,0,0.00422
"k__Bacteria|p__Firmicutes|c__Bacilli|o__Lactobacillales|f__Lactobacillaceae|g__Limosilactobacillus|s__Limosilactobacillus_coleohominis|t__SGB7101",0,0,0,0,0,0,0,0,0,0,0,0,0,0,0,0,0,0,0,0,0,0,0,0,0,0,0,0,0,0,0,0,0,0,0,0,0,0,0,0,0,0.00012
"k__Bacteria|p__Firmicutes|c__Bacilli|o__Lactobacillales|f__Lactobacillaceae|g__Limosilactobacillus|s__Limosilactobacillus_fermentum|t__SGB7106",0,0,0.01444,0,0.01097,0,0,0,0,0.12728,0.07715,0,0,0,0,0.19142,0,0,0,0.02109,0,0,0,0.00019,0,0,0,0,0,0,0.40728,0.06281,0.01865,0.00853,0,0,0,0,0,0,0,0.0565
"k__Bacteria|p__Firmicutes|c__Bacilli|o__Lactobacillales|f__Lactobacillaceae|g__Limosilactobacillus|s__Limosilactobacillus_mucosae|t__SGB7088_group",0,0,0.1318,0,0,0,0,0,0,0,0,0,0,0,0,0,0,0.01709,0,0,0,0.55406,0.20141,0,0,0,0,0,0,0.00451,0,0,0,0,0,0,0,0,0,0,0,0.04725
"k__Bacteria|p__Firmicutes|c__Bacilli|o__Lactobacillales|f__Lactobacillaceae|g__Limosilactobacillus|s__Limosilactobacillus_oris|t__SGB7093",0,0,0,0,0,0,0,0,0,0,0,0,0,0,0,0,0,0,0,0,0,0,0,0,0,0,0,0,0,0,0.03493,0,0,0,0,0,0,0,0,0,0,0.08472
"k__Bacteria|p__Firmicutes|c__Bacilli|o__Lactobacillales|f__Lactobacillaceae|g__Limosilactobacillus|s__Limosilactobacillus_portuensis|t__SGB7097",0,0,0,0,0,0,0,0,0,0,0,0,0,0,0,0,0,0,0,0,0,0,0,0,0,0,0,0,0,0,0.11281,0.00091,0,0,0,0,0,0,0,0,0,0.00499
"k__Bacteria|p__Firmicutes|c__Bacilli|o__Lactobacillales|f__Lactobacillaceae|g__Limosilactobacillus|s__Limosilactobacillus_reuteri|t__SGB7095",0,0,0,0.0054,0,0,0,0,0,0,0,0,0,0,0,0.2775,0,0,0,0,0,0.03316,0.00958,0,0,0,0,0,0,0,0,0,0,0,0,0,0,0,0,0,0,0.00114
"k__Bacteria|p__Firmicutes|c__Bacilli|o__Lactobacillales|f__Lactobacillaceae|g__Pediococcus|s__Pediococcus_inopinatus|t__SGB7177",0,0,0,0,0.00138,0,0,0.00815,0,0,0,0,0,0,0,0,0,0,0,0,0,0,0,0,0,0,0,0,0,0,0,0,0,0,0,0,0,0,0,0,0,0
"k__Bacteria|p__Firmicutes|c__Bacilli|o__Lactobacillales|f__Lactobacillaceae|g__Pediococcus|s__Pediococcus_pentosaceus|t__SGB7169",0,0,0.04482,0,0.01001,0,0,0,0,0,0,0,0,0,0,0,0,0,0,0,0,0,0,0,0,0,0,0,0,0.0011,0.00088,0.03459,0,0.00051,0,0,0,0,0,0,0,0.00677
"k__Bacteria|p__Firmicutes|c__Bacilli|o__Lactobacillales|f__Lactobacillaceae|g__Weissella|s__Weissella_cibaria|t__SGB7114",0,0,0.21073,0.03927,0.0389,0.00497,0.05064,0.00278,0,0.04843,0,0,0,0,0,0,0,0,0,0.00667,0,0,0,0.16735,0.17187,0,0.50017,0,0,0.21314,0.33042,0.01087,0,0.02319,0.01236,0.1059,0.00148,0,0,0,0,0.8572
"k__Bacteria|p__Firmicutes|c__Bacilli|o__Lactobacillales|f__Lactobacillaceae|g__Weissella|s__Weissella_confusa|t__SGB7115",0,0,0.05843,0.00457,0.01887,0,0,0.00288,0,0.06644,0,0,0,0,0,0.03168,0,0,0,0,0,0,0,0,0,0,0.02024,0,0,0,0.02775,0,0.00365,0,0,0.18448,0,0,0,0,0.00086,0.24765
"k__Bacteria|p__Firmicutes|c__Bacilli|o__Lactobacillales|f__Lactobacillaceae|g__Weissella|s__Weissella_hellenica|t__SGB29577",0,0,0,0,0,0,0,0,0,0,0,0,0,0,0,0,0,0,0,0,0,0,0,0,0,0,0,0,0,0,0,0,0,7e-05,0,0,0,0,0,0,0,0.01212
"k__Bacteria|p__Firmicutes|c__Bacilli|o__Lactobacillales|f__Lactobacillaceae|g__Weissella|s__Weissella_koreensis|t__SGB7108",0,0,0,0.05377,0.05841,0,0,0.0025,0,0,0,0,0,0.06196,0.01046,0,0,0,0.08083,0.01621,0,0.00157,0,0,0,0.0036,0.01325,0,0,0.05272,0.0182,0,4.10229,0.00433,0.02557,0.11557,0,0.0027,0.00033,0.00619,0,0.30398
"k__Bacteria|p__Firmicutes|c__Bacilli|o__Lactobacillales|f__Lactobacillaceae|g__Weissella|s__Weissella_paramesenteroides|t__SGB7118",0,0,0,0,0,0,0,0,0,0,0,0,0,0,0,0,0,0,0,0,0,0,0,0,0,0,0,0,0,0,0,0,0,0,0,0,0,0,0,0,0,0.02522
"k__Bacteria|p__Firmicutes|c__Bacilli|o__Lactobacillales|f__Lactobacillaceae|g__Weissella|s__Weissella_viridescens|t__SGB7111",0,0,0,0,0,0.09589,0,0,0,0,0,0,0,0.04134,0,0,0,0,0,0,0,0,0,0,0,0,0,0,0,0,0,0,0,0,0,0,0,0,0,0,0,0.00125
"k__Bacteria|p__Firmicutes|c__Bacilli|o__Lactobacillales|f__Streptococcaceae|g__Lactococcus|s__Lactococcus_carnosus|t__SGB7987",0,0,0,0,0,0,0,0,0,0,0,0,0,0,0,0,0,0,0,0,0,0,0,0,0.00292,0,0,0,0,0,0,0,0,0,0,0,0,0,0,0,0.00373,0
"k__Bacteria|p__Firmicutes|c__Bacilli|o__Lactobacillales|f__Streptococcaceae|g__Lactococcus|s__Lactococcus_cremoris|t__SGB7984",0,0,0,0,0,0,0,0,0,0,0,0,0,0,0,0,0,0,0,0,0,0,0,0,0,0,0,0,0,0,0,0,0,0.00372,0,0,0,0,0,0,0,0
"k__Bacteria|p__Firmicutes|c__Bacilli|o__Lactobacillales|f__Streptococcaceae|g__Lactococcus|s__Lactococcus_garvieae|t__SGB7979",0,0,0,0,0,0,0,0,0,0,0,0,0,0,0,0,0,0,0,0,0,0,0,0,0.04304,0,0,0,0,0,0,0,0,0,0.0075,0.054,0,0,0,0,0,0
"k__Bacteria|p__Firmicutes|c__Bacilli|o__Lactobacillales|f__Streptococcaceae|g__Lactococcus|s__Lactococcus_garvieae|t__SGB7981",0,0,0,0,0,0,0,0,0,0,0,0,0,0,0,0,0,0,0,0,0,0,0,0,0,0,0,0,0,0.02899,0,0,0,0,0,0.01578,0,0,0,0,0,0
"k__Bacteria|p__Firmicutes|c__Bacilli|o__Lactobacillales|f__Streptococcaceae|g__Lactococcus|s__Lactococcus_lactis|t__SGB7985",0,0,0.03944,0.08395,0.00017,6e-05,3.59439,0,0,0,0,0,0,0,0,0,0,0,0,0.00361,0,0,0.00172,0.00253,0.22403,0,0.01023,0,0,0.13011,0.11316,0,0,0.02072,0,0.03609,0,0,0,0,0.00376,0.0768
"k__Bacteria|p__Firmicutes|c__Bacilli|o__Lactobacillales|f__Streptococcaceae|g__Lactococcus|s__Lactococcus_petauri|t__SGB7980",0,0,0,0.03565,0.01232,0,0,0,0,0,0,0,0,0,0,0,0,0,0,0,0,0,0,0,0,0,0,0.00339,0,0.00417,0,0,0,0,0,5.0737,0,0,0,0,0,1.55444
"k__Bacteria|p__Firmicutes|c__Bacilli|o__Lactobacillales|f__Streptococcaceae|g__Lactococcus|s__Lactococcus_plantarum|t__SGB25308",0,0,0,0,0,0,0,0,0,0,0,0,0,0,0,0,0,0,0,0,0,0,0,0.00165,0,0,0,0,0,0,0,0,0,0,0,0,0,0,0,0,0,0
"k__Bacteria|p__Firmicutes|c__Bacilli|o__Lactobacillales|f__Streptococcaceae|g__Lactococcus|s__Lactococcus_raffinolactis|t__SGB7989",0,0,0,0,0,0,0,0,0,0,0,0,0,0,0,0,0,0,0,0,0,0,0,0.00839,0,0,0,0,0,0,0,0,0,0.00251,0,0,0,0,0,0,0,0
"k__Bacteria|p__Firmicutes|c__Bacilli|o__Lactobacillales|f__Streptococcaceae|g__Lactococcus|s__Lactococcus_taiwanensis|t__SGB25314",0,0,0,0,0,0,0,0,0,0,0,0,0,0,0,0,0,0,0,0,0,0,0,0,0,0,0,0,0,0,0,0,0,0,0,0.00035,0,0,0,0,0,0
"k__Bacteria|p__Firmicutes|c__Bacilli|o__Lactobacillales|f__Streptococcaceae|g__Streptococcus|s__Streptococcus_agalactiae|t__SGB8216",0,0,0,0,0,0,0,0,0,0,0,0,0,0,0,0,0,0,0,0,0,0,0,0,0,0,0,0,0,0,0,0,0,0,0,0,0.02242,0.06724,0,0,0,0
"k__Bacteria|p__Firmicutes|c__Bacilli|o__Lactobacillales|f__Streptococcaceae|g__Streptococcus|s__Streptococcus_anginosus|t__SGB8028_group",0,0,0.01095,0.00166,0,0.00667,0.02354,0,0,0.65095,0.05436,0.26157,0.00748,0.00289,0.00148,0.35333,0,0.01076,0.00704,0.05225,0.00726,0.06106,0.00204,0.04356,0.01308,0,0.00124,0.00937,0,0.02415,0.16817,0.06392,0.00864,0.00854,0.02107,0.04223,0.00156,0.00026,0,0.00522,0,0.07063
"k__Bacteria|p__Firmicutes|c__Bacilli|o__Lactobacillales|f__Streptococcaceae|g__Streptococcus|s__Streptococcus_australis|t__SGB8059_group",0.02786,0.00034,0.09302,0.09302,0.04867,0.02882,0.06031,0.00426,0.01082,0.43354,0.45754,0.00124,0,0.01574,0.03128,0,0,0.00137,0.02336,0.03237,0,0.005,0.00548,0.05849,0.00218,0,0.00039,0.00048,0,0.00219,0,0,0.00978,0.17315,0.01933,0.16582,0.00264,0.00439,0,0.01589,0.00962,0
"k__Bacteria|p__Firmicutes|c__Bacilli|o__Lactobacillales|f__Streptococcaceae|g__Streptococcus|s__Streptococcus_constellatus|t__SGB8026",0,0.00249,0.00538,0,0,0,0,0,0,0,0,0,0,0,0.00891,0.00082,0,0.00455,0.00286,0.04284,0,0,0,0,0,0,0,0,2.47185,0,0.09088,0.0041,0,0.00457,0,0.03916,0,0,0,0.00125,0.00198,0.21437
"k__Bacteria|p__Firmicutes|c__Bacilli|o__Lactobacillales|f__Streptococcaceae|g__Streptococcus|s__Streptococcus_cristatus|t__SGB97158",0,0,0.00342,0.00191,0,0,0.00187,0,0,0.00306,0.01592,0,0,0.00522,0.01029,0,0,0,0,0,0,0,0,0.00669,0,0,0,0,0,0,0,0,0,0,0,0,0,0,0,0,0,0
"k__Bacteria|p__Firmicutes|c__Bacilli|o__Lactobacillales|f__Streptococcaceae|g__Streptococcus|s__Streptococcus_dysgalactiae|t__SGB8219",0,0,0,0,0,0,0,0,0,0,0,0,0,0,0,0,0,0,0,0,0,0,0,0,0,0,0,0,0,0,0,0,0,0,0.14025,0,0,0,0,0,0,0
"k__Bacteria|p__Firmicutes|c__Bacilli|o__Lactobacillales|f__Streptococcaceae|g__Streptococcus|s__Streptococcus_gallolyticus|t__SGB8018",0,0,0.01845,0,0,0,0,0,0,0,0,0,0,0,0,0.00381,0,0,0,0,0,0,0,0,0,0,0,0,0,0,0,0,0,0,0,0,0,0,0,0,0,0
"k__Bacteria|p__Firmicutes|c__Bacilli|o__Lactobacillales|f__Streptococcaceae|g__Streptococcus|s__Streptococcus_gordonii|t__SGB8053",0,0,0,0.00856,0,0,0.00562,0,0,0.22283,0.01521,0,0,0.00148,0.0096,0.03951,0.00218,0.00105,0.00058,0.0078,0,0,0,0.07358,0.01075,0,0,0.01271,0,0,0.01871,0.02381,0.00377,0.06647,0.01346,0.00153,0,0,0,0,0,0.01042
"k__Bacteria|p__Firmicutes|c__Bacilli|o__Lactobacillales|f__Streptococcaceae|g__Streptococcus|s__Streptococcus_gordonii|t__SGB8054",0,0,0.00082,0,0,0,0,0,0,0,0,0,0,0,0.00092,0,0,0,0,0,0,0,0,0,0,0,0,0,0,0,0,0,0,0.00036,0,0.00389,0,0,0,0,0,0
"k__Bacteria|p__Firmicutes|c__Bacilli|o__Lactobacillales|f__Streptococcaceae|g__Streptococcus|s__Streptococcus_infantarius|t__SGB8022",0,0,0,0,0,0,0,0,0,0,0,0,0,0,0,0,0,0,0,0,0,0,0,0,0,0,0,0,0,0,0,0,0,0,0,0.00018,0,0,0,0,0,0
"k__Bacteria|p__Firmicutes|c__Bacilli|o__Lactobacillales|f__Streptococcaceae|g__Streptococcus|s__Streptococcus_infantis|t__SGB109702",0,0,0,0,0,0,0,0,0,0.00259,0.04738,0,0,0,0,0,0,0,0,0,0,0,0,0,0,0,0,0,0,0,0,0,0,0,0,0,0,0,0,0,0,0
"k__Bacteria|p__Firmicutes|c__Bacilli|o__Lactobacillales|f__Streptococcaceae|g__Streptococcus|s__Streptococcus_infantis|t__SGB8086",0,0,0,0,0,0,0,0,0,0.00113,0.00274,0,0,0,0,0,0,0,0,0,0,0,0,0,0,0,0,0,0,0,0,0,0,0,0.00023,0,0,0,0,0,0,0
"k__Bacteria|p__Firmicutes|c__Bacilli|o__Lactobacillales|f__Streptococcaceae|g__Streptococcus|s__Streptococcus_infantis|t__SGB8094",0,0,0.00064,0,0,0,0,0,0,0.00527,0.02541,0,0,0,0,0,0,0,0.00015,0.00147,0,0.00013,0,0.00048,0,0,0,0,0,0,0,0,0,0.00191,0,0.00273,0,0,0,0,0,0
"k__Bacteria|p__Firmicutes|c__Bacilli|o__Lactobacillales|f__Streptococcaceae|g__Streptococcus|s__Streptococcus_intermedius|t__SGB8025",0,0,0,0,0,0,6e-04,0,0,0,0,0,0,0,0.00288,0,0,0,0,0,2e-04,0.00018,0,0,0,0,0,0,0,0,0,0,0,0,0,0.00467,0,0,0,0,0,0.00172
"k__Bacteria|p__Firmicutes|c__Bacilli|o__Lactobacillales|f__Streptococcaceae|g__Streptococcus|s__Streptococcus_massiliensis|t__SGB25278",0,0,0,0,0,0,0,0,0,0,0,0,0,0,0,0,0,0,0,0.00122,0,0,0,0,0,0,0,0,0,0,0,0,0,0,0,0,0,0,0,0,0,0
"k__Bacteria|p__Firmicutes|c__Bacilli|o__Lactobacillales|f__Streptococcaceae|g__Streptococcus|s__Streptococcus_mitis|t__SGB8168",0,0,0.11026,0,0,0.00176,0.00536,0,0,0.04348,0.10321,0,0,0,0.01602,0,0.00372,0,0.00381,0.00323,0,0,0,0.00627,0.00295,0,0,0.00239,0,0.00114,0,0,0.0038,0.01246,0.00549,0.02223,0,0,0,0,9e-04,0
"k__Bacteria|p__Firmicutes|c__Bacilli|o__Lactobacillales|f__Streptococcaceae|g__Streptococcus|s__Streptococcus_mitis|t__SGB8185",0,0,0.00225,0,0.00125,0,0,0.00136,0.00465,0,0.04786,0,0,0.00277,0,0,0,0.00374,0.00408,0.00131,0,0,0,0.03032,0.01087,0,0,0,0,0,0,0,0,0.00907,0,0,0,0,0,0,0.00338,0
"k__Bacteria|p__Firmicutes|c__Bacilli|o__Lactobacillales|f__Streptococcaceae|g__Streptococcus|s__Streptococcus_mutans|t__SGB8000",0,0,0,0,0,0,0,0,0,0.29315,0.03441,0,0,0,0,0.07015,0,0.01389,0.00793,0.00097,0,0,0,0,0,0,0,0,0,0,0.00535,0.0031,0.00383,0.00438,0.00904,0,0,0,0,0.00437,0,0.11474
"k__Bacteria|p__Firmicutes|c__Bacilli|o__Lactobacillales|f__Streptococcaceae|g__Streptococcus|s__Streptococcus_oralis|t__SGB8130",0,0.00298,0.00927,0.02936,0,0,0,0.02104,0,0.04985,0.03426,0,0,0.00245,0.01578,0.00546,0.02142,0,0.01204,0.01255,0,0.00113,0.00407,0.01103,0.00265,0,0.00541,0.00574,0.01519,0.00228,0.00406,0.00659,0,0.01058,0.00323,0.0031,0,0,0.00511,0,0.00437,0.00909
"k__Bacteria|p__Firmicutes|c__Bacilli|o__Lactobacillales|f__Streptococcaceae|g__Streptococcus|s__Streptococcus_parasanguinis|t__SGB8071",0.00238,0,0.1346,0.03197,0.04428,0.00392,0.01278,0.01339,0.03364,4.39408,2.73222,0,0,0.05434,0.07064,0.06005,0.00863,0.13604,0.13153,0.91917,0.00755,0,0,0.03475,0.01167,0,0,0.05726,0,0.0031,0.11639,0.08008,0.00891,0.09846,0.22725,1.21912,0.00722,0.00258,0.00021,0.01232,0.09711,0.2786
"k__Bacteria|p__Firmicutes|c__Bacilli|o__Lactobacillales|f__Streptococcaceae|g__Streptococcus|s__Streptococcus_rubneri|t__SGB8056",0.00482,0,0,0,0,0,0,0,0,0,0,0,0,0,0.00425,0,0,0,0,0,0,0,0.00066,0.23406,0.01737,0,0,0,0,0,0,0,0.00728,0.1876,0,0,0,0,0,0,0,0
"k__Bacteria|p__Firmicutes|c__Bacilli|o__Lactobacillales|f__Streptococcaceae|g__Streptococcus|s__Streptococcus_salivarius|t__SGB8005",0,0,0,0,0,0,0,0,0,0,0,0,0,0,0,0,0,0,0,0,0,0,0,0,0,0,0,0,0,0,0,0,0,0,0,0,0,0,0,0,0,0.04108
"k__Bacteria|p__Firmicutes|c__Bacilli|o__Lactobacillales|f__Streptococcaceae|g__Streptococcus|s__Streptococcus_salivarius|t__SGB8007_group",0.00047,0,0.31326,0.09409,0.63153,0.04153,0.1297,0.0546,0.21057,13.75608,10.51597,0,0.00136,0.73193,0.6247,0.31396,0,0.72483,0.84388,3.61373,0.08212,0.01608,0.04458,0.18501,0.07863,0,0.04312,0.05535,0,0.00081,0.35399,0.22155,0.2147,0.60795,1.06608,0.22871,0.03965,0.02199,0,0.02184,0.41811,1.72466
"k__Bacteria|p__Firmicutes|c__Bacilli|o__Lactobacillales|f__Streptococcaceae|g__Streptococcus|s__Streptococcus_sanguinis|t__SGB137060",0,0,0,0,0,0,0,0,0,0.02611,0.00324,0,0,0,0.00344,0,0,0,0,0,0,0,0,0,0,0,0,0,0,0,0,0,0,0,0,0,0,0,0,0,0.00117,0
"k__Bacteria|p__Firmicutes|c__Bacilli|o__Lactobacillales|f__Streptococcaceae|g__Streptococcus|s__Streptococcus_sanguinis|t__SGB8047_group",0,0,0.02148,0.07397,0.01953,0,0,0,0,0.0492,0.01131,0,0,0.00892,0.06313,0.00126,0,0.00751,0.02129,0.02184,0,0.01847,0.0074,0.00212,0,0.00261,0.00127,0,0,0.00293,0,0,0,0.0141,0.0026,0.00825,0,0,0,0,0.00244,0.00606
"k__Bacteria|p__Firmicutes|c__Bacilli|o__Lactobacillales|f__Streptococcaceae|g__Streptococcus|s__Streptococcus_sinensis|t__SGB8030",0,0,0,0,0,0,0,0,0,0,0,0,0,0,0,0,0,0,0,0,0,0.0034,0.00022,0,0,0,0,0,0,0,0,0,0,0,0,0,0,0,0,0,0,0
"k__Bacteria|p__Firmicutes|c__Bacilli|o__Lactobacillales|f__Streptococcaceae|g__Streptococcus|s__Streptococcus_sobrinus|t__SGB7995",0,0,0,0,0,0,0,0,0,0,0,0,0,0,0,0,0,0,0,0,0,0,0,0,0,0,0,0,0,0,0.15804,0.02272,0,0,0.0161,0,0,0,0,0,0,0.2684
"k__Bacteria|p__Firmicutes|c__Bacilli|o__Lactobacillales|f__Streptococcaceae|g__Streptococcus|s__Streptococcus_sp_F0442|t__SGB8067",0,0,0,0,0,0.00032,0.00457,0,0,0,0,0,0,0,0,0,0,0,0,0,0,0,0,0,0,0,0,0,0,0,0,0,0.00258,0.00939,0.01486,0,0,0,0,0,0,0
"k__Bacteria|p__Firmicutes|c__Bacilli|o__Lactobacillales|f__Streptococcaceae|g__Streptococcus|s__Streptococcus_thermophilus|t__SGB8002",0.0806,0.00032,0.1348,0,0,0.00373,0,0.04477,0,0,0,0,0.81916,0,0,0.02094,0,0,0,0.27051,0,0,0.0246,8.98298,0,0,0.16667,0,0,0,0,0,0,0,1.25142,0,0,0,0,0,0.11155,0.00519
"k__Bacteria|p__Firmicutes|c__Bacilli|o__Lactobacillales|f__Streptococcaceae|g__Streptococcus|s__Streptococcus_vestibularis|t__SGB8003",0,0,0.02291,0.0309,0.01816,0,0.00366,0.00221,0.00556,1.01627,1.92183,0.00638,0.001,0.04355,0.06212,0,0,0.00122,0.00922,0.00232,0.00365,0,0,0.01761,0.00234,0.00076,0.0339,0,0,0,0.02381,0,0.03757,0.00122,0.0863,0.07914,0.0011,0,0,0.09324,0,0.24788
"k__Bacteria|p__Firmicutes|c__CFGB1011|o__OFGB1011|f__FGB1011|g__GGB2652|s__GGB2652_SGB3573|t__SGB3573",0.0085,0.05233,0,0,0,0,0,0,0,0,0,0,0,0,0,0,0.00393,0,0,0,0,0,0,0,0,0,0,0,0,0,0,0,0,0,0.00756,0,0,0,0,0,0,0
"k__Bacteria|p__Firmicutes|c__CFGB1011|o__OFGB1011|f__FGB1011|g__GGB2653|s__GGB2653_SGB3574|t__SGB3574",0,0,0,0.00311,0,0,0,0.00803,0.00305,0,0,0,0.00282,0,0,0.00257,0,0.01208,0.00012,0,0,0.00114,0.00851,0,0,0.02566,0,0.00038,0,0.01134,0.07429,0.02532,0,0,0,0,0,0.0444,0.00627,0.00195,0,0.01219
"k__Bacteria|p__Firmicutes|c__CFGB1012|o__OFGB1012|f__FGB1012|g__GGB2657|s__GGB2657_SGB3578|t__SGB3578",0,0,0,0,0,0,0,0,0,0,0,0,0,0,0,0,0,0,0,0,0,0,0,0,0,0,0,0,0,0,0.072,0.08602,0,0,0,0,0,0,0,0,0,0
"k__Bacteria|p__Firmicutes|c__CFGB10309|o__OFGB10309|f__FGB10309|g__GGB4676|s__GGB4676_SGB6465|t__SGB6465",0,0,0,0,0,0,0,0,0,0,0,0,0,0,0,0,0,0,0,0,0,0,0,0,0,0,0,0,0,0,0,0,0,0,0,0,0,0,0.22494,0,0,0
"k__Bacteria|p__Firmicutes|c__CFGB10312|o__OFGB10312|f__FGB10312|g__GGB4644|s__GGB4644_SGB6428|t__SGB6428",0,0,0.52913,0,0,0,0,0,0,0,0,0,0,0,0,0,0,0,0,0,0,0,0,0,0,0,0,0,0,0,0,0,0,0,0,0,0,0,0,0,0,0
"k__Bacteria|p__Firmicutes|c__CFGB10318|o__OFGB10318|f__FGB10318|g__GGB4641|s__GGB4641_SGB6420|t__SGB6420",0.22814,1.07764,0,0,0,0,0,0,0,0,0,0,0,0,0,0,0,0,0,0,0,0,0,0,0,0,0,0,0,0,0,0,0,0,0,0,0,0,0,0,0,0
"k__Bacteria|p__Firmicutes|c__CFGB10318|o__OFGB10318|f__FGB10318|g__GGB4658|s__GGB4658_SGB6445|t__SGB6445",0,0,0.00018,0,0,0,0,0,0,0,0,0,0,0,0,0,0,0,0,0,0,0,0,0,0,0,0,0,0,0,0,0,0,0,0,0,0,0,0.00639,0,0,0
"k__Bacteria|p__Firmicutes|c__CFGB10318|o__OFGB10318|f__FGB10318|g__GGB4661|s__GGB4661_SGB6449|t__SGB6449",0,0,0,0,0,0,0,0.02887,0,0,0,0,0,0,0,0,0,0,0,0,0,0,0,0,0,0,0,0,0,0,0,0,0,0,0,0,0,0,0,0,0,0
"k__Bacteria|p__Firmicutes|c__CFGB10477|o__OFGB10477|f__FGB10477|g__GGB9345|s__GGB9345_SGB14311|t__SGB14311",0.04765,0.78637,0,0,0,0,0,0.79801,0,0,0,0,0,0,0,0,0.47118,0,0,0,0,0.01183,0.12874,0,0,0,0.00584,0,0,0.16673,0.01512,0.01293,0,0,0,0,0,0,0.42248,0.05586,0,0
"k__Bacteria|p__Firmicutes|c__CFGB1126|o__OFGB1126|f__FGB1126|g__GGB2848|s__GGB2848_SGB3813|t__SGB3813",0,0,0,0.00022,0,0,0,0,0,0,0,0.00084,0.00445,0,0,0.02365,0,0,0,0,0,0.0043,0.00716,0,0,0,0,0,0,0.00778,0,0,0,0,0,0,0,0,0,0,0,0
"k__Bacteria|p__Firmicutes|c__CFGB1201|o__OFGB1201|f__FGB1201|g__GGB2958|s__GGB2958_SGB3940|t__SGB3940",0,0,0,0,0,0,0,0,0,0,0,0,0,0,0,0,0.01064,0,0,0,0,0,0,0,0,0,0,0,0,0.5829,0,0,0,0,0,0,0,0,0,0,0,0
"k__Bacteria|p__Firmicutes|c__CFGB1207|o__OFGB1207|f__FGB1207|g__GGB2964|s__GGB2964_SGB3946|t__SGB3946",0,0,0,0,0,0,0,0,0,0,0,0,0,0,0,0,0,0,0,0,0,0,0,0,0,0,0,0,0,0,0.01073,0,0,0,0,0,0,0,0,0,0,0
"k__Bacteria|p__Firmicutes|c__CFGB1211|o__OFGB1211|f__FGB1211|g__GGB2970|s__GGB2970_SGB3952|t__SGB3952",0,0,0,0,0,0,0,0,0,0,0,0,0,0,0,0,0,0,0,0,0,0,0,0,0,0,0,0,0,0,0,0,0,0,0,0,0,0,0,0.00091,0,0
"k__Bacteria|p__Firmicutes|c__CFGB1217|o__OFGB1217|f__FGB1217|g__GGB2982|s__GGB2982_SGB3964|t__SGB3964",0,0,0,0,0,0,0.01408,0,0,0,0,0.0039,0.00933,0,0,0,0,0.07726,0.00507,0,0,0.01893,0.00618,0,0,0,0,0,0,0.11113,0,0,0,0,0,0,0,0,0.03164,0.00101,0.00024,0
"k__Bacteria|p__Firmicutes|c__CFGB1226|o__OFGB1226|f__FGB1226|g__GGB2996|s__GGB2996_SGB3983|t__SGB3983",0.00047,0.11757,0,0,0,0,0,0.00387,0,0,0,0,0,0,0,0,0,0,0,0,0,0,0,0,0,0,0,0,0,0,0,0,0,0,0,0,0,0,0,0,0,0
"k__Bacteria|p__Firmicutes|c__CFGB1226|o__OFGB1226|f__FGB1226|g__GGB2998|s__GGB2998_SGB3988|t__SGB3988",0,0.00255,0,0,0,0,0,0.0033,0,0,0,0.01016,0.01725,0,0,0.03099,0.0023,0.0141,0.01411,0,0,0.06294,0.04402,0,0,0.02092,0,0,0,0.03286,0.00356,0.00599,0,0,0.00195,0,0,0,0,0,0,0
"k__Bacteria|p__Firmicutes|c__CFGB1226|o__OFGB1226|f__FGB1226|g__GGB2998|s__GGB2998_SGB3989|t__SGB3989",0.01706,0.22122,0,0,0,0,0,0.01289,0,0,0,0,0,0,0,0,0.00086,0,0,0,0,0,0,0,0,0,0,0,0,0.28158,0,0,0,0,0,0,0,0,0,0,0,0
"k__Bacteria|p__Firmicutes|c__CFGB1226|o__OFGB1226|f__FGB1226|g__GGB58485|s__GGB58485_SGB80143|t__SGB80143",0.00469,0.00054,0,0,0,0.00721,0.0104,0.00241,0.00334,0.03123,0.00397,0,0,0,0,0,0.00133,0,0,0,0,0,0,0,0,0,0,0,0,0,0,0.00543,0,0,0.00695,0.00762,0,0,0,0,0,0
"k__Bacteria|p__Firmicutes|c__CFGB1227|o__OFGB1227|f__FGB1227|g__GGB3000|s__GGB3000_SGB3991|t__SGB3991",0,0,0,0,0,0,0,0,0,0,0,0,0,0,0,0.00029,0,0,0,0,0,0,0,0,0,0,0,0,0,0,0,0,0,0,0,0,0,0,0.07259,0.01362,0,0
"k__Bacteria|p__Firmicutes|c__CFGB1227|o__OFGB1227|f__FGB1227|g__GGB3002|s__GGB3002_SGB3993|t__SGB3993",0,0,0,0,0,0,0,0,0,0,0,0,0,0,0,0.00136,0,0,0,0,0,0,0,0,0,0,0,0,0,0,0,0,0,0,0,0,0,0.03529,0.02371,0.00086,0,0
"k__Bacteria|p__Firmicutes|c__CFGB1227|o__OFGB1227|f__FGB1227|g__GGB3005|s__GGB3005_SGB3996|t__SGB3996",0.00149,0,0,0,0,0.0107,0.00212,0.00294,0,0,0,0,0.00214,0,0,0.36449,0.02736,0,0,0,0,0,0,0,0,0.01425,0.05683,0,0,0,0.73983,0.10225,0,0,0,0,0,0,0.06094,0.02943,0,0
"k__Bacteria|p__Firmicutes|c__CFGB1230|o__OFGB1230|f__FGB1230|g__GGB96297|s__GGB96297_SGB123797|t__SGB123797",0,0,0.00217,0,0,0,0,0,0,0,0,0,0,0,0,0,0,0,0,0,0,0.00405,0,0,0,0,0,0,0,0,0.00584,0,0,0,0.02863,0,0,0,0,0,0,0
"k__Bacteria|p__Firmicutes|c__CFGB1249|o__OFGB1249|f__FGB1249|g__GGB3032|s__GGB3032_SGB4027|t__SGB4027",0,0,0,0,0,0,0,0,0,0,0,0,0,0,0,0,0,0,0,0,0,0,0,0,0,0,0,0,0,0,0,0,0,0,0,0,0,0,0,0,0,0.02183
"k__Bacteria|p__Firmicutes|c__CFGB1249|o__OFGB1249|f__FGB1249|g__GGB3033|s__GGB3033_SGB4029|t__SGB4029",0,0,0,0,0,0,0,0,0,0,0,0,0.04186,0,0,0,0,0,0,0,0,0,0,0,0,0,0,0,0,0,0,0,0,0,0,0,0,0,0,0,0,0.00429
"k__Bacteria|p__Firmicutes|c__CFGB1249|o__OFGB1249|f__FGB1249|g__GGB3034|s__GGB3034_SGB4030|t__SGB4030",0,0,0,0,0,0,0,0,0,0,0,0,0.06183,0,0,0,0,0,0,0,0,0,0,0,0.00187,0,0,0,0,0,0,0,0,0,0,0,0,0.0038,0.00238,0.00461,0.01318,0.0666
"k__Bacteria|p__Firmicutes|c__CFGB1258|o__OFGB1258|f__FGB1258|g__GGB3052|s__GGB3052_SGB4053|t__SGB4053",0,0,0,0,0,0,0,0,0,0,0,0,0,0,0,0,0,0,0,0,0,0,0,0,0,0,0,0,0,1.34171,0,0,0,0,0,0,0,0,0,0,0,0
"k__Bacteria|p__Firmicutes|c__CFGB1260|o__OFGB1260|f__FGB1260|g__GGB3057|s__GGB3057_SGB4059|t__SGB4059",0,0,0,0,0,0,0,0,0,0,0,0,0,0,0,0,0,0,0,0,0,0,0,0,0,0,0,0,0,0,0,0,0,0,0,0,0,0.00312,0,0,0,0
"k__Bacteria|p__Firmicutes|c__CFGB1261|o__OFGB1261|f__FGB1261|g__GGB3059|s__GGB3059_SGB69431|t__SGB69431",0,0,0,0,0,0,0,0,0,0,0,0,0,0,0,0,0,0,0,0.02062,0,0,0,0,0,0,0,0,0,0,0.00592,0,0,0,0.00556,0,0,0,0,0,0,0
"k__Bacteria|p__Firmicutes|c__CFGB1262|o__OFGB1262|f__FGB1262|g__GGB3061|s__GGB3061_SGB4063|t__SGB4063",0.01891,0.04355,0,0,0,0,0,0.02602,0.00092,0,0,0.00199,0.02014,0,0,0,0.01919,0,0,0,0,0.01815,0.02892,0,0,0,0,0,0,0.03941,0,0,0,0,0,0,0,0,0.04033,0.03446,0,0
"k__Bacteria|p__Firmicutes|c__CFGB1292|o__OFGB1292|f__FGB1292|g__GGB3109|s__GGB3109_SGB4119|t__SGB4119",0,0,0,0,0.02477,0,0,0,0,0,0,0,0,0,0,0,0.04403,0,0,0.09741,0.09703,0,0,0.08602,0.04988,0,0,0,0,0,0,0,0,0,0,0,0,0,0,0,0.01342,0
"k__Bacteria|p__Firmicutes|c__CFGB1292|o__OFGB1292|f__FGB1292|g__GGB3109|s__GGB3109_SGB4121|t__SGB4121",0,0,0,0,0,0,0,0,0,0.02733,0.13813,0.08087,0.05161,0.0809,0.06225,0.11556,0,0,0,0,0,0.03817,0.091,0,0,0.11638,0.05958,0.03902,0.04046,0.00094,0.07395,0,0.14433,0.02563,0,0,0.03322,0.04102,0,0.0425,0,0.00036
"k__Bacteria|p__Firmicutes|c__CFGB1298|o__OFGB1298|f__FGB1298|g__GGB3118|s__GGB3118_SGB4130|t__SGB4130",0,0,0,0,0,0,0,0,0,0,0,0,0,0,0,0,0,0,0,0,0,0,0,0,0,0,0,0,0,0.03052,0,0,0,0,0,0,0,0,0,0,0,0
"k__Bacteria|p__Firmicutes|c__CFGB1303|o__OFGB1303|f__FGB1303|g__GGB3124|s__GGB3124_SGB4136|t__SGB4136",0,0,0,0,0,0,0,0,0,0,0,0,0,0,0,0,0,0,0,0,0,0,0,0,0,0,0,0,0,0,0,0,0,0,0,0,0,0,0.00307,0,0,0
"k__Bacteria|p__Firmicutes|c__CFGB1311|o__OFGB1311|f__FGB1311|g__GGB3141|s__GGB3141_SGB4154|t__SGB4154",0,0,0,0,0,0,0,0.01718,0,0,0,0,0,0,0,0,0,0,0,0,0,0,0,0,0,0,0,0,0,0,0,0,0,0,0,0,0,0,0,0,0,0
"k__Bacteria|p__Firmicutes|c__CFGB1311|o__OFGB1311|f__FGB1311|g__GGB3142|s__GGB3142_SGB4155|t__SGB4155",0,0,0,0,0,0,0,0.06075,0.11868,0,0,0.04402,0.03823,0,0,0,0,0,0,0,0,0,0,0,0,0,0,0,0,0,0,0,0,0,0,0,0,0,0,0,0,0
"k__Bacteria|p__Firmicutes|c__CFGB1325|o__OFGB1325|f__FGB1325|g__GGB3175|s__GGB3175_SGB4191|t__SGB4191",0,0,0,0,0,0,0,0.01324,0,0,0,0,0,0,0,0,0,0,0,0,0,0,0,0,0,0,0,0,0,0,0,0,0,0,0,0,0,0,0,0.0633,0,0.00256
"k__Bacteria|p__Firmicutes|c__CFGB1325|o__OFGB1325|f__FGB1325|g__GGB3176|s__GGB3176_SGB4194|t__SGB4194",0,0,0,0,0,0,0,0.19636,0.05069,0,0,0,0,0,0,0,0,0,0,0,0,0,0,0,0,0,0,0,0,0,0,0,0,0,0,0,0,0,0,0,0,0
"k__Bacteria|p__Firmicutes|c__CFGB1333|o__OFGB1333|f__FGB1333|g__GGB3222|s__GGB3222_SGB4254|t__SGB4254",0,0,0,0,0,0,0,0,0,0,0,0,0,0,0,0,0,0,0,0,0,0,0,0,0,0,0,0,0,0,0,0,0,0,0,0,0,0,0,0.00188,0,0
"k__Bacteria|p__Firmicutes|c__CFGB1347|o__OFGB1347|f__FGB1347|g__GGB3286|s__GGB3286_SGB4340|t__SGB4340",0,0,0,0,0,0,0,0,0,0,0,0,0,0,0,0,0.00878,0,0,0,0,0,0,0,0,0,0,0,0,0,0,0,0,0,0,0,0,0,0,0,0,0
"k__Bacteria|p__Firmicutes|c__CFGB1347|o__OFGB1347|f__FGB1347|g__GGB3288|s__GGB3288_SGB4342|t__SGB4342",0,0,0,0,0,0,0,0.0201,0.02312,0,0,0,0,0,0,0,0.03758,0,0,0,0,0,0,0,0,0,0,0,0,0.00727,0.00304,0.07009,0,0,0,0,0,0,0.01091,0,0,0
"k__Bacteria|p__Firmicutes|c__CFGB1347|o__OFGB1347|f__FGB1347|g__GGB3289|s__GGB3289_SGB4343|t__SGB4343",0,0,0.00526,0,0,0,0,0.0019,0,0,0,0,0,0,0,0,0,0,0,0,0,0,0,0,0,0,0,0,0,0,0,0,0,0,0,0,0,0,0,0,0,0
"k__Bacteria|p__Firmicutes|c__CFGB13532|o__OFGB13532|f__FGB13532|g__GGB13532|s__GGB13532_SGB14832|t__SGB14832",0,0,0,0,0,0,0,0,0,0,0,0,0,0,0,0,0.03007,0,0,0,0,0,0,0,0,0,0,0,0,0,0,0,0,0,0,0,0,0,0,0,0,0
"k__Bacteria|p__Firmicutes|c__CFGB1354|o__OFGB1354|f__FGB1354|g__GGB3304|s__GGB3304_SGB4365|t__SGB4365",0,0,0,0,0,0,0,0,0,0,0,0,0,0,0,0,1.19659,0,0,0,0,0,0,0,0,0,0,0,0,3.39256,0,0,0,0,0,1.03708,0,0,0.01708,0.01985,0,0
"k__Bacteria|p__Firmicutes|c__CFGB1354|o__OFGB1354|f__FGB1354|g__GGB3304|s__GGB3304_SGB4367|t__SGB4367",0.13393,2.45657,0,0,0,0,0,0.18864,0.01097,0,0,1.1855,3.93198,0,0,2.15794,0,0,0,0,0,2.0742,0.64105,0,0,0,0,0,0,0,3.89121,1.19986,0,0,0,0,0,0,0,0.01366,0,0
"k__Bacteria|p__Firmicutes|c__CFGB1355|o__OFGB1355|f__FGB1355|g__GGB3306|s__GGB3306_SGB4373|t__SGB4373",0,0,0.09598,0,0,0,0,0,0,0,0,0,0,0,0,0,0.02491,0,0,0,0,0,0,0,0,0,0,0,0,0,0,0,0,0,0,0.02235,0,0,0.13787,0,0,0
"k__Bacteria|p__Firmicutes|c__CFGB1359|o__OFGB1359|f__FGB1359|g__GGB3321|s__GGB3321_SGB4394|t__SGB4394",0,0.00867,0.00659,0,0,0,0,0.01486,0.02833,0,0,0,0,0,0,0,0.01175,0,0,0,0,0,0,0,0,0,0,0,0,0.13533,0.03619,0.00642,0,0,0,0,0,0,0.00263,0,0,0
"k__Bacteria|p__Firmicutes|c__CFGB1359|o__OFGB1359|f__FGB1359|g__GGB3321|s__GGB3321_SGB4395|t__SGB4395",0,0,0.0012,0,0,0,0,0.0034,0.00041,0,0,0,0,0,0,0.00719,0.06353,0,0,0,0,0.02192,0.07853,0,0,0,0,0,0,0,0,0,0,0,0,0,0,0,0.00561,0,0,0.01174
"k__Bacteria|p__Firmicutes|c__CFGB1359|o__OFGB1359|f__FGB1359|g__GGB3321|s__GGB3321_SGB4396|t__SGB4396",0,0,0,0,0,0,0,0,0.0025,0,0,0,0,0,0,0,0,0,0,0,0,0,0,0,0,0,0,0,0,0,0,0,0,0,0,0,0,0,0,0,0,0
"k__Bacteria|p__Firmicutes|c__CFGB1359|o__OFGB1359|f__FGB1359|g__GGB39037|s__GGB39037_SGB4393|t__SGB4393",0.04308,0.14551,0,0,0,0,0,0.00297,0,0,0,0,0,0,0,0,0,0,0,0,0,0,0,0,0,0,0,0,0,0,0,0,0,0,0,0,0,0,0,0,0,0
"k__Bacteria|p__Firmicutes|c__CFGB1362|o__OFGB1362|f__FGB1362|g__GGB48159|s__GGB48159_SGB105302|t__SGB105302",0,0,0,0,0,0,0,0,0,0.00724,0,0,0,0,0,0,0,0,0,0,0,0,0,0,0,0,0,0,0,0,0,0,0,0,0,0,0,0,0,0,0,0
"k__Bacteria|p__Firmicutes|c__CFGB1374|o__OFGB1374|f__FGB1374|g__GGB3351|s__GGB3351_SGB4434|t__SGB4434",0.05486,0.08087,0,0,0,0,0,0.01489,0,0,0,0,0,0,0,0,0.00992,0,0,0,0,0,0,0,0,0,0,0,0,0.07844,0,0,0,0,0.01115,0,0,0,0,0,0,0
"k__Bacteria|p__Firmicutes|c__CFGB1374|o__OFGB1374|f__FGB1374|g__GGB3352|s__GGB3352_SGB62935|t__SGB62935",0,0,0,0,0,0,0,0,0,0,0,0,0,0,0,0,0,0,0,0,0,0,0,0,0,0,0,0,0,0,0.01814,0.01267,0,0,0,0,0,0,0,0,0,0
"k__Bacteria|p__Firmicutes|c__CFGB1374|o__OFGB1374|f__FGB1374|g__GGB3353|s__GGB3353_SGB4437|t__SGB4437",0,0,0,0,0,0,0,0,0,0,0,0,0,0,0,0,0,0,0,0,0,0,0,0,0,0,0,0,0,0,0,0,0,0,0,0,0,0,0.00203,0.00147,0,0
"k__Bacteria|p__Firmicutes|c__CFGB1380|o__OFGB1380|f__FGB1380|g__GGB3363|s__GGB3363_SGB4447|t__SGB4447",0,0,0,0,0,3.28988,4.88056,0.06569,0.81204,0,0,0,0.00259,0.18371,0.04454,0,0,0,0,0,0,0,0,0,0,0,0,0,0,0.36812,0,0,0.33656,0.09701,0,0,0,0,0.30965,0.61196,0,0
"k__Bacteria|p__Firmicutes|c__CFGB1380|o__OFGB1380|f__FGB1380|g__GGB3363|s__GGB3363_SGB4448|t__SGB4448",0,0,0,0,0,0,0,0,0,0,0,0,0,0,0,0,0,0,0,0,0,0,0,0,0,0.67308,0.23089,0,0,0,0,0,0,0,0.14011,0,0,0,0,0,0,0
"k__Bacteria|p__Firmicutes|c__CFGB14224|o__OFGB14224|f__FGB14224|g__GGB38873|s__GGB38873_SGB47522|t__SGB47522",0,0,0,0,0,0,0,0,0,0,0,0,0,0,0,0,0,0,0,0.00124,0,0,0,0,0,0,0,0,0,0,0.00286,0,0,0,0,0,0,0,0,0,0,0
"k__Bacteria|p__Firmicutes|c__CFGB1425|o__OFGB1425|f__FGB1425|g__GGB3491|s__GGB3491_SGB4665|t__SGB4665",0,0,0,0,0,0,0,0.07866,0.05024,0,0,0,0,0,0,0,0,0,0,0,0,0,0.00058,0,0,0,0,0,0,0.14714,0,0,0,0,0,0,0,0,0,0,0,0
"k__Bacteria|p__Firmicutes|c__CFGB1473|o__OFGB1473|f__FGB1473|g__GGB3730|s__GGB3730_SGB5060|t__SGB5060",0,0,0.19767,0,0,0,0,0,0,0,0,0,0,0,0,0,0,0.17961,0.09501,0,0,0,0,0,0,0,0,0.3376,0,0.29487,0.04145,0.06052,0,0,0.24961,0.2064,0,0,0.17012,0.10478,0,0
"k__Bacteria|p__Firmicutes|c__CFGB1479|o__OFGB1479|f__FGB1479|g__GGB3751|s__GGB3751_SGB5099|t__SGB5099",0,0,0,0,0,0,0,0,0,0,0,0,0,0,0,0,0.09767,0,0,0,0,0,0,0,0,0,0,0,0,0,0,0,0,0,0,0,0,0,0,0,0,0
"k__Bacteria|p__Firmicutes|c__CFGB14936|o__OFGB14936|f__FGB14936|g__GGB3256|s__GGB3256_SGB4303|t__SGB4303",0,0,0.01187,5.60125,1.52209,3.89401,5.78718,0,0,0,0,0,0,0,0,0,1.60956,0,0,0,0,0,0,0,0,0,0,0,0,1.44719,3.17754,1.93558,0,0,8.52104,0.05674,3.72974,3.21145,0.40166,3.30666,0,0
"k__Bacteria|p__Firmicutes|c__CFGB15212|o__OFGB15212|f__FGB15212|g__GGB41458|s__GGB41458_SGB58520|t__SGB58520",0.07062,0.12848,0,0,0,0.19903,0.12341,0.07534,0.11089,0,0,0,0,0,0,0,0,0,0,0,0,0,0,0,0,0,0,0,0,0,0,0,0,0,0,0,0,0,0,0,0,0
"k__Bacteria|p__Firmicutes|c__CFGB1538|o__OFGB1538|f__FGB1538|g__GGB3892|s__GGB3892_SGB5290|t__SGB5290",0,0,0,0,0,0,0,0,0,0,0,0,0.04314,0,0,0,0,0,0,0,0,0,0,0,0,0,0,0,0,0,0,0,0,0,0,0,0,0,0,0,0,0
"k__Bacteria|p__Firmicutes|c__CFGB16518|o__OFGB16518|f__FGB16518|g__GGB51109|s__GGB51109_SGB71325|t__SGB71325",0,0,0,0,0,0,0,0,0,0,0,0,0,0,0,0,0,0,0,0,0,0,0,0,1e-04,0,0,0,0,0,0,0,0,0,0,0,0,0,0,0,0,0
"k__Bacteria|p__Firmicutes|c__CFGB16911|o__OFGB16911|f__FGB16911|g__GGB49418|s__GGB49418_SGB69331|t__SGB69331",0,0,0,0,0,0,0,0.0058,0,0,0,0,0,0,0,0,0.03249,0,0,0,0,0,0,0,0,0,0,0,0,0.01161,0,0,0,0,0.03617,0,0,0,0,0,0,0
"k__Bacteria|p__Firmicutes|c__CFGB1765|o__OFGB1765|f__FGB1765|g__GGB4549|s__GGB4549_SGB6271|t__SGB6271",0,0,0,0,0,0,0,0,0,0,0,0,0,0,0,0,0,0,0,0,0,0,0,0,0,0,0,0,0,0,1.01046,0.94004,0,0,0,0,0,0,0,0,0,0
"k__Bacteria|p__Firmicutes|c__CFGB1765|o__OFGB1765|f__FGB1765|g__GGB4552|s__GGB4552_SGB6276|t__SGB6276",0,0,0,0,0,0,0,0.2575,0.11551,0,0,0,0.01337,0,0,0,0,0,0,0,0,0,0,0,2.52771,0,0,0,0,0,0,0,0,0,0,0,0,0,1.29122,0,0,0
"k__Bacteria|p__Firmicutes|c__CFGB1765|o__OFGB1765|f__FGB1765|g__GGB4559|s__GGB4559_SGB6293|t__SGB6293",0,0,0,0,0,0,0,1.39356,0.10556,0,0,0,0,0,0,0,0,0,0,0,0,0,0,0,0,0,0,0,0,0,0,1.62543,0,0,0,0,0,0,0,0,0,0
"k__Bacteria|p__Firmicutes|c__CFGB1765|o__OFGB1765|f__FGB1765|g__GGB4562|s__GGB4562_SGB6297|t__SGB6297",0,0,0,0,0,0,0,0,0,0,0,0,0,0,0,0,0,0,0,0,0,0,0,0,0,0,0,0,0,0,0,0,0,0,0,0,0,0,0.01479,0.00222,0,0
"k__Bacteria|p__Firmicutes|c__CFGB1765|o__OFGB1765|f__FGB1765|g__GGB4566|s__GGB4566_SGB6305|t__SGB6305",0,0,0,0,0,0,0,0,0,0,0,0,0,0,0,0,0,0,0,0,0,0,0,0,0,0,0,0,0,0,0,0,0,0,0,0,0,0,0.30244,0.07293,0,0
"k__Bacteria|p__Firmicutes|c__CFGB1765|o__OFGB1765|f__FGB1765|g__GGB4567|s__GGB4567_SGB6308|t__SGB6308",0.25872,4.4879,0,0,0,0,1e-04,0,0.00057,0,0,0,0,0,0,0,0,0,0,0,0,0,0,0,0,0,0,0,0,0,0,0,0,0,0,0,0,0,2.96713,1.59671,0,0
"k__Bacteria|p__Firmicutes|c__CFGB1765|o__OFGB1765|f__FGB1765|g__GGB4569|s__GGB4569_SGB6310|t__SGB6310",0,0,0,0,0,0,0,0.51972,0.39332,0,0,0,0,0,0,0,0,0,0,0,0,0,0,0,0,0,0,0,0,0,0,0,0,0,0,0,0,0,6.46392,0.03054,0,0
"k__Bacteria|p__Firmicutes|c__CFGB1765|o__OFGB1765|f__FGB1765|g__GGB4569|s__GGB4569_SGB6312|t__SGB6312",0,0,0,0,0,0,0,0,0,0,0,0,0,0,0,0,4.60669,0,0,0,0,0,0,0,0,0,0,0,0,0,0,0,0,0,0,0,0,0,0,0,0,0
"k__Bacteria|p__Firmicutes|c__CFGB1765|o__OFGB1765|f__FGB1765|g__GGB4578|s__GGB4578_SGB6328|t__SGB6328",0,0,0,0,0,0,0,0.17009,0.07514,0,0,0,0,0,0,0,0,0,0,0,0,0,0,0,0,0,0,0,0,0,0,0,0,0,0,0,0,0,0,0,0,0
"k__Bacteria|p__Firmicutes|c__CFGB1765|o__OFGB1765|f__FGB1765|g__GGB4579|s__GGB4579_SGB6329|t__SGB6329",0,0,0,0,0,0,0,0,0,0,0,0,0,0,0,0,0,0,0,0,0,0,0,0,0,0,0,0,0,0,0,0,0,0,0,0,0,0,0.00481,0,0,0
"k__Bacteria|p__Firmicutes|c__CFGB1765|o__OFGB1765|f__FGB1765|g__GGB4583|s__GGB4583_SGB6334|t__SGB6334",0,0,0,0,0,0,0,0,0.04781,0,0,0,0,0,0,0,0,0,0,0,0,0,0,0,0,0,0,0,0,0,0,0,0,0,0,0,0,0,0,0,0,0
"k__Bacteria|p__Firmicutes|c__CFGB1765|o__OFGB1765|f__FGB1765|g__GGB4585|s__GGB4585_SGB6340|t__SGB6340",0,0,0,0,0,0,1.32574,0.47563,0.60773,0,0,0,0,0,0,0.00029,0,0,0,0,0,0,0,0,0,0,0,0,0,0.7023,0,0,0,0,0,0,0,0,0.29979,0,0,0
"k__Bacteria|p__Firmicutes|c__CFGB1765|o__OFGB1765|f__FGB1765|g__GGB4586|s__GGB4586_SGB6344|t__SGB6344",0,0,0,0,0,0,0,0,0,0,0,0,0,0,0,0,0,0,0,0,0,0,0,0,0,0,0,0,0,0,0.003,1.5635,0,0,0,0,0,0,0,0,0,0
"k__Bacteria|p__Firmicutes|c__CFGB1765|o__OFGB1765|f__FGB1765|g__GGB4588|s__GGB4588_SGB6347|t__SGB6347",0,0,0,0,0,0,0,0,0,0,0,0,0,0,0,0,0,0,0,0,0,0,0,0,0,0,0,0,0,0,0.01467,0.05129,0,0,0,0,0,0,0,0,0,0
"k__Bacteria|p__Firmicutes|c__CFGB1765|o__OFGB1765|f__FGB1765|g__GGB4596|s__GGB4596_SGB6358|t__SGB6358",0,0,0,0,0,0,0,0.78342,2.76065,0,0,0,0,0,0,0,0.00395,0,0,0,0,0,0,0,0,0,0,0,0,0,0,0,0,0,0,0,0,0,0.02531,0,0,0
"k__Bacteria|p__Firmicutes|c__CFGB1765|o__OFGB1765|f__FGB1765|g__GGB4599|s__GGB4599_SGB6362|t__SGB6362",0,0,0,0,0,0,0,1.90403,0,0,0,0,0,0,0,0,0,0,0,0,0,0,0,0,0,0,0,0,0,0,0,0,0,0,0,0,0,0,0,0,0,0
"k__Bacteria|p__Firmicutes|c__CFGB1765|o__OFGB1765|f__FGB1765|g__GGB4603|s__GGB4603_SGB6367|t__SGB6367",0,0,0,0,0,0,0,0,0,0,0,0,0,0,0,0,0,0,0,0,0,0,0,0,0,0,0,0,0,0.02064,0,0,0,0,0,0,0,0,0.35996,0,0,0
"k__Bacteria|p__Firmicutes|c__CFGB1765|o__OFGB1765|f__FGB1765|g__GGB4604|s__GGB4604_SGB6369|t__SGB6369",0,0,0,0,0,0,0,0,0,0,0,0,0,0,0,0,0,0,0,0,0,0,0,0,0,0,0,0,0,0,0,0,0,0,0,0,0,0,0.0109,0,0,0
"k__Bacteria|p__Firmicutes|c__CFGB1765|o__OFGB1765|f__FGB1765|g__GGB4605|s__GGB4605_SGB6376|t__SGB6376",0,0,0,0,0,0,0,0.07623,0.03818,0,0,0,0,0,0,0,0,0,0,0,0,0,0,0,0,0,0,0,0,0,0,0,0,0,0,0,0,0,0.20011,0,0,0
"k__Bacteria|p__Firmicutes|c__CFGB1765|o__OFGB1765|f__FGB1765|g__GGB87334|s__GGB87334_SGB6273|t__SGB6273",0.00169,0.10394,0,0,0,0,0,0,0,0,0,0,0,0,0,0,0,0,0,0,0,0,0,0,0,0,0,0,0,0,0,0,0,0,0,0,0,0,0,0,0,0
"k__Bacteria|p__Firmicutes|c__CFGB1776|o__OFGB1776|f__FGB1776|g__GGB4682|s__GGB4682_SGB6472|t__SGB6472",0,0,0,0,0,0,0,0,0,0,0,0,0,0,0,0,0,0,0,0,0,0,0,0,0,0,0,0,0,0,0,0,0,0,0,0,0,0,0.13781,0,0,0
"k__Bacteria|p__Firmicutes|c__CFGB1776|o__OFGB1776|f__FGB1776|g__GGB4683|s__GGB4683_SGB6473|t__SGB6473",0.08716,0.35384,0.00818,0,0,0,0,0,0,0,0,0,0,0,0,0,0,0,0,0,0,0,0,0,0,0,0,0,0,0,2.0902,0.00941,0,0,0,0,0,0,0.12868,0.15265,0,0
"k__Bacteria|p__Firmicutes|c__CFGB1776|o__OFGB1776|f__FGB1776|g__GGB4684|s__GGB4684_SGB6478|t__SGB6478",0.02351,1.95771,0.03533,0,0,0,0,0,0,0,0,0,0,0,0,7.26334,6.4611,0,0,0,0,0,0,0,0,0,0,0,0,0.363,0,0,0,0,0,0.02529,0,0,0,0,0,0
"k__Bacteria|p__Firmicutes|c__CFGB1777|o__OFGB1777|f__FGB1777|g__GGB4694|s__GGB4694_SGB6493|t__SGB6493",0,0,0,0,0,0,0,0,0,0,0,0,0,0,0,0,0,0,0,0,0,0,0,0,0,0,0,0,0,0,0,0,0,0,0,0,0,0,0.84034,0,0,0
"k__Bacteria|p__Firmicutes|c__CFGB1778|o__OFGB1778|f__FGB1778|g__GGB4715|s__GGB4715_SGB6529|t__SGB6529",0,0,0,0,0,0,0,0,0,0,0,0,0,0,0,0,0,0,0,0,0,0,0,0,0,0,0,0,0,0,0,0,0,0,0,0,0,0,0.20584,0,0,0
"k__Bacteria|p__Firmicutes|c__CFGB1779|o__OFGB1779|f__FGB1779|g__GGB4717|s__GGB4717_SGB6533|t__SGB6533",0,0,0,0,0,0,0,0,0.1093,0,0,0,0,0,0,0,0,0,0,0,0,0,0,0,0,0,0,0,0,0,0,0,0,0,0,0,0,0,0,0,0,0
"k__Bacteria|p__Firmicutes|c__CFGB1780|o__OFGB1780|f__FGB1780|g__GGB4723|s__GGB4723_SGB6540|t__SGB6540",0,0,0,0,0,0,0,0.25586,0.02297,0,0,0,0,0,0,0,0,0,0,0,0,0,0,0,0,0,0,0,0,5e-05,0,0,0,0,0,0,0,0,0,0,0,0
"k__Bacteria|p__Firmicutes|c__CFGB1780|o__OFGB1780|f__FGB1780|g__GGB4723|s__GGB4723_SGB6541|t__SGB6541",0,0,0.0764,0,0,0,0,0,0,0,0,0,0,0,0,0,0,0,0,0,0,0,0,0,0,0,0,0,0,0,0,0,0,0,0,0,0,0,0.19489,0,0,0
"k__Bacteria|p__Firmicutes|c__CFGB1838|o__OFGB1838|f__FGB1838|g__GGB4884|s__GGB4884_SGB6823|t__SGB6823",0,0,0,0,0,0,0,0,0,0,0,0,0,0,0,0,0.00214,0,0,0,0,0,0,0,0,0,0,0,0,0.08125,0,0,0,0,0,0,0,0,0,0,0,0
"k__Bacteria|p__Firmicutes|c__CFGB1872|o__OFGB1872|f__FGB1872|g__GGB4964|s__GGB4964_SGB6927|t__SGB6927",0,0,0.00371,0,0,0,0,0,0,0,0,0,0,0,0,0,0,0.01579,0.00575,0,0,0,0,0,0,0,0,0,0,0,0,0,0,0,0,0,0,0,0,0,0,0
"k__Bacteria|p__Firmicutes|c__CFGB2831|o__OFGB2831|f__FGB2831|g__GGB9052|s__GGB9052_SGB13957|t__SGB13957",0,0,0,0,0,0,0,0,0,0,0,0,0,0,0,0,0,0,0,0,0,0.00135,0.00282,0,0,0,0,0,0,0,0,0,0,0,0,0,0,0,0,0,0,0
"k__Bacteria|p__Firmicutes|c__CFGB2834|o__OFGB2834|f__FGB2834|g__GGB9063|s__GGB9063_SGB13982|t__SGB13982",0,0,0,0,0,0,0,0,0,0,0,0.00516,0,0,0,0,0,0,0,0,0,0,0,0,0,0,0,0,0,0.00664,0.01561,0.00176,0,0,0,0,0,0,0,0.00094,0,0
"k__Bacteria|p__Firmicutes|c__CFGB2834|o__OFGB2834|f__FGB2834|g__GGB9064|s__GGB9064_SGB13983|t__SGB13983",0.00409,0,0,0,0,0,0,0,0,0,0,0,0,0,0,0.09819,0,0,0,0,0,0.00375,0.03446,0,0,0,0,0,0,0,0,0,0,0,0,0,0,0,0.00261,7e-04,0,0
"k__Bacteria|p__Firmicutes|c__CFGB2837|o__OFGB2837|f__FGB2837|g__GGB9076|s__GGB9076_SGB13999|t__SGB13999",0,0,0,0,0,0,0,0,0,0,0,0,0,0,0,0,0,0,0,0,0,0,0,0,0,0,0,0,0,0,0,0,0,0,0.00357,0,0,0,0,0,0,0
"k__Bacteria|p__Firmicutes|c__CFGB2875|o__OFGB2875|f__FGB2875|g__GGB9176|s__GGB9176_SGB14114|t__SGB14114",0,0,0,0,0,0,0,0,0,0,0,0.01561,0.01016,0,0,0,0,0,0,0,0,0,0,0,0,0,0,0,0,0,0,0,0,0,0,0,0,0,0.06233,0.01595,0,0
"k__Bacteria|p__Firmicutes|c__CFGB28775|o__OFGB28775|f__FGB28775|g__GGB3511|s__GGB3511_SGB4688|t__SGB4688",0,0,0,0,0,0,0,0,0,0,0,0,0,0,0,0,0,0,0,0,0,0,0,0,0,0,0,0.08562,0,0,0,0,0,0,0,0,0.03255,0.0315,0,0,0,0
"k__Bacteria|p__Firmicutes|c__CFGB2881|o__OFGB2881|f__FGB2881|g__GGB9189|s__GGB9189_SGB14128|t__SGB14128",0.00486,0.02548,0,0,0,0,0,0.00717,0.00564,0,0,0,0,0,0,0.00759,0.00656,0.07595,0.01979,0,0,0,0,0,0,0.0142,0,0,0,0.01431,0.00615,0.01673,0,0,0.00086,0,0,0,0.01155,0.00716,0,0
"k__Bacteria|p__Firmicutes|c__CFGB2889|o__OFGB2889|f__FGB2889|g__GGB9197|s__GGB9197_SGB14136|t__SGB14136",0.5099,0.12643,0.00304,0,0,0,0,0,0,0,0,0,0,0,0,0,0,0,0,0,0,0,0,0,0,0,0,0,0,0,0.06518,0.12916,0,0,0,0,0,0,0,0,0,0
"k__Bacteria|p__Firmicutes|c__CFGB2890|o__OFGB2890|f__FGB2890|g__GGB9198|s__GGB9198_SGB14137|t__SGB14137",0,0,0,0,0,0,0,0,0,0,0,0,0,0,0,0,0,0,0,0,0,0,0,0,0,0,0.00749,0,0,0,0,0,0,0,0,0,0,0,0,0,0,0
"k__Bacteria|p__Firmicutes|c__CFGB2890|o__OFGB2890|f__FGB2890|g__GGB9199|s__GGB9199_SGB14138|t__SGB14138",0,0,0,0,0,0,0,0,0,0,0,0,0,0,0,0,0,0,0,0,0,0.01484,0.01892,0,0,0,0,0,0,0,0,0,0,0,0,0,0,0,0,0,0,0
"k__Bacteria|p__Firmicutes|c__CFGB2890|o__OFGB2890|f__FGB2890|g__GGB9200|s__GGB9200_SGB14139|t__SGB14139",0,0,0,0,0,0,0,0,0,0,0,0,0,0,0,0.03413,0,0,0,0,0,0,0,0,0,0,0,0,0,0.00138,0,0,0,0,0,0,0,0,0,0,0,0
"k__Bacteria|p__Firmicutes|c__CFGB2898|o__OFGB2898|f__FGB2898|g__GGB9210|s__GGB9210_SGB14149|t__SGB14149",0,0,0,0,0,0,0,0,0,0,0,0,0,0,0,0,0,0,0,0,0,0,0,0,0,0,0,0,0,0,0,0,0,0,0,0,0,0,0.00082,0,0,0
"k__Bacteria|p__Firmicutes|c__CFGB2898|o__OFGB2898|f__FGB2898|g__GGB9210|s__GGB9210_SGB14150|t__SGB14150",0,0,0,0,0,0,0,0,0,0,0,0,0,0,0,0,0,0,0,0,0,0.02981,0.0269,0,0,0,0,0,0,0,0,0,0,0,0,0,0,0,0,0,0,0
"k__Bacteria|p__Firmicutes|c__CFGB2898|o__OFGB2898|f__FGB2898|g__GGB9211|s__GGB9211_SGB14151|t__SGB14151",0,0,0,0,0,0,0,0,0,0,0,0.00049,0.01634,0,0,0,0,0,0,0,0,0,0,0,0,0,0,0,0,0,0,0,0,0,0,0,0,0,0,0,0,0
"k__Bacteria|p__Firmicutes|c__CFGB2906|o__OFGB2906|f__FGB2906|g__GGB9225|s__GGB9225_SGB14166|t__SGB14166",0,0,0,0.00113,0,0,0,0,0,0,0,0,0,0,0,0,0,0,0,0,0,0,0,0,0,0,0,0,0,0,0,0,0,0,0,0,0,0,0,0,0,0
"k__Bacteria|p__Firmicutes|c__CFGB2915|o__OFGB2915|f__FGB2915|g__GGB36267|s__GGB36267_SGB14177|t__SGB14177",0.00241,0.01037,0,0,0,0,0,0.00136,0,0,0,0,0,0,0,0,0,0,0,0,0,0,0,0,0,0,0.01378,0,0,0.0607,0,0,0,0,0,0,0,0,0,0,0,0
"k__Bacteria|p__Firmicutes|c__CFGB2917|o__OFGB2917|f__FGB2917|g__GGB9238|s__GGB9238_SGB14180|t__SGB14180",0,0,0,0,0,0,0,0,0,0,0,0,0,0,0,0,0,0,0,0,0,3e-04,0,0,0,0,0,0,0,0,0,0,0,0,0,0,0,0,0.00769,0,0,0
"k__Bacteria|p__Firmicutes|c__CFGB2918|o__OFGB2918|f__FGB2918|g__GGB9289|s__GGB9289_SGB14244|t__SGB14244",0,0,0,0,0,0,0,0,0,0,0,0,0,0,0,0,0,0,0,0,0,0.00338,0.0084,0,0,0,0,0,0,0,0,0,0,0,0,0,0,0,0,0,0,0
"k__Bacteria|p__Firmicutes|c__CFGB2921|o__OFGB2921|f__FGB2921|g__GGB9243|s__GGB9243_SGB14185|t__SGB14185",0,0,0,0,0,0,0,0,0,0,0,0,0,0,0,0,0.08392,0,0,0,0,0,0,0,0,0,0,0,0,0,0,0,0,0,0,0,0,0,0,0,0,0
"k__Bacteria|p__Firmicutes|c__CFGB2930|o__OFGB2930|f__FGB2930|g__GGB9253|s__GGB9253_SGB14198|t__SGB14198",0.02139,0.14619,0,0,0,0,0,0,0,0,0,0,0,0,0,0,0,0,0,0,0,0,0,0,0,0,0,0,0,0.01917,0,0.01087,0,0,0,0,0,0,0.00183,0,0,0
"k__Bacteria|p__Firmicutes|c__CFGB2930|o__OFGB2930|f__FGB2930|g__GGB9253|s__GGB9253_SGB14199|t__SGB14199",0,0,0,0,0,0,0,0.00268,0.00096,0,0,0,0,0,0,0,0.00327,0,0,0,0,0,0,0,0,0,0,0,0,0,0,0,0,0,0,0,0,0,0,0,0,0
"k__Bacteria|p__Firmicutes|c__CFGB2932|o__OFGB2932|f__FGB2932|g__GGB9261|s__GGB9261_SGB14209|t__SGB14209",0.02274,0,0,0,0,0,0,0.00656,0.00052,0,0,0,0,0,0,0,0,0,0,0,0,0,0,0,0,0,0,0,0,0.00061,0,0,0,0,0,0,0,0,0,0,0,0
"k__Bacteria|p__Firmicutes|c__CFGB2937|o__OFGB2937|f__FGB2937|g__GGB9271|s__GGB9271_SGB14222|t__SGB14222",0,0,0,0,0,0,0,0,0,0,0,0,0,0,0,0,0,0,0,0,0,0,0,0,0,0,0,0,0,0,0,0,0,0,0,0.0038,0,0,0,0,0,0
"k__Bacteria|p__Firmicutes|c__CFGB2937|o__OFGB2937|f__FGB2937|g__GGB9271|s__GGB9271_SGB14223|t__SGB14223",0,0,0,0,0,0,0,0.02946,0,0,0,0,0,0,0,0,0,0,0,0,0,0,0,0,0,0,0,0,0,0,0,0,0,0,0,0,0,0,0,0.00986,0,0
"k__Bacteria|p__Firmicutes|c__CFGB2947|o__OFGB2947|f__FGB2947|g__GGB38716|s__GGB38716_SGB14237|t__SGB14237",0,0,0,0,0,0,0,0,0,0,0,0,0,0,0,0,0.00043,0,0,0,0,0,0,0,0,0,0,0,0,0,0,0,0,0,0,0,0,0,0,0,0,0
"k__Bacteria|p__Firmicutes|c__CFGB2947|o__OFGB2947|f__FGB2947|g__GGB9285|s__GGB9285_SGB14238|t__SGB14238",0,0,0,0,0,0,0,0,0,0,0,0,0,0,0,0,0.01817,0,0,0,0,0,0,0,0,0,0,0,0,0,0,0,0,0,0,0,0,0,0,0,0,0
"k__Bacteria|p__Firmicutes|c__CFGB2949|o__OFGB2949|f__FGB2949|g__GGB9290|s__GGB9290_SGB14247|t__SGB14247",0,0,0,0,0,0,0,0.04467,0.00425,0,0,0,0,0,0,0,0.01025,0,0,0,0,0,0,0,0,0,0,0,0,0,0.00954,0.02255,0,0,0,0,0,0,0.05333,0.00381,0,0
"k__Bacteria|p__Firmicutes|c__CFGB2950|o__OFGB2950|f__FGB2950|g__GGB9291|s__GGB9291_SGB14248|t__SGB14248",0.00138,0,0,0,0,0,0,0,0,0,0,0.00238,0.00101,0,0,0,0,0,0,0,0,0,0,0,0,0,0,0,0,0,0,0,0,0,0,0,0,0,0,0,0,0
"k__Bacteria|p__Firmicutes|c__CFGB2952|o__OFGB2952|f__FGB2952|g__GGB9293|s__GGB9293_SGB14250|t__SGB14250",0.00333,0.00658,0,0,0,0,0,0.05326,0.01212,0,0,0,0,0,0,0,0.03342,0,0,0,0,0,0,0,0,0,0,0,0,0.10555,0,0,0,0,0,0,0,0,0.12111,0.01257,0,0
"k__Bacteria|p__Firmicutes|c__CFGB2954|o__OFGB2954|f__FGB2954|g__GGB9297|s__GGB9297_SGB14255|t__SGB14255",0.0018,0,0,0,0,0,0,0.00168,0.00094,0,0,0,0,0,0,0,0,0,0,0,0,0,0,0,0,0,0,0,0,0,0,0,0,0,0,0,0,0,0,0,0,0
"k__Bacteria|p__Firmicutes|c__CFGB2957|o__OFGB2957|f__FGB2957|g__GGB9299|s__GGB9299_SGB14259|t__SGB14259",0,0,0,0,0,0,0,0,0,0,0,0,0,0,0,0,0.01144,0,0,0,0,0,0,0,0,0,0,0,0,0,0,0,0,0,0,0,0,0,0,0,0,0
"k__Bacteria|p__Firmicutes|c__CFGB2959|o__OFGB2959|f__FGB2959|g__GGB9301|s__GGB9301_SGB14262|t__SGB14262",8e-05,0.00357,0,0,0,0,0,0,0,0,0,0,0,0,0,0.00079,0,0,0,0,0,0.003,0.0085,0,0,0,0,0,0,0,0,0,0,0,0,0,0,0,0.0089,0.00227,0,0
"k__Bacteria|p__Firmicutes|c__CFGB2960|o__OFGB2960|f__FGB2960|g__GGB9302|s__GGB9302_SGB14263|t__SGB14263",0,0,0,0,0,0,0,0.03701,0.00621,0,0,0.0208,0.0685,0,0,0,0.03988,0,0,0,0,0,0,0,0,0,0,0,0,0.01283,0.0823,0.02361,0,0,0,0,0,0,0.09511,0,0,0
"k__Bacteria|p__Firmicutes|c__CFGB2982|o__OFGB2982|f__FGB2982|g__GGB9342|s__GGB9342_SGB14306|t__SGB14306",0.87415,0.12499,0,0,0,0,0,0.20012,0.00586,0,0,0,0.02713,0,0,0,0.0028,0,0,0,0,1.56468,3.40544,0,0,0,0,0,0,4.07449,0,0,0,0,0,0,0,0,0.01398,0.00068,0,0
"k__Bacteria|p__Firmicutes|c__CFGB2983|o__OFGB2983|f__FGB2983|g__GGB9343|s__GGB9343_SGB14307|t__SGB14307",0,0,0,0,0,0,0,0.00391,0,0,0,0,0,0,0,0,0,0,0,0,0,0.00409,0.06117,0,0,0,0,0,0,0,0,0,0,0,0,0,0,0,0.02092,0,0,0
"k__Bacteria|p__Firmicutes|c__CFGB2984|o__OFGB2984|f__FGB2984|g__GGB9347|s__GGB9347_SGB14313|t__SGB14313",0.27728,0.90384,0.04115,0,0,0,0,0.21954,0,0,0,0,0,0,0,0,0.63164,0,0,0,0,0,0.51819,0,0,0,0,0,0,0,0,0,0,0,0,0,0,0,0.02151,0.00675,0,0
"k__Bacteria|p__Firmicutes|c__CFGB2985|o__OFGB2985|f__FGB2985|g__GGB9350|s__GGB9350_SGB14317|t__SGB14317",0.00193,0.04164,0,0,0,0,0,0.10636,0,0,0,0,0,0,0,0,0.00829,0,0,0,0,0,0,0,0,0,0,0,0,0,0,0,0,0,0,0,0,0,0,0,0,0
"k__Bacteria|p__Firmicutes|c__CFGB2997|o__OFGB2997|f__FGB2997|g__GGB9444|s__GGB9444_SGB14834|t__SGB14834",0.00355,0.00211,0.01465,0,0,0,0,0.00142,0,0,0,0,0,0,0,0,0,0.03219,0.0027,0,0,0,0.0071,0,0,0,0,0,0,0.00059,0,0.01053,0,0,0,0,0,0,0,0,0,0
"k__Bacteria|p__Firmicutes|c__CFGB3004|o__OFGB3004|f__FGB3004|g__GGB58158|s__GGB58158_SGB79798|t__SGB79798",0,0,0,0,0,0,0,0,0,0,0,0,0.00045,0,0,0,0,0,0,0,0,0.00032,0.00493,0,0,0,0,0,0,0,0.00069,0.00096,0,0,0,0,0,0,0,0,0,0.01385
"k__Bacteria|p__Firmicutes|c__CFGB3009|o__OFGB3009|f__FGB3009|g__GGB31234|s__GGB31234_SGB14869|t__SGB14869",0,0,0,0,0,0,0,0,0,0,0,0,0.00032,0,0,0.00126,0,0,0,0,0,0,7e-05,0,0,0,0,0,0,0,0,0,0,0,0,0,0,0,0,0,0,0
"k__Bacteria|p__Firmicutes|c__CFGB3009|o__OFGB3009|f__FGB3009|g__GGB9474|s__GGB9474_SGB14868|t__SGB14868",0,0,0,0,0,0,0,0,0,0,0,0,0,0,0,0,0,0,0,0,0,0,0,0,0,0,0,0,0,0,0.0236,0,0,0,0,0,0,0,0,0,0,0
"k__Bacteria|p__Firmicutes|c__CFGB3009|o__OFGB3009|f__FGB3009|g__GGB9476|s__GGB9476_SGB14870|t__SGB14870",0,0,0,0,0,0,0,0,0,0,0,0,0,0,0,0,0,0,0,0,0,0,0,0,0,0,0,0,0,0,0,0,0,0,0,0,0,0,0,0,0,0.0168
"k__Bacteria|p__Firmicutes|c__CFGB3012|o__OFGB3012|f__FGB3012|g__GGB9480|s__GGB9480_SGB14874|t__SGB14874",0,0,0,0,0,0,0,0,0,0,0,0,0,0,0,0,0,0,0,0,0,0,0,0,0,0.96435,0.98967,0,0,0,0,0,0,0,0,0,0,0,0,0,0,0
"k__Bacteria|p__Firmicutes|c__CFGB3023|o__OFGB3023|f__FGB3023|g__GGB9501|s__GGB9501_SGB14898|t__SGB14898",0,0,0,0,0,0,0,0,0,0,0,0.00726,0.04804,0,0,0,0,0,0,0,0,0.01201,0.00275,0,0,0,0,0,0,0,0,0,0,0,0,0,0,0,0.01866,0.00417,0,0
"k__Bacteria|p__Firmicutes|c__CFGB3023|o__OFGB3023|f__FGB3023|g__GGB9502|s__GGB9502_SGB14899|t__SGB14899",0.03431,0.08499,0.0112,0,0,0,0,0.09365,0.07109,0,0,0,0,0,0,0,0.01735,0.00103,0.00221,0,0,0,0,0,0,0.09684,0.01412,0,0,0.03894,0.02254,0.00802,0,0,0,0,0,0,0,0,0,0
"k__Bacteria|p__Firmicutes|c__CFGB3026|o__OFGB3026|f__FGB3026|g__GGB9508|s__GGB9508_SGB14905|t__SGB14905",0,0,0.01521,0,0,0,0,0,0,0,0,0,0,0,0,0,0.0018,0,0,0,0,0,0,0,0,0,0,0,0,0,0,0,0,0,0,0,0,0,0,0,0,0
"k__Bacteria|p__Firmicutes|c__CFGB30287|o__OFGB30287|f__FGB30287|g__GGB42378|s__GGB42378_SGB59548|t__SGB59548",0.00221,0.01228,0,0,0,0,0,0,0,0,0,0,0,0,0,0,0,0,0,0,0,0,0,0,0,0,0,0,0,0.01111,0,0,0,0,0,0,0,0,0.00433,0,0,0
"k__Bacteria|p__Firmicutes|c__CFGB30328|o__OFGB30328|f__FGB30328|g__GGB52106|s__GGB52106_SGB72838|t__SGB72838",0,0,0,0,0,0,0,0,0,0,0,0,0,0,0,0,0,0,0,0,0,0,0,0,0,0.00078,0.0024,0,0,0,0.01667,0.00535,0,0,0,0,0,0,0,0,0,0
"k__Bacteria|p__Firmicutes|c__CFGB3038|o__OFGB3038|f__FGB3038|g__GGB33586|s__GGB33586_SGB53517|t__SGB53517",0,0,0,0.00097,0,0,0,0.00068,0,0,0,0.00145,0.00284,0,0,0.00804,0,0,0,0,0,0.00177,0.00086,0,0,0,0.01924,0,0,0.00428,0.01335,0.01652,0,0,0,0,0,0,0.00045,0,0.01411,0
"k__Bacteria|p__Firmicutes|c__CFGB3038|o__OFGB3038|f__FGB3038|g__GGB45640|s__GGB45640_SGB72681|t__SGB72681",0,0,0,0,0,0,0,0,0,0,0,0,0.00063,0,0,0,0,0,0,0,0,0,0,0,0,0,0,0,0,0,0,0,0,0,0,0,0,0,0,0,0,0
"k__Bacteria|p__Firmicutes|c__CFGB3038|o__OFGB3038|f__FGB3038|g__GGB9528|s__GGB9528_SGB14928|t__SGB14928",0,0,0,0,0,0,0,0,0,0,0,0,0,0,0,0,0,0,0,0,0,0.00197,0.02123,0,0,0,0,0,0,0,0,0,0,0,0,0,0,0,0,0,0,0
"k__Bacteria|p__Firmicutes|c__CFGB3038|o__OFGB3038|f__FGB3038|g__GGB9531|s__GGB9531_SGB14932|t__SGB14932",0,0,0,0,0,0,0,0.00071,0,0,0,0.02257,0.00351,0,0,0.05307,0,0,0,0,0,0,0,0,0,0,0,0,0,0.08709,0.00517,0.00037,0,0,0,0,0,0,0,0,0,0
"k__Bacteria|p__Firmicutes|c__CFGB3038|o__OFGB3038|f__FGB3038|g__GGB9532|s__GGB9532_SGB14933|t__SGB14933",0,0,0,0,0,0,0,0,0,0,0,0,0.00112,0,0,0,0,0,0,0,0,0,0,0,0,0,0,0,0,0,0,0,0,0,0,0,0,0,0,0,0,0
"k__Bacteria|p__Firmicutes|c__CFGB3038|o__OFGB3038|f__FGB3038|g__GGB9534|s__GGB9534_SGB14937|t__SGB14937",0.00414,0.00414,0,0,0,0,0,0,0,0,0,0,0,0,0,0.04037,0,0,0,0,0,0.00796,0.00708,0,0,0.00267,0.00371,0,0,0.01835,0.00014,0.01579,0,0,0,0,0,0.00516,0,0,0,0
"k__Bacteria|p__Firmicutes|c__CFGB3038|o__OFGB3038|f__FGB3038|g__GGB9537|s__GGB9537_SGB14940|t__SGB14940",0,0,0,0,0,0,0,0,0,0,0,0,0.0031,0,0,0.01407,0.00341,0,0,0,0,0,0,0,0,0,0,0,0,0.00155,0,0,0,0,0,0,0,0,0,0,0,0
"k__Bacteria|p__Firmicutes|c__CFGB3041|o__OFGB3041|f__FGB3041|g__GGB9547|s__GGB9547_SGB14953|t__SGB14953",0,0,0,0,0,0,0,0.03133,0,0,0,0,0,0,0,0,0,0,0,0,0,0.04718,0.03108,0,0,0,0,0,0,0,0,0,0,0,0,0,0,0,0.08689,0,0,0
"k__Bacteria|p__Firmicutes|c__CFGB3043|o__OFGB3043|f__FGB3043|g__GGB9551|s__GGB9551_SGB14958|t__SGB14958",0,0,0,0,0,0,0,0,0,0,0,0,0,0,0,0,0,0,0,0,0,0,0,0,0,0,0,0,0,0,0,0,0,0,0,0,0,0,0.00318,0,0,0
"k__Bacteria|p__Firmicutes|c__CFGB3047|o__OFGB3047|f__FGB3047|g__GGB52130|s__GGB52130_SGB14966|t__SGB14966",0.01902,0.00299,0,0,0,0,0.00081,0,0.00168,0,0,0,0.00538,0,0,0,0.00184,0,0,0,0,0,0,0,0,0,0,0,0,0.00071,0.01009,0.00375,0,0,0,0,0,0,0,0,0.00469,0
"k__Bacteria|p__Firmicutes|c__CFGB3048|o__OFGB3048|f__FGB3048|g__GGB9559|s__GGB9559_SGB69175|t__SGB69175",0,0,0,0,0,0,0,0,0,0,0,0,0,0,0,0.01021,0,0,0,0,0,0,0,0,0,0,0,0,0,0,0,0,0,0,0,0,0,0,0,0,0,0
"k__Bacteria|p__Firmicutes|c__CFGB3048|o__OFGB3048|f__FGB3048|g__GGB9561|s__GGB9561_SGB14972|t__SGB14972",0.01648,0.03829,0,0,0,0,0,0.00104,0.00549,0,0,0,0,0,0,0,0.04962,0.04757,3e-04,0,0,0.0074,0,0.00249,0.01406,0,0,0,0,0.08439,0,0,0,0,0,0,0,0,0,0,0,0
"k__Bacteria|p__Firmicutes|c__CFGB3054|o__OFGB3054|f__FGB3054|g__GGB33512|s__GGB33512_SGB15201|t__SGB15201",0,0,0,0,0,0,0,0,0,0,0,0.01977,0.35624,0,0,0,0,0,0,0,0,0.22156,0.23291,0,0,0,0,0,0,0.01921,0,0,0,0,0,0,0,0,0.10595,0.00843,0,0
"k__Bacteria|p__Firmicutes|c__CFGB3054|o__OFGB3054|f__FGB3054|g__GGB33512|s__GGB33512_SGB15202|t__SGB15202",0,0,0,0,0,0,0,0,0,0,0,0,0,0,0,0,0,0,0,0,0,0,0,0,0,0,0,0,0,0,0,0,0,0,0,0.46113,0,0,0.04313,0,0,0
"k__Bacteria|p__Firmicutes|c__CFGB3054|o__OFGB3054|f__FGB3054|g__GGB33512|s__GGB33512_SGB15203|t__SGB15203",0,0,0,0,0,0,0,0,0,0,0,0,0,0,0,0,0,0,0,0,0,0,0,0,0,0,0,0,0,0,0,0,0,0,0,0,0,0,0.39124,0.04455,0,0
"k__Bacteria|p__Firmicutes|c__CFGB3054|o__OFGB3054|f__FGB3054|g__GGB35551|s__GGB35551_SGB53794|t__SGB53794",0,0,0,0,0,0,0,0,0,0,0,0,0,0,0,0,0,0,0,0,0,0,0,0,0,0,0,0,0,0.00254,0,0,0,0,0,0,0,0,0,0,0,0
"k__Bacteria|p__Firmicutes|c__CFGB3054|o__OFGB3054|f__FGB3054|g__GGB9690|s__GGB9690_SGB15196|t__SGB15196",0.08562,0.47099,0.03551,0,0,0,0,0.10217,0.00215,0,0,0,0,0,0,0,0.00247,0,0,0,0,0,0,0,0,0,0,0,0,0.26493,0,0,0,0,0,0,0,0,0.09672,0.04002,0,0
"k__Bacteria|p__Firmicutes|c__CFGB3054|o__OFGB3054|f__FGB3054|g__GGB9691|s__GGB9691_SGB15198|t__SGB15198",0,0,0,0,0,0,0,0.26315,0.00206,0,0,0,0,0,0,0,0.04965,0,0,0,0,0,0,0,0,0,0,0,0,0.09842,0.12773,0.12208,0,0,0,0,0,0,0.31687,0.01657,0,0
"k__Bacteria|p__Firmicutes|c__CFGB3054|o__OFGB3054|f__FGB3054|g__GGB9694|s__GGB9694_SGB15204|t__SGB15204",0,0.00178,0,0,0,0,0,0,0,0,0,0.00812,0.07096,0,0,0,0,0,0,0,0,0.00566,0.05519,0,0,0,0,0,0,0.00164,0,0,0,0,0,0,0,0,0.00293,0,0,0
"k__Bacteria|p__Firmicutes|c__CFGB3054|o__OFGB3054|f__FGB3054|g__GGB9694|s__GGB9694_SGB15207|t__SGB15207",0,0,0,0,0,0,0,0,0,0,0,0,0,0,0,0,0,0,0,0,0,0,0,0,0,0,0,0,0,0,0,0,0,0,0,0,0,0,0.00249,0.00028,0,0
"k__Bacteria|p__Firmicutes|c__CFGB3057|o__OFGB3057|f__FGB3057|g__GGB9719|s__GGB9719_SGB15272|t__SGB15272",0.00524,0.01536,0,0,0,0.04127,0.01024,0,0,0,0,0.01759,0.09616,0,0,0.03503,0,0.00187,0,0.08346,0.04189,0.22603,0.09495,0.00236,0.15845,0,0,0,0,0.00728,0,0,0,0,0,0.03913,0,0.02214,0.03895,0.08373,0.13674,0.10008
"k__Bacteria|p__Firmicutes|c__CFGB3057|o__OFGB3057|f__FGB3057|g__GGB9719|s__GGB9719_SGB15273|t__SGB15273",0,0,0,0.09728,0.00327,0,0,0,0,0,0,0,0,0,0,0,0.01005,0,0,0,0,0,0,0,0,0,0,0,0,0,0.26428,0.00876,0,0,0,0,0,0,0,0,0,0
"k__Bacteria|p__Firmicutes|c__CFGB3057|o__OFGB3057|f__FGB3057|g__GGB9719|s__GGB9719_SGB53514|t__SGB53514",0,0,0,0,0,0,0,0,0,0,0,0.02905,0.02637,0.0018,0,0,0,0,0,0,0,0,0,0,0,0.01435,0.03356,0,0,0,0,0,0,0,0,0,0,0,0,0,0,0
"k__Bacteria|p__Firmicutes|c__CFGB3062|o__OFGB3062|f__FGB3062|g__GGB9747|s__GGB9747_SGB15356|t__SGB15356",0.6767,2.39751,0.0289,0,0,0.00073,0,0.47305,0.03049,0,0,0,0,0,0,0,0.7659,0.01062,0.041,0,0,0,0,0,0,0,0,0,0,0.83904,0.38882,0.19359,0,0,0.02122,0,0,0,0.06529,0.0691,0,0
"k__Bacteria|p__Firmicutes|c__CFGB3069|o__OFGB3069|f__FGB3069|g__GGB9767|s__GGB9767_SGB15384|t__SGB15384",0.0031,0.00142,0,0,0,0,0,0,0,0,0,0,0,0,0,0,0.05634,0,0,0,0,0,0,0,0,0,0,0,0,0,0,0,0,0,0,0,0,0,0,0,0,0
"k__Bacteria|p__Firmicutes|c__CFGB3069|o__OFGB3069|f__FGB3069|g__GGB9767|s__GGB9767_SGB15385|t__SGB15385",0.05162,0.0439,0,0,0,0,0,0.09378,0.00348,0,0,0,0,0,0,0,0.3411,0,0,0,0,0,0,0,0,0,0,0,0,0,0,0,0,0,0.00147,0,0,0,0,0,0,0
"k__Bacteria|p__Firmicutes|c__CFGB3069|o__OFGB3069|f__FGB3069|g__GGB9770|s__GGB9770_SGB15389|t__SGB15389",0,0,0,0,0,0,0,0.01799,0,0,0,0,0,0,0,0,0.0028,0,0,0,0,0.01027,0.02382,0,0,0,0,0,0,0,0,0,0,0,0,0,0,0,0.01115,0,0,0
"k__Bacteria|p__Firmicutes|c__CFGB3069|o__OFGB3069|f__FGB3069|g__GGB9770|s__GGB9770_SGB15390|t__SGB15390",0,0,0,0,0,0,0,0.01268,0,0,0,0,0,0,0,0.00072,0,0,0,0,0,1.29469,1.0509,0,0,0,0,0,0,0,0,0,0,0,0,0,0,0,0.09729,0.0541,0,0
"k__Bacteria|p__Firmicutes|c__CFGB3069|o__OFGB3069|f__FGB3069|g__GGB9773|s__GGB9773_SGB15393|t__SGB15393",0,0,0,0,0,0,0,0,0,0,0,0,0,0,0,0,0.01522,0,0,0,0,0,0,0,0,0,0,0,0,0,0,0,0,0,0,0,0,0,0,0,0,0
"k__Bacteria|p__Firmicutes|c__CFGB3070|o__OFGB3070|f__FGB3070|g__GGB9774|s__GGB9774_SGB15394|t__SGB15394",0,0,0,0,0,0,0,0,0,0,0,0,0,0,0,0,0,0.0163,0,0,0,0,0,0,0,0,0,0,0,0,0,0,0,0,0,0,0,0,0,0,0,0
"k__Bacteria|p__Firmicutes|c__CFGB3070|o__OFGB3070|f__FGB3070|g__GGB9775|s__GGB9775_SGB15395|t__SGB15395",0.0254,0.00325,0,0,0,0,0,0.01292,0,0,0,0.00343,0.031,0,0,0,0,0,0,0,0,0.08353,0.00912,0,0,0,0,0,0,0,0,0,0,0,0,0,0,0,0,0,0,0
"k__Bacteria|p__Firmicutes|c__CFGB3071|o__OFGB3071|f__FGB3071|g__GGB34197|s__GGB34197_SGB53486|t__SGB53486",0.00232,0.0233,0,0,0,0,0,0,0,0,0,0,0,0,0,0,0,0,0,0,0,0,0,0,0,0,0,0,0,0,0,0,0,0,0,0,0,0,0,0,0,0
"k__Bacteria|p__Firmicutes|c__CFGB3071|o__OFGB3071|f__FGB3071|g__GGB9778|s__GGB9778_SGB15398|t__SGB15398",0.00506,0.01252,0,0,0,0,0,0,0,0,0,0,0,0,0,0,0.02641,0,0,0,0,0,0,0,0,0,0,0,0,0,0,0,0,0,0,0,0,0,0,0,0,0
"k__Bacteria|p__Firmicutes|c__CFGB3071|o__OFGB3071|f__FGB3071|g__GGB9780|s__GGB9780_SGB15400|t__SGB15400",0,0,0,0,0,0,0,0,0,0,0,0,0,0,0,0,0,0,0,0,0,0,0,0,0,0,0,0,0,0,0,0,0,0,0,0,0,0,0.19423,0.28273,0,0
"k__Bacteria|p__Firmicutes|c__CFGB3072|o__OFGB3072|f__FGB3072|g__GGB45491|s__GGB45491_SGB63163|t__SGB63163",0,0,0,0,0,0,0,0,0,0,0,0,0,0,0,0.00661,0,0,0,0,0,0.10367,0.05813,0,0,0,0,0,0,0,0,0,0,0,0,0,0,0,0.1489,0.03802,0,0
"k__Bacteria|p__Firmicutes|c__CFGB3072|o__OFGB3072|f__FGB3072|g__GGB45495|s__GGB45495_SGB63167|t__SGB63167",0,0,0,0,0,0,0,0.00059,0,0,0,0,0.06721,0,0,0,0,0,0,0,0,0.00547,0.06404,0,0,0,0,0,0,0,0,0,0,0,0,0,0,0,0.10134,0.00106,0,0
"k__Bacteria|p__Firmicutes|c__CFGB3072|o__OFGB3072|f__FGB3072|g__GGB9781|s__GGB9781_SGB15402|t__SGB15402",0.01041,0.00635,0,0,0,0,0,0.02703,0.00203,0,0,0,0.22222,0,0,9e-04,0.04985,0,0,0,0,0.10775,0.32489,0,0,0,0,0,0,0,0.0518,0.00579,0,0,0,0,0,0,0.15206,0.0964,0,0.00061
"k__Bacteria|p__Firmicutes|c__CFGB3072|o__OFGB3072|f__FGB3072|g__GGB9781|s__GGB9781_SGB66170|t__SGB66170",0.00346,0.00325,0,0,0,0,0,0.01231,0.00192,0,0,0,0.06478,0,0,0.00064,0.01291,0,0,0,0,0.01423,0.02598,0,0,0,0,0,0,0,0,0,0,0,0,0,0,0,0.04561,0.04687,0,0
"k__Bacteria|p__Firmicutes|c__CFGB3072|o__OFGB3072|f__FGB3072|g__GGB9782|s__GGB9782_SGB15403|t__SGB15403",0,0,0,0,0,0,0,0,0,0,0,0,0.01466,0,0,0,0,0,0,0,0,0,0,0,0,0,0,0,0,0,0,0,0,0,0,0,0,0,0.09852,0.02276,0,0
"k__Bacteria|p__Firmicutes|c__CFGB3072|o__OFGB3072|f__FGB3072|g__GGB9783|s__GGB9783_SGB15405|t__SGB15405",0,0,0,0,0,0,0,0,0,0,0,0,0,0,0,0,0.01029,0,0,0,0,0,0,0,0,0,0,0,0,0,0,0,0,0,0,0,0,0,0,0,0,0
"k__Bacteria|p__Firmicutes|c__CFGB3072|o__OFGB3072|f__FGB3072|g__GGB9784|s__GGB9784_SGB15407|t__SGB15407",0.00022,0,0,0,0,0,0,0,0,0,0,0,0,0,0,0,0.08201,0,0,0,0,0,0,0,0,0,0,0,0,0,0,0,0,0,0,0,0,0,0,0,0,0
"k__Bacteria|p__Firmicutes|c__CFGB3072|o__OFGB3072|f__FGB3072|g__GGB9786|s__GGB9786_SGB15409|t__SGB15409",0.02351,0.02578,0,0,0,0,0,0.07883,0.03739,0,0,0,0,0,0,0,0.04767,0,0,0,0,0,0,0,0,0,0,0,0,0,0,0,0,0,0,0,0,0,0,0,0,0
"k__Bacteria|p__Firmicutes|c__CFGB3072|o__OFGB3072|f__FGB3072|g__GGB9787|s__GGB9787_SGB15410|t__SGB15410",0.0103,0.1192,0.00186,0,0,0,0,0.028,0.0101,0,0,0.06382,0.01161,0,0,0.04321,0.04678,0.00557,0,0,0,0,0,0,0,0,0,0,0,0.11228,0,0,0,0,0,0,0,0,0,0,0,0
"k__Bacteria|p__Firmicutes|c__CFGB3072|o__OFGB3072|f__FGB3072|g__GGB9788|s__GGB9788_SGB15411|t__SGB15411",0.00861,0.00774,0,0,0,0,0,0,0,0,0,0,0,0,0,0,0.22401,0,0,0,0,0.06078,0.08841,0,0,0,0,0,0,0,0,0,0,0,0,0,0,0,0,0,0,0
"k__Bacteria|p__Firmicutes|c__CFGB31455|o__OFGB31455|f__FGB31455|g__GGB4699|s__GGB4699_SGB6501|t__SGB6501",0,0,0,0,0,0,0,0,0,0,0,0,0,0,0,0,0,0,0,0,0,0,0,0,0,0,0,0,0,0,0,0,0,0,0,0,0,0,0.17052,0,0,0
"k__Bacteria|p__Firmicutes|c__CFGB31455|o__OFGB31455|f__FGB31455|g__GGB4699|s__GGB4699_SGB6503|t__SGB6503",0,0,0,0,0,0,0,0,0,0,0,0,0,0,0,0,0,0,0,0,0,0,0,0,0,0,0,0,0,0,0,0,0,0,0,0,0,0,0.21548,0.16447,0,0
"k__Bacteria|p__Firmicutes|c__CFGB31455|o__OFGB31455|f__FGB31455|g__GGB4700|s__GGB4700_SGB6506|t__SGB6506",0.00213,2.2985,0,0,0,0,0,0,0,0,0,0,0,0,0,0,0,0,0,0,0,0,0,0,0,0,0,0,0,0,0,0,0,0,0,0,0,0,0,0,0,0
"k__Bacteria|p__Firmicutes|c__CFGB3172|o__OFGB3172|f__FGB3172|g__GGB10692|s__GGB10692_SGB17347|t__SGB17347",0,0,0,0,0,0,0,0,0,0,0,0,0,0,0,0,0,0,0,0,0,0,0,0,0,0,0,0,0,0,0,0,0,0,0,0,0,0,0.00677,0,0,0
"k__Bacteria|p__Firmicutes|c__CFGB32970|o__OFGB32970|f__FGB32970|g__GGB51884|s__GGB51884_SGB49168|t__SGB49168",0.02373,0.03912,0,0,0,0,0,0.00169,0.00079,0,0,0,0,0,0,0,0.00447,0,0,0,0,0,0,0,0,0,0,0,0,0,0,0,0,0,0,0,0,0,0,0,0,0
"k__Bacteria|p__Firmicutes|c__CFGB3625|o__OFGB3625|f__FGB3625|g__GGB3616|s__GGB3616_SGB4888|t__SGB4888",0,0,0,0,0,0,0,0,0,0,0,0.00839,0.1044,0,0,0,0.00275,0,0,0.00504,0,0,0,0,0,0,0,0,0,0,0,0,0,0,0,0.0126,0,0,0,0,0,0
"k__Bacteria|p__Firmicutes|c__CFGB38642|o__OFGB38642|f__FGB38642|g__GGB9758|s__GGB9758_SGB15368|t__SGB15368",0.06452,0.11243,0,0,0,0,0,1.33122,0.2778,0,0,0,0,0,0,0,0.01704,0,0,0,0,0,0,0,0,0,0,0,0,0.37601,0,0.24431,0,0,0.0206,0,0,0,0.71781,0.27151,0,1.08703
"k__Bacteria|p__Firmicutes|c__CFGB38642|o__OFGB38642|f__FGB38642|g__GGB9765|s__GGB9765_SGB15382|t__SGB15382",0,0,0,0,0,0,0,0.00107,0,0,0,0,0,0,0,0,0,0,0,0,0,0.00421,0.014,0,0,0,0,0,0,0,0,0,0,0,0,0,0,0,0.00262,0,0,0
"k__Bacteria|p__Firmicutes|c__CFGB38642|o__OFGB38642|f__FGB38642|g__GGB9766|s__GGB9766_SGB15383|t__SGB15383",0.04804,0.01596,0,0,0,0.01059,0.01744,0.02477,0.00233,0,0,0.00339,0.05204,0,0,0.00992,0.01899,0.00823,0.01621,0,0,0,0,0,0,0,0,0,0,0.07281,0.08339,0.07162,0,0,0.0127,0,0,0,0,0,0,0
"k__Bacteria|p__Firmicutes|c__CFGB38703|o__OFGB38703|f__FGB38703|g__GGB44201|s__GGB44201_SGB61600|t__SGB61600",0,0,0,0,0,0,0,0,0,0,0,0,0,0,0,0,0,0,0,0,0,0,0,0,0,0,0,0,0,0,0,0,0,0,0,0,0,0,0.01095,0,0,0
"k__Bacteria|p__Firmicutes|c__CFGB38791|o__OFGB38791|f__FGB38791|g__GGB9252|s__GGB9252_SGB14196|t__SGB14196",0,0.00397,0,0,0,0,0,0,0,0,0,0,0,0,0,0,0,0,0,0,0,0,0,0,0,0,0,0,0,0,0,0,0,0,0,0,0,0,0,0,0,0
"k__Bacteria|p__Firmicutes|c__CFGB40183|o__OFGB40183|f__FGB40183|g__GGB42389|s__GGB42389_SGB59559|t__SGB59559",0,0,0,0,0,0,0,0.00021,0,0,0,0,0.04999,0,0,0,0,0,0,0,0,0.00026,0,0,0,0,0,0,0,0,0,0,0,0,0,0,0,0,0,0,0,0
"k__Bacteria|p__Firmicutes|c__CFGB45503|o__OFGB45503|f__FGB45503|g__GGB48165|s__GGB48165_SGB66168|t__SGB66168",0,0,0,0,0,0,0,0,0,0,0,0,0,0,0,0,0,0,0,0,0,0.04158,0.03913,0,0,0,0,0,0,0,0,0,0,0,0,0,0,0,0.0071,0,0,0
"k__Bacteria|p__Firmicutes|c__CFGB45503|o__OFGB45503|f__FGB45503|g__GGB9790|s__GGB9790_SGB15413|t__SGB15413",0.08927,0.13056,0.00561,0,0,0,0,0.06484,0.02823,0,0,0.00448,0.06976,0,0,0,0.05953,0,0,0,0,0,0,0,0,0,0,0,0,0.07665,0,0,0,0,0.04741,0,0,0,0,0,0,0
"k__Bacteria|p__Firmicutes|c__CFGB45555|o__OFGB45555|f__FGB45555|g__GGB9697|s__GGB9697_SGB15213|t__SGB15213",0.05485,0.70647,0,0,0,0,0,0.10909,0.00255,0,0,0,0,0,0,0,0,0,0,0,0,0,0,0,0,0,0,0,0,0.02802,0.05889,0.00634,0,0,0,0,0,0,0.00865,0,0,0
"k__Bacteria|p__Firmicutes|c__CFGB45555|o__OFGB45555|f__FGB45555|g__GGB9701|s__GGB9701_SGB15218|t__SGB15218",0,0,0,0,0,0,0,0.23839,0.0085,0,0,0,0,0,0,0.0046,0.29111,0,0,0,0,0,0,0,0,0,0,0,0,0.27633,0,0,0,0,0,0,0,0,0,0,0,0
"k__Bacteria|p__Firmicutes|c__CFGB4559|o__OFGB4559|f__FGB4559|g__GGB2983|s__GGB2983_SGB3965|t__SGB3965",0.07032,0.09996,0,0,0,0,0,0.01828,0.04627,0,0,0,0,0,0,0,0.03403,0,0,0,0,0,0,0,0,0,0,0,0,0,0.00301,0,0,0,0.00316,0.04269,0,0,0,0,0,0.08556
"k__Bacteria|p__Firmicutes|c__CFGB45628|o__OFGB45628|f__FGB45628|g__GGB45613|s__GGB45613_SGB63326|t__SGB63326",0.00341,0.00184,0,0,0,0,0,0,0,0,0,0,0.00503,0,0,0.00424,0.00212,0,0,0,0,0.00751,0.01064,0,0,0,0,0,0,0.00515,0,0,0,0,0,0,0,0.01407,0.00779,0.00315,0.00713,0
"k__Bacteria|p__Firmicutes|c__CFGB45628|o__OFGB45628|f__FGB45628|g__GGB58233|s__GGB58233_SGB79883|t__SGB79883",0,0,0,0,0,0,0,9e-05,0,0,0,0.00295,0.00898,0,0,0,0,0,0,0,0,0,0,0,0,0,0,0,0,0.0015,0.0054,0.0024,0,0,0,0,0,0,0.00018,0,0,0
"k__Bacteria|p__Firmicutes|c__CFGB4605|o__OFGB4605|f__FGB4605|g__GGB13404|s__GGB13404_SGB14252|t__SGB14252",0.02382,0,0,0,0,0,0,0.00512,0.00198,0,0,0,0,0,0,0,0,0.01444,0,0,0,0,0.00382,0,0,0,0,0,0,0.00112,0.03548,0.02625,0,0,0,0,0,0,0.00303,0,0,0
"k__Bacteria|p__Firmicutes|c__CFGB4623|o__OFGB4623|f__FGB4623|g__GGB9525|s__GGB9525_SGB14925|t__SGB14925",0,0.00439,0,0,0,0,0,0,0,0,0,0,0,0,0,0,0,0,0,0,0,0,0,0,0,0,0,0,0,0,0,0,0,0,0,0,0,0,0,0,0,0
"k__Bacteria|p__Firmicutes|c__CFGB4648|o__OFGB4648|f__FGB4648|g__GGB3303|s__GGB3303_SGB4364|t__SGB4364",0,1.77218,0,0,0,0,0,0.10686,0,0,0,0,0,0,0,0,0.06118,0,0,0,0,0,0,0,0,0,0,0,0,0,0,0,0,0,0,0,0,0,0.34035,0.01845,0,0
"k__Bacteria|p__Firmicutes|c__CFGB4806|o__OFGB4806|f__FGB4806|g__GGB51647|s__GGB51647_SGB4348|t__SGB4348",4.2478,2.17239,0,0.01105,0,0,0,1.31921,0.0935,0,0,0,0,1.1648,0.00475,0,0.04664,6.75324,0.33928,0,0,0.78244,4.6145,0,0,0,0,0,0,0.4461,0.0382,0.0943,0,0,0.001,0.00163,0,0,3.15519,0.01371,0,0
"k__Bacteria|p__Firmicutes|c__CFGB52309|o__OFGB52309|f__FGB52309|g__GGB53380|s__GGB53380_SGB74412|t__SGB74412",0.03534,0.06349,0,0,0,0,0,0,0,0,0,0,0,0,0,0,0.02852,0,0,0,0,0,0,0,0,0,0,0,0,0.04049,0,0,0,0,0,0,0,0,0,0,0,0
"k__Bacteria|p__Firmicutes|c__CFGB58251|o__OFGB58251|f__FGB58251|g__GGB9762|s__GGB9762_SGB15377|t__SGB15377",0.15392,0.23544,0,0,0,0,0,0,0,0,0,0,0,0,0,0,0.08319,0,0,0,0,0,0,0,0,0,0,0,0,0,0,0,0,0,0,0,0,0,0,0,0,0
"k__Bacteria|p__Firmicutes|c__CFGB58291|o__OFGB58291|f__FGB58291|g__GGB9264|s__GGB9264_SGB14212|t__SGB14212",0.02583,0.00475,0,0,0,0,0,0,0,0,0,0,0,0,0,0,0,0,0,0,0,0,0,0,0,0,0,0,0,0,0,0,0,0,0,0,0,0,0,0,0,0
"k__Bacteria|p__Firmicutes|c__CFGB72899|o__OFGB72899|f__FGB72899|g__GGB4611|s__GGB4611_SGB6385|t__SGB6385",0,0,0,0,0,0,0,0,0,0,0,0,0,0,0,0,0,0,0,0,0,0,0,0,0,0,0,0,0,0,0,0,0,0,0,0,0,0,1.57874,0,0,0
"k__Bacteria|p__Firmicutes|c__CFGB72924|o__OFGB72924|f__FGB72924|g__GGB3612|s__GGB3612_SGB4882|t__SGB4882",0,0,0,0,0,0,0,0,0,0,0,0,0,0,0,0,0,0,0,0,0,0,0,0.00103,0.05645,0,0,0,0,0,0,0,0,0,0,0,0,0,0.0195,0,0,0
"k__Bacteria|p__Firmicutes|c__CFGB72939|o__OFGB72939|f__FGB72939|g__GGB74511|s__GGB74511_SGB105989|t__SGB105989",0,0,0,0,0,0,0,0,0,0,0,0,0,0.00347,0,0,0,0,0,0,0,0,0,0,0,0,0,0,0,0,0,0,0,0,0,0,0,0,0,0,0,0
"k__Bacteria|p__Firmicutes|c__CFGB73223|o__OFGB73223|f__FGB73223|g__GGB9249|s__GGB9249_SGB14193|t__SGB14193",0.02546,0.0019,0,0,0,0,0,0,0,0,0,0,0,0,0,0,0,0,0,0,0,0,0,0,0,0,0,0,0,0,0,0,0,0,0,0,0,0,0,0,0,0
"k__Bacteria|p__Firmicutes|c__CFGB73902|o__OFGB73902|f__FGB73902|g__GGB4689|s__GGB4689_SGB6486|t__SGB6486",0,0,0.00457,0,0,0,0,0,0,0,0,0,0,0,0,0,0,0,0,0,0,0,0,0,0,0,0,0,0,0,0,0,0,0,0,0,0,0,0,0,0,0
"k__Bacteria|p__Firmicutes|c__CFGB73902|o__OFGB73902|f__FGB73902|g__GGB4689|s__GGB4689_SGB6487|t__SGB6487",0,0,0,0,0,0,0,0,0.45801,0,0,0,0,0,0,0,0,0,0,0,0,0,0,0,0,0,0,0,0,0,0,0,0,0,0,0,0,0,0.17404,0,0,0
"k__Bacteria|p__Firmicutes|c__CFGB74971|o__OFGB74971|f__FGB74971|g__GGB9334|s__GGB9334_SGB14297|t__SGB14297",0,0,0,0,0,0,0,0,0,0,0,0,0,0,0,0,0,0,0,0,0,0,0,0,0,0,0,0,0,0,0,0,0,0,0,0,0,0,1.20624,0,0,0
"k__Bacteria|p__Firmicutes|c__CFGB75721|o__OFGB75721|f__FGB75721|g__GGB9523|s__GGB9523_SGB14922|t__SGB14922",0,0,0,0,0,0,0,0,0,0,0,0,0,0,0,0,0,0,0,0,0,0.01468,0.0178,0,0,0,0,0,0,0,0,0,0,0,0,0,0,0.00535,0,0,0,0
"k__Bacteria|p__Firmicutes|c__CFGB75721|o__OFGB75721|f__FGB75721|g__GGB9524|s__GGB9524_SGB14924|t__SGB14924",0,0,0,0,0,0,0,0.02224,0.00448,0,0,0,0,0,0,0,0,0,0,0,0,0,0,0,0,0.02047,0.02088,0,0,0,0,0,0,0,0,0,0,0,0,0,0,0
"k__Bacteria|p__Firmicutes|c__CFGB77202|o__OFGB77202|f__FGB77202|g__GGB34900|s__GGB34900_SGB14891|t__SGB14891",0,0,0,0,0,0,0,0,0,0,0,0,0,0,0,0,0,0,0,0,0,0,0,0,0,0,0,0,0,0,0.01433,0.00066,0,0,0,0,0,0,0,0,0,0
"k__Bacteria|p__Firmicutes|c__CFGB77241|o__OFGB77241|f__FGB77241|g__GGB45497|s__GGB45497_SGB63169|t__SGB63169",0,0,0,0,0,0,0,0,0,0,0,0,0,0,0,0,0,0,0,0,0,0,0,0,0,0,0,0,0,0,0,0,0,0,0,0,0,0,0.00149,0.00336,0,0
"k__Bacteria|p__Firmicutes|c__CFGB77566|o__OFGB77566|f__FGB77566|g__GGB51139|s__GGB51139_SGB71360|t__SGB71360",0,0,0,0,0,0,0,0,0,0,0,0,0,0,0,0,0,0,0,0,0,0,0,0,0,0,0,0,0,0.00345,0,0,0,0,0,0,0,0,0,0,0,0
"k__Bacteria|p__Firmicutes|c__CFGB78183|o__OFGB78183|f__FGB78183|g__GGB9109|s__GGB9109_SGB14042|t__SGB14042",0,0,0,0,0,0,0,0,0,0,0,0,0,0,0,0,0,0,0,0,0,0,0,0,0,0,0,0,0,0,0,0,0,0,0,0,0,0,3e-04,0,0,0
"k__Bacteria|p__Firmicutes|c__CFGB78291|o__OFGB78291|f__FGB78291|g__GGB3146|s__GGB3146_SGB4159|t__SGB4159",0,0,0,0,0,0,0,0,0,0,0,0,0,0,0,0,0.00789,0,0,0,0,0,0,0,0,0,0,0,0,0,0,0,0,0,0,0,0,0,0,0,0,0
"k__Bacteria|p__Firmicutes|c__CFGB78645|o__OFGB78645|f__FGB78645|g__GGB33539|s__GGB33539_SGB53381|t__SGB53381",0,0.00178,0,0,0,0,0,0,0,0,0,0,0,0,0,0,0,0,0,0,0,0,0,0,0,0,0,0,0,0,0,0,0,0,0,0,0,0,0,0,0,0
"k__Bacteria|p__Firmicutes|c__CFGB79237|o__OFGB79237|f__FGB79237|g__GGB9061|s__GGB9061_SGB13979|t__SGB13979",0,0,0,0,0,0,0,0,0,0,0,0,0,0,0,0,0,0,0,0,0,0.00081,0.00085,0,0,0,0,0,0,0,0,0,0,0,0,0,0,0,0,0,0,0
"k__Bacteria|p__Firmicutes|c__CFGB79245|o__OFGB79245|f__FGB79245|g__GGB3510|s__GGB3510_SGB4687|t__SGB4687",0,0,0,0,0,0.02986,0,0.00076,0,0,0,4e-05,0.02141,0,0,0,0,0,0,0,0,0,0.00686,0,0,0,0,0,0,0,0,0,0,0,0,0,0,0,0,0,0,0
"k__Bacteria|p__Firmicutes|c__CFGB79291|o__OFGB79291|f__FGB79291|g__GGB9522|s__GGB9522_SGB14921|t__SGB14921",0.00863,0.01421,0.00447,0,0,0,0,0.02253,0.02522,0,0,0,0,0,0,0.02024,0.0463,0.01437,0.00662,0,0,0,0,0,0,0,0,0,0,0.05307,0.00934,0.0109,0,0,0,0.11262,0,0,0,0,0,0
"k__Bacteria|p__Firmicutes|c__CFGB79294|o__OFGB79294|f__FGB79294|g__GGB87445|s__GGB87445_SGB15180|t__SGB15180",0,0,0,0,0,0,0,0.11128,0.00393,0,0,0,0,0,0,0,0.04838,0,0,0,0,0,0,0,0,0,0,0,0,0.17181,0,0,0,0,0,0,0,0,0,0,0,0
"k__Bacteria|p__Firmicutes|c__CFGB79294|o__OFGB79294|f__FGB79294|g__GGB9673|s__GGB9673_SGB15172|t__SGB15172",0,0.00258,0,0,0,0,0,0,0,0,0,0,0,0,0,0,0,0,0,0,0,0,0,0,0,0,0,0,0,0,0,0,0,0,0,0,0,0,0,0,0,0
"k__Bacteria|p__Firmicutes|c__CFGB79363|o__OFGB79363|f__FGB79363|g__GGB9288|s__GGB9288_SGB14243|t__SGB14243",0.03981,0.12503,0,0,0,0,0,0,0,0,0,0,0,0,0,0,0.0024,0,0,0,0,0,0,0,0,0,0,0,0,0,0,0,0,0,0,0,0,0,0,0,0,0
"k__Bacteria|p__Firmicutes|c__CFGB82363|o__OFGB82363|f__FGB82363|g__GGB9545|s__GGB9545_SGB14951|t__SGB14951",0,0,0,0,0,0,0,0,0,0,0,0,0,0,0,0,0,0,0,0,0,0.00084,0.00565,0,0,0,0.00565,0,0,0.00765,0,0,0,0,0,0,0,0,0.00622,0.02311,0,0
"k__Bacteria|p__Firmicutes|c__CFGB82363|o__OFGB82363|f__FGB82363|g__GGB9545|s__GGB9545_SGB14952|t__SGB14952",0,0,0,0,0,0,0,0,0,0,0,0,0,0,0,0.00067,0,0,0,0,0,0,0,0,0,0,0,0,0,0,0,0,0,0,0,0.005,0,0,0,0,0,0
"k__Bacteria|p__Firmicutes|c__CFGB83839|o__OFGB83839|f__FGB83839|g__GGB3328|s__GGB3328_SGB4406|t__SGB4406",0,0,0,0,0,0,0,0.01196,0.03284,0,0,0,0,0,0,0,0,0,0,0,0,0,0,0,0,0,0,0,0,0,0,0,0,0,0,0,0,0,0.03599,0.01507,0,0
"k__Bacteria|p__Firmicutes|c__CFGB9119|o__OFGB9119|f__FGB9119|g__GGB4651|s__GGB4651_SGB6438|t__SGB6438",0.24797,0.45572,0,0,0,0,0,0,0,0,0,0,0,0,0,0,0,0,0,0,0,0,0,0,4.02895,0,0,0,0,1.02137,0,0,0,0,0,0,0,0,0.13569,0,0,0
"k__Bacteria|p__Firmicutes|c__CFGB9119|o__OFGB9119|f__FGB9119|g__GGB4727|s__GGB4727_SGB6548|t__SGB6548",0,0,0,0,0,0,0,0.17218,0.02083,0,0,0,0,0,0,0,0,0,0,0,0,0,0,0,0,0,0,0,0,0,0,0,0,0,0,0,0,0,0,0,0,0
"k__Bacteria|p__Firmicutes|c__CFGB9120|o__OFGB9120|f__FGB9120|g__GGB4642|s__GGB4642_SGB6421|t__SGB6421",0,0,0,0,0,0,0,0,1.11847,0,0,0,0,0,0,0,0,0,0,0,0,0,0,0,0,0,0,0,0,0,0,0,0,0,0,0,0,0,0,0.01623,0,0
"k__Bacteria|p__Firmicutes|c__CFGB9120|o__OFGB9120|f__FGB9120|g__GGB4642|s__GGB4642_SGB6422|t__SGB6422",0,0,0,0,0,0,0,0.60509,0.93032,0,0,0,0,0,0,0,0,0,0,0,0,0,0,0,0,0,0,0,0,0,0,0,0,0,0,0,0,0,0,0,0,1.15868
"k__Bacteria|p__Firmicutes|c__CFGB9238|o__OFGB9238|f__FGB9238|g__GGB74463|s__GGB74463_SGB54347|t__SGB54347",0.01801,0.03144,0,0,0,0,0,4e-05,0,0,0,0,0,0,0,0,0,0,0,0,0,0,0,0,0,0,0,0,0,0.02772,0,0,0,0,0,0,0,0,0,0,0,0
"k__Bacteria|p__Firmicutes|c__CFGB9272|o__OFGB9272|f__FGB9272|g__GGB9296|s__GGB9296_SGB14253|t__SGB14253",0.01201,0.00246,0,0,0,0,0,0,0,0,0,0,0,0,0,0,0,0,0,0,0,0,0,0,0,0,0,0,0,0,0,0,0,0,0,0,0,0,0,0,0,0
"k__Bacteria|p__Firmicutes|c__CFGB9491|o__OFGB9491|f__FGB9491|g__GGB9491|s__GGB9491_SGB14888|t__SGB14888",0,0,0,0,0,0,0.00051,0,0,0,0,0,0.01261,0,0,0.00692,0.00387,0.00615,0.00116,0,0,0.00013,0,0,0,0.01037,0.00289,0,0,0,0.0057,0.00658,0.00433,0.00297,0,0,0,0,0,0,0,0
"k__Bacteria|p__Firmicutes|c__CFGB9583|o__OFGB9583|f__FGB9583|g__GGB3490|s__GGB3490_SGB4664|t__SGB4664",0,0,0,0,0,0,0,0.03159,0.07592,0,0,0,0,0,0,0,0,0,0,0,0,0,0,1.74555,0.07656,0,0,0,0,0,0,0,0.30506,1.61806,0,0,0,0,0,0,0,0
"k__Bacteria|p__Firmicutes|c__CFGB9714|o__OFGB9714|f__FGB9714|g__GGB9711|s__GGB9711_SGB15240|t__SGB15240",0.01141,0.0029,0,0,0,0,0,0,0,0,0,0,0,0,0,0,0,0,0,0,0,0,0,0,0,0,0,0,0,0,0,0,0,0,0,0,0,0,0,0,0,0
"k__Bacteria|p__Firmicutes|c__CFGB9718|o__OFGB9718|f__FGB9718|g__GGB3569|s__GGB3569_SGB4776|t__SGB4776",0,0,0,0,0,0,0,0,0,0,0,0,0,0,0,0,0,0,0,0,0,0,0,0,0,0,0,0,0,0,0,0,0,0,0,0,0,0,0.00269,0,0,0
"k__Bacteria|p__Firmicutes|c__CFGB9828|o__OFGB9828|f__FGB9828|g__GGB35597|s__GGB35597_SGB49163|t__SGB49163",0,0,0,0,0,0,0,0,0,0,0,0,0,0,0,0,0.08357,0,0,0,0,0,0,0,0,0,0,0,0,0,0,0,0,0,0,0,0,0,0,0,0,0
"k__Bacteria|p__Firmicutes|c__CFGB9977|o__OFGB9977|f__FGB9977|g__GGB9606|s__GGB9606_SGB15038|t__SGB15038",0,0,0,0,0,0,0,0,0.00701,0,0,0,0,0,0,0,0,0,0,0,0,0,0,0,0,0,0,0,0,0,0,0,0,0,0,0,0,0,0,0,0,0
"k__Bacteria|p__Firmicutes|c__CFGB9989|o__OFGB9989|f__FGB9989|g__GGB9712|s__GGB9712_SGB15241|t__SGB15241",0,0,0,0,0,0,0,0,0,0,0,0,0,0,0,0,0,0,0,0,0,0,0,0,0,0,0,0,0,0.01652,0,0,0,0,0,0,0,0,0,0,0,0
"k__Bacteria|p__Firmicutes|c__CFGB9989|o__OFGB9989|f__FGB9989|g__GGB9712|s__GGB9712_SGB15244|t__SGB15244",0.2393,0.41612,0,0,0,0,0,0.25253,0.02001,0,0,0,0,0,0,0,0.33408,0,0,0,0,0,0,0,0,0,0,0,0,0.79931,0.05574,0.12109,0,0,0.00712,0,0,0,0.25931,0.06807,0,0
"k__Bacteria|p__Firmicutes|c__Clostridia|o__Clostridia_unclassified|f__Clostridia_unclassified|g__Clostridia_unclassified|s__Clostridia_bacterium_UC5_1_1D1|t__SGB14995",0.00021,0,0,0.04076,0.00399,0,0.00089,0,0,0.02775,0.00361,0,0.01994,0.01867,0,0.03819,0.00188,0.00894,0.0026,0.21559,0.08889,0.00718,0.00212,0.00411,0.02656,0.00539,0.00701,0.02551,0,0.0026,0.12981,0.09965,0.14034,0.054,0.00048,0.01588,0,0.0197,0.02801,0.09833,0.01927,0.04504
"k__Bacteria|p__Firmicutes|c__Clostridia|o__Clostridia_unclassified|f__Clostridia_unclassified|g__Clostridia_unclassified|s__Clostridia_bacterium_UC5_1_1E11|t__SGB14895",0,0,0,0,0,0,0,0,0,0,0,0,0,0,0,0,0,0,0,0,0,0,0,0,0,0,0,0,0,0,0.11408,0.00755,0.00125,0,0,0,0,0,0,0,0,0
"k__Bacteria|p__Firmicutes|c__Clostridia|o__Clostridia_unclassified|f__Clostridia_unclassified|g__Clostridia_unclassified|s__Clostridia_bacterium|t__SGB5191",0,0,0,0,0,0,0,0,0,0,0,0,0,0,0,0,0,0,0,0,0,0,0,0,0,0.00429,0,0.08367,0,0,0,0,0,0.01333,0,0,0.02965,0.04147,0,0,0,0
"k__Bacteria|p__Firmicutes|c__Clostridia|o__Eubacteriales|f__Bianqueaceae|g__Bianquea|s__Bianquea_renquensis|t__SGB4438",0,0,0,0,0,0,0,0,0,0,0,0,0,0,0,0,0,0,0,0,0,0,0,0,0,0.00357,0.01081,0,0,0,0,0,0,0,0,0,0,0,0,0,0,0
"k__Bacteria|p__Firmicutes|c__Clostridia|o__Eubacteriales|f__Bianqueaceae|g__Bianquea|s__Bianquea_SGB71281|t__SGB71281",0,0,0,0,0,0,0,0,0,0,0,0,0,0,0,0,0,0,0,0,0,0,0,0,0,0,0,0,0,0.00331,0,0,0,0,0,0,0,0,0.00403,0.00147,0,0
"k__Bacteria|p__Firmicutes|c__Clostridia|o__Eubacteriales|f__Christensenellaceae|g__Christensenella|s__Christensenella_hongkongensis|t__SGB14143",0,0,0,0,0,0.00498,0,0.00146,0,0,0,0.00471,0.01129,0,0,0.03774,0.00042,0,0,0.00789,0.00179,0.00969,0.00935,0.00058,0.01407,0.00061,0.0254,0,0,0.0113,0.05738,0.00697,0.02109,0,0,0,0.00024,0.04285,0.01799,0.01243,0,0
"k__Bacteria|p__Firmicutes|c__Clostridia|o__Eubacteriales|f__Christensenellaceae|g__Christensenella|s__Christensenella_intestinihominis|t__SGB71956",0,0,0,0,0,0,0,0.00115,0.00123,0,0,0.00344,0.03908,0,0,0,0,0,0,0,0,0,0,0,0,0,0,0,0,0,0,0,0,0,0,0,0,0,0,0,0,0
"k__Bacteria|p__Firmicutes|c__Clostridia|o__Eubacteriales|f__Christensenellaceae|g__Christensenella|s__Christensenella_minuta|t__SGB14142",0.0111,0.04068,0,0,0,0.00331,0.00227,0.00051,0,0,0,0.00039,0.00218,0,0,0.06386,0.00043,0,0,0,0,0.02789,0.06655,0,0,0.00593,0.038,0,0,0.00931,0.09213,0.05793,0,0,0,2e-05,0,0,0.03415,0.05008,0,0
"k__Bacteria|p__Firmicutes|c__Clostridia|o__Eubacteriales|f__Christensenellaceae|g__Christensenella|s__Christensenella_sp_NSJ_35|t__SGB82546",0,0,0,0,0,0,0,0,0,0,0,0.00115,0.02465,0,0,0,0.00012,0,0,0,0,0,0,0,0,0.00553,0.02431,0,0,0.01996,0.08437,0.01472,0,0,0,0,0,0,0.00367,0.00138,0,0
"k__Bacteria|p__Firmicutes|c__Clostridia|o__Eubacteriales|f__Christensenellaceae|g__Christensenella|s__Christensenella_timonensis|t__SGB29340",0,0,0,0,0,0,0,0.00314,0,0,0,0.00485,0.03794,0,0,0,0,0,0,0,0,0.01231,0.00919,0,0,0,0.00645,0,0,0.01108,0,0,0,0,0,0,0,0,0.00758,0.00464,0,0
"k__Bacteria|p__Firmicutes|c__Clostridia|o__Eubacteriales|f__Christensenellaceae|g__Christensenellaceae_unclassified|s__Christensenellaceae_bacterium|t__SGB109650",0,0,0,0,0,0,0,0.01029,0,0,0,0,0,0,0,0,0.00159,0,0,0,0,0,0,0,0,0,0.00198,0,0,0.00819,0,0,0,0,0,0,0,0,0,0,0,0
"k__Bacteria|p__Firmicutes|c__Clostridia|o__Eubacteriales|f__Christensenellaceae|g__Gehongia|s__Gehongia_tenuis|t__SGB82545",0.00027,0.00064,0,0,0,0,0,0.00038,0,0,0,0,0.00145,0,0,0,0.00225,0,0,0,0,0.00033,8e-04,0,0,0,0.00065,0,0,0,0,0,0,0,0,0,0,0,0.00056,0.00017,0,0
"k__Bacteria|p__Firmicutes|c__Clostridia|o__Eubacteriales|f__Christensenellaceae|g__GGB9186|s__GGB9186_SGB14125|t__SGB14125",0,0,0,0.00121,0,0,0,0,0,0,0,0,0.01082,0,0,0,0,0,0,0,0,0,0,0,0,0,0,0,0,0,0,0,0,0,0,0,0,0,0.00186,0,0,0
"k__Bacteria|p__Firmicutes|c__Clostridia|o__Eubacteriales|f__Christensenellaceae|g__Guopingia|s__Guopingia_tenuis|t__SGB14127",0.00105,0.02745,0,0,0,0,0,0.00707,0.00094,0,0,0,0.00645,0,0,0.00372,0.00093,0,0,0,0,0.00171,0.01465,0,0,0,0,0,0,0.01349,0.02771,0.01236,0,0,0,0.00048,0,0,0.00603,0.00126,0,0
"k__Bacteria|p__Firmicutes|c__Clostridia|o__Eubacteriales|f__Christensenellaceae|g__Luoshenia|s__Luoshenia_tenuis|t__SGB7265",0.00559,0.00999,0,0,0,0,0,0.00156,0,0,0,0.00305,0.01453,0,0,0.07232,0.00265,0,0,0,0,0.01561,0.01536,0,0,0,0.00506,0,0,0.0111,0.02832,0.00226,0,0,0,0,0,0,0.00317,0.00091,0,0
"k__Bacteria|p__Firmicutes|c__Clostridia|o__Eubacteriales|f__Clostridiaceae|g__Butyricicoccus|s__Butyricicoccus_intestinisimiae|t__SGB14980",0.23673,0.1856,0,0,0,0,0,0.03939,0.15115,0,0,0,0,0,0,0,0.00127,0,0,0,0,0,0,0,0,0,0,0,0,0.04487,0,0,0,0,0,0,0,0,0,0,0,0
"k__Bacteria|p__Firmicutes|c__Clostridia|o__Eubacteriales|f__Clostridiaceae|g__Butyricicoccus|s__Butyricicoccus_SGB14985|t__SGB14985_group",0,0,0,0,0,0,0,0,0,0,0,0,0,0,0,0,0,0,0,0,0,0,0,0,0,0,0.00206,0,0,0,0,0,0,0,0,0,0,0,0,0,0,0.29678
"k__Bacteria|p__Firmicutes|c__Clostridia|o__Eubacteriales|f__Clostridiaceae|g__Butyricicoccus|s__Butyricicoccus_SGB14990|t__SGB14990",0,0.0071,0,0,0,0,0,0,0,0,0,0,0,0,0,0,0.03596,0.50002,0.79149,0,0,0,0,0,0,0,0,0,0,0.02303,0,0,0,0,0.1665,0,0,0,0,0,0,0
"k__Bacteria|p__Firmicutes|c__Clostridia|o__Eubacteriales|f__Clostridiaceae|g__Clostridiaceae_unclassified|s__Clostridiaceae_bacterium_AF18_31LB|t__SGB4767",0.08056,0.05266,0.01532,0,0,0,0.00276,0.00779,2e-04,0.11581,0.09382,0,0.00075,0.01115,0,0.00624,0.02512,0.02205,0.09138,0.01428,0.02392,0.00346,0,0.00864,0,0.0213,0.00022,0.18941,0,0.00413,0.01247,0.00653,0.00467,0.01649,0.00066,0.00891,0,0,0.00154,0.00382,0.00186,0
"k__Bacteria|p__Firmicutes|c__Clostridia|o__Eubacteriales|f__Clostridiaceae|g__Clostridiaceae_unclassified|s__Clostridiaceae_bacterium_CLA_AA_H274|t__SGB4704",0,0,0,0,0,0,0,0,0,0,0,0,0,0,0,0,0,0,0,0,0,0,0,0,0,0,0,0,0,0,0,0,0,0,0,0,0.00188,0.03671,0,0,0,0
"k__Bacteria|p__Firmicutes|c__Clostridia|o__Eubacteriales|f__Clostridiaceae|g__Clostridiaceae_unclassified|s__Clostridiaceae_bacterium_Marseille_Q3526|t__SGB4703",0,0,0,0.0063,0,0,0,0,0,0,0,0,0,0.02291,0.01771,0.07578,0,0,0,0.03955,0.05302,0.00354,0.00129,0,0,0.03465,0.00051,0.10227,0,0,0.03299,0.00104,0,0.01449,0,0.0201,0.0011,0.01085,0,0,0.00341,0
"k__Bacteria|p__Firmicutes|c__Clostridia|o__Eubacteriales|f__Clostridiaceae|g__Clostridiaceae_unclassified|s__Clostridiaceae_bacterium_Marseille_Q4143|t__SGB4768",0.02694,0.06714,0,0,0,0,0,0.0059,0,0.00464,0.02446,0,0,0,0,0.00232,0.00521,0.0016,0,0.01612,0.01913,0.00311,0.00077,0,0,0,0,0,0,0.00022,0.00332,0,0,0,0.00091,0.00108,0,0,0,0,0,0
"k__Bacteria|p__Firmicutes|c__Clostridia|o__Eubacteriales|f__Clostridiaceae|g__Clostridiaceae_unclassified|s__Clostridiaceae_bacterium_Marseille_Q4145|t__SGB4769",0.00927,0.00263,0.02055,0,0,0,0,0.00061,0,0.0345,0.01364,0,0,0.00093,0,0,0.00411,0.01813,0.00245,0.00088,0.00098,0,0,0.00037,0,0,0,0,0,0,0.00012,0,0,0,0,0.00088,0,0,0,0,0,0
"k__Bacteria|p__Firmicutes|c__Clostridia|o__Eubacteriales|f__Clostridiaceae|g__Clostridiaceae_unclassified|s__Clostridiaceae_bacterium_Marseille_Q4149|t__SGB15091",0.22102,0.11676,0.00369,0.01223,0,0.00182,0.03627,0.01159,0.00168,0,0,11.36597,1.41983,0.00078,0,7.14173,1.23876,0.14945,0.04871,0.27392,0.01119,0,0,0,0,0.00388,0.00998,0,0,1.19642,0,0.31231,0,0,0.07205,2.06732,0,0,0.02054,0.00844,0,0
"k__Bacteria|p__Firmicutes|c__Clostridia|o__Eubacteriales|f__Clostridiaceae|g__Clostridiaceae_unclassified|s__Clostridiaceae_bacterium|t__SGB4269",0.83651,0.64819,0.0151,0.5109,1.32914,0.73718,1.86174,0.88885,1.58549,0,0.39375,0,0.2413,0,0,0,0.02424,1.24648,0.27445,4.03411,1.95213,0.02796,0.09596,0.54082,0.29815,0.53843,0.43317,0.01881,0,1.22546,0.04745,0.14221,0.03945,0.91826,1.12794,0.12457,0.06897,1.44075,0.22175,0.22683,1.36881,2.52177
"k__Bacteria|p__Firmicutes|c__Clostridia|o__Eubacteriales|f__Clostridiaceae|g__Clostridiaceae_unclassified|s__Clostridiaceae_bacterium|t__SGB4770",0.02005,0.00544,0.00118,0,0,0,0,0.00507,0.00156,0.01544,0.04975,0,0,0,0,0,0,0.04711,0.02235,0.0278,0.02016,0.00143,0,0,0,0,0,0,0,0.00628,0.02046,0.00463,0,0,0,0.23969,0,0,0.00216,0.00477,0.00076,0
"k__Bacteria|p__Firmicutes|c__Clostridia|o__Eubacteriales|f__Clostridiaceae|g__Clostridiaceae_unclassified|s__Clostridiaceae_bacterium|t__SGB6153",0,0,0.02579,0.01486,0,0,0,0,0,0,0,0,0,0,0,0,0,0,0,0,0,0,0,0,0,0,0,0,0,0,0.09526,0,0,0,0,0,0,0,0,0,0,0
"k__Bacteria|p__Firmicutes|c__Clostridia|o__Eubacteriales|f__Clostridiaceae|g__Clostridiaceae_unclassified|s__Clostridiaceae_unclassified_SGB15090|t__SGB15090",0,0,0.08535,0,0,0,0,0,0,0,0,0,0,0,0,0,0.00038,0,0,0,0,0,0,0,0,0,0,0,0,0,0,0,0,0,0,0,0,0,0,0,0,0
"k__Bacteria|p__Firmicutes|c__Clostridia|o__Eubacteriales|f__Clostridiaceae|g__Clostridiaceae_unclassified|s__Clostridiaceae_unclassified_SGB4702|t__SGB4702",0,0,0,0,0,0,0,0,0,0,0,0,0,0,0,0,0,0,0,0,0,0,0,0,0,0,0,0,0,0,0,0,0,0,0,0.3852,0,0,0,0,0,0
"k__Bacteria|p__Firmicutes|c__Clostridia|o__Eubacteriales|f__Clostridiaceae|g__Clostridiaceae_unclassified|s__Clostridiaceae_unclassified_SGB4771|t__SGB4771",2e-04,0.00101,0,0,0,0,0,0.00048,0.00117,0.02677,0.01213,0,6e-05,0,0,0,0,0.05119,0.01127,0,0,0,0,0,0,0.02581,0,0,0,0,0,0,0,0,0,0,0,0,0,0,0,0
"k__Bacteria|p__Firmicutes|c__Clostridia|o__Eubacteriales|f__Clostridiaceae|g__Clostridium|s__Clostridium_arbusti|t__SGB29076",0,0,0.00056,0,0,0,0,0,0,0,0,0,0,0,0,0,0,0,0,0,0,0,0,0,0,0,0,0,0,0,0,0,0,0,0,0,0,0,0,0,0,0
"k__Bacteria|p__Firmicutes|c__Clostridia|o__Eubacteriales|f__Clostridiaceae|g__Clostridium|s__Clostridium_butyricum|t__SGB6170",0,0.00202,0,0,0,0,0,0,0,0,0,0,0,0,0,0,0,0,0,0,0,0,0,0,0,0,0,0,0,0,0,0,0,0,0,0,0,0,0,0,0,0
"k__Bacteria|p__Firmicutes|c__Clostridia|o__Eubacteriales|f__Clostridiaceae|g__Clostridium|s__Clostridium_celatum|t__SGB6180",0,4e-05,0,0,0,0.00212,0,0,0,0,0,0,0,0,0,0,0,0.00397,0,0,0,0,0,0,0,0,0,0,0,0.01474,0,0,0,0,0,0,0,0,0,0,0,0
"k__Bacteria|p__Firmicutes|c__Clostridia|o__Eubacteriales|f__Clostridiaceae|g__Clostridium|s__Clostridium_cuniculi|t__SGB29095",0,0,0.00093,0,0,0,0,0,0,0,0,0,0,0,0,0,0,0,0,0,0,0,0,0,0,0,0,0,0,0.00998,0,0,0.01099,0,0,0,0,0.00655,0,0,0,0
"k__Bacteria|p__Firmicutes|c__Clostridia|o__Eubacteriales|f__Clostridiaceae|g__Clostridium|s__Clostridium_disporicum|t__SGB6172",0,0.00067,0,0,0,0.00167,0,0,0,0,0,0,0,0,0,0,0,0,0,0,0,0,0,0,0,0,0,0,0,0,0.06156,0,0,0,0,0,0,0.00495,0,0,0,0
"k__Bacteria|p__Firmicutes|c__Clostridia|o__Eubacteriales|f__Clostridiaceae|g__Clostridium|s__Clostridium_fessum|t__SGB4705",0.10531,0.07145,0.21927,0,0,0.02193,0.07017,0.30344,0.26556,0.15836,2.70215,0.02909,0.01192,0.1438,0.01539,0.03568,0.48786,0.26656,0.87468,0.15738,0.04954,0.0246,0.0091,0,0,0.40647,0.00286,0.59115,0,0.03237,0.01087,0.10293,0.16257,0.41526,0.37104,0.03411,0.04234,0.20162,0.07972,0.08757,0.00258,0
"k__Bacteria|p__Firmicutes|c__Clostridia|o__Eubacteriales|f__Clostridiaceae|g__Clostridium|s__Clostridium_paraputrificum|t__SGB6187",0,0,0,0,0,0,0,0,0,0,0,0,8e-05,0,0,0,0,0,0,0,0,0,0,0,0,0,0,0,0,0,0.00311,0,0,0,0,0,0,0,0,0,0,0
"k__Bacteria|p__Firmicutes|c__Clostridia|o__Eubacteriales|f__Clostridiaceae|g__Clostridium|s__Clostridium_perfringens|t__SGB6191",0,0,0,0,0,0.00465,0,0,0,0,0,0,0,0.03146,0.00037,0,0.15314,0,0,0,0,0,0,0,0,0,0,0,0,0,0.00135,0,0,0,0,0,0,0.00154,0,0,0,0
"k__Bacteria|p__Firmicutes|c__Clostridia|o__Eubacteriales|f__Clostridiaceae|g__Clostridium|s__Clostridium_saudiense|t__SGB6178",0,0.03275,0.03101,0.00717,0,0.01348,0,0,0,0,0,0,0,0,0,0,0,0.0129,0,0,0,0.00085,6e-04,0,0,0,0,0,0,0.02158,0.48274,0.03577,0,0,0,0,0.00915,0.13421,0,0,0,0.01181
"k__Bacteria|p__Firmicutes|c__Clostridia|o__Eubacteriales|f__Clostridiaceae|g__Clostridium|s__Clostridium_SGB47280|t__SGB47280",0,0.00192,0,0,0,0,0,0,0,0,0,0,0,0,0,0,0,0,0,0,0,0,0,0,0,0,0,0,0,0,0.00038,0,0,0,0,0,0,0,0,0,0,0
"k__Bacteria|p__Firmicutes|c__Clostridia|o__Eubacteriales|f__Clostridiaceae|g__Clostridium|s__Clostridium_SGB4750|t__SGB4750",0.01597,0.01498,0.02967,0,0,0.0107,0.07013,0.02706,0.00391,0.03225,0.04503,0,0.02145,0.02446,0.02705,0,0.04124,0.06974,0.17139,0.01239,0.01216,0,0,0,0,0.04299,0,0.00941,0,0,0.00616,0.03123,0.02286,0.0094,0.27545,0.0343,0.03031,0.03598,0,0.00072,0,0.05214
"k__Bacteria|p__Firmicutes|c__Clostridia|o__Eubacteriales|f__Clostridiaceae|g__Clostridium|s__Clostridium_SGB4751|t__SGB4751",0.06804,0.03354,0,0,0,0,0,0.01078,0.00169,0,0,0,0,0,0,0,0,0.02736,0.13701,0,0,0.00095,0.00136,0,0,0,0,0.00137,0,0.0011,0,0,0,0,0.02128,0.00032,0,0,0.00027,0.00267,0,0
"k__Bacteria|p__Firmicutes|c__Clostridia|o__Eubacteriales|f__Clostridiaceae|g__Clostridium|s__Clostridium_SGB48024|t__SGB48024",0.01796,0.0132,0,0,0,0,0,0,0,0.01309,0,0,0,0,0,0,0,0,0,0,0,0,0,0,0,0.00034,0,0,0,0,0,0,0,0,0,0,0,0,0,0,0,0
"k__Bacteria|p__Firmicutes|c__Clostridia|o__Eubacteriales|f__Clostridiaceae|g__Clostridium|s__Clostridium_SGB4909|t__SGB4909",0,0,0,0,0,0,0,0,0,0,0,0,0.03511,0,0,0,0,0.01622,0.00029,0.00197,0.04507,0,0,0,0,0.00783,0,0,0,0,0,0,0,0,0.00422,0,0,0,0,0,0,0
"k__Bacteria|p__Firmicutes|c__Clostridia|o__Eubacteriales|f__Clostridiaceae|g__Clostridium|s__Clostridium_SGB6173|t__SGB6173",0,0.00046,0.03197,0,0,0.00511,0,0.2044,0.77377,0,0,0,0,0,0,0,0.004,0.35815,0.10567,0,0,0.01581,0,0.00013,0,0.00567,0,0,0,0.179,0.02704,0,0.01606,0.13626,0,0,0,0.25413,0.24067,0.0761,0,0.67878
"k__Bacteria|p__Firmicutes|c__Clostridia|o__Eubacteriales|f__Clostridiaceae|g__Clostridium|s__Clostridium_SGB6176|t__SGB6176",0,0,0,0,0,0,0,0,0,0,0,0,0,0,0,0,0,0,0,0,0,0,0,0,0,0,0,0,0,0,0,0,0,0,0,0,0,0.00152,0,0,0,0
"k__Bacteria|p__Firmicutes|c__Clostridia|o__Eubacteriales|f__Clostridiaceae|g__Clostridium|s__Clostridium_SGB6179|t__SGB6179",0,0,0.20637,0.01607,0,0,0.68069,0.13895,0.14105,0,0,0.02006,0.0168,0.55668,0.00131,0.15938,0,0.12025,0.10309,0,0,0.01299,0.75796,3.03621,0,0.00278,0.00729,0,0,0.14334,0.41662,0.03744,0,0.00499,0,0.00676,0.73358,0,0.05052,0.0054,0.31438,0.10589
"k__Bacteria|p__Firmicutes|c__Clostridia|o__Eubacteriales|f__Clostridiaceae|g__Clostridium|s__Clostridium_sp_1001270J_160509_D11|t__SGB6139",0,0,0,0,0,0,0,0.00397,0.00639,0,0,0,0,0,0,0,0,0.0638,0,0,0,0.00031,0,0,0,0,0,0,0,0.08315,0.39981,0.00345,0.0823,0.00032,0,0,0.55829,0.11094,0,0,0,0.66487
"k__Bacteria|p__Firmicutes|c__Clostridia|o__Eubacteriales|f__Clostridiaceae|g__Clostridium|s__Clostridium_sp_AF12_28|t__SGB4715",0.00919,0.01689,0,0,0,0,0,0,0,0,0,0,0,0,0,0,0,0.00116,0.02444,0,0,0,0,0,0,0,0,0,0,0.00036,0,0,0,0,0,0,0,0,0,0,0,0
"k__Bacteria|p__Firmicutes|c__Clostridia|o__Eubacteriales|f__Clostridiaceae|g__Clostridium|s__Clostridium_sp_AF20_17LB|t__SGB4714",0.00394,0.00927,0.01219,0,0.00127,0,0,0.00066,0,0.15205,0.0314,0,0,0,0,0,0,0,0,0.00587,0,0,0,0.0212,0.00036,0,0,0,0,0,0,0.004,0.009,0.0113,0,0,0,0.00372,0,0.00093,0,0.06201
"k__Bacteria|p__Firmicutes|c__Clostridia|o__Eubacteriales|f__Clostridiaceae|g__Clostridium|s__Clostridium_sp_AF27_2AA|t__SGB4712",0,0,0,0,0,0,0,0.00755,0,0,0.00057,0,0,0,0,0,0.00094,0.13235,0.37016,0.03907,0.00973,0,0,0,0,0,0,0,0,0,0,0,0.00533,0.00274,0,0,0,0,0,0,0,0
"k__Bacteria|p__Firmicutes|c__Clostridia|o__Eubacteriales|f__Clostridiaceae|g__Clostridium|s__Clostridium_sp_AF32_12BH|t__SGB4710",0,0,0,0,0,0,0,0.00092,0,0.01094,0.00411,0,0,0,0,0,0,0,0,0,0,0,0,0,0,0,0,0,0,0,0,0.00055,0,0,0,0,0,0,0,0,0,0
"k__Bacteria|p__Firmicutes|c__Clostridia|o__Eubacteriales|f__Clostridiaceae|g__Clostridium|s__Clostridium_sp_AF36_4|t__SGB4644",0.04239,0.05709,0,0,0,0,0,0.17714,0.07297,0,0,0,0,0,0,0,0,0,0,0,0,0.01581,0,0,0,0,0,0,0,0.05172,0,0,0,0,0,0,0,0,0.014,0.04078,0,0
"k__Bacteria|p__Firmicutes|c__Clostridia|o__Eubacteriales|f__Clostridiaceae|g__Clostridium|s__Clostridium_sp_AM22_11AC|t__SGB4749",0.08321,0.06729,0.06833,0.00161,0.00461,0,0,0.02226,0.00149,0.13677,0.17228,0.00105,0.00794,0.04772,0.0939,0,0.16353,0.71287,1.15365,0.28207,0.13842,0.0046,0,0,0,0.06633,0,0.2415,0,0.0016,0,0.01483,0.32364,0.16855,0.15135,0.00622,0.06934,0.03328,0.00108,0.00425,0.002,0.00327
"k__Bacteria|p__Firmicutes|c__Clostridia|o__Eubacteriales|f__Clostridiaceae|g__Clostridium|s__Clostridium_sp_AM29_11AC|t__SGB4701",0,0,0,0,0,0,0,0,0,0,0,0,0,0,0,0,0,0,0,0.00768,0,0,0,0,0,0,0,0,0,0,0,0,0,0,0,0,0,0,0,0,0,0.00087
"k__Bacteria|p__Firmicutes|c__Clostridia|o__Eubacteriales|f__Clostridiaceae|g__Clostridium|s__Clostridium_sp_AM33_3|t__SGB4711",0.03501,0.01681,0.02833,0,0,0,0.01116,0.01829,0.00592,0.0109,0.05942,0,0,0.0035,0,0,0,0.042,0.20941,0,0,0,0,0,0,0.00243,0,0,0,0.00206,0,0,0.13158,0.11713,0.03484,0,0.01058,0.03669,0.00315,0.00192,0,0.03379
"k__Bacteria|p__Firmicutes|c__Clostridia|o__Eubacteriales|f__Clostridiaceae|g__Clostridium|s__Clostridium_sp_AM42_4|t__SGB4709",0.0016,0.00189,0,0,0,0,0,0.00197,0,0.09755,0.08748,0,0,0.00366,0,0,0,0,0,0,0,0.00234,0.00046,0,0,0,0,0.00756,0,0,0,0,0,0,0,0,0,0,0,0,0,0
"k__Bacteria|p__Firmicutes|c__Clostridia|o__Eubacteriales|f__Clostridiaceae|g__Clostridium|s__Clostridium_sp_AM49_4BH|t__SGB4652",0,0,0,0,0,0,0,0.60523,7.26262,0,0,0.00031,0.11768,0,0,0,0,1.74506,0.19273,0,0,0,0,0.00598,0.88787,0,0,0,0,0,0,0,0.0295,0.7023,6e-05,0,0,0,0.00977,0.31654,0,0.76339
"k__Bacteria|p__Firmicutes|c__Clostridia|o__Eubacteriales|f__Clostridiaceae|g__Clostridium|s__Clostridium_sp_AT4|t__SGB4753",0,0,0,0,0,0,0,0,0,0,0,0,0,0.02776,0.04912,0,0,0,0,0.1139,0.16865,0,0,0.02675,6e-05,0,0,0.06822,0,0,0,0.00025,0.01238,0.00341,0,0,0.01645,0.02241,0,0,0,0
"k__Bacteria|p__Firmicutes|c__Clostridia|o__Eubacteriales|f__Clostridiaceae|g__Clostridium|s__Clostridium_sp_D5|t__SGB4615",0,0,0,0,0,0,0,0,0,0,0,0,0,0,0,0,0,0,0,0,0,0.00041,0,0,0,0,0.00045,0,0,0,0,0,0,0,0,0,0,0,0.00134,0,0,0
"k__Bacteria|p__Firmicutes|c__Clostridia|o__Eubacteriales|f__Clostridiaceae|g__Clostridium|s__Clostridium_sp_Marseille_P3244|t__SGB29302",0.00078,0.00089,0,0,0,0,0,0.00123,0,0,0,0,0.01283,0,0,0,7e-04,0,0,0,0,0.00264,0.00318,0,0,0,0,0,0,0.00133,0.02584,0.00195,0,0,0,0,0,0.00226,0.00107,0,0,0.00374
"k__Bacteria|p__Firmicutes|c__Clostridia|o__Eubacteriales|f__Clostridiaceae|g__Clostridium|s__Clostridium_sp_NSJ_42|t__SGB6174",0,0,0,0.01948,0,0.06271,0,0.08826,0.01164,0,0,0,0,0,0,0,0.0042,0.56312,0.13404,0,0,0,0,3.42754,0.04518,0.00203,0.00965,0,0,0,0.00614,0,0,0,0,0,0,0,0.13163,0.00495,0,0.0225
"k__Bacteria|p__Firmicutes|c__Clostridia|o__Eubacteriales|f__Clostridiaceae|g__Clostridium|s__Clostridium_sp_NSJ_6|t__SGB29097",0,0,0,0,0,0,0,0,0,0,0,0,0,0,0,0,0,0,0,0,0,0,0,0,0,0,0,0,0,0,0.00223,0,0,0,0,0,0,0,0,0,0,0
"k__Bacteria|p__Firmicutes|c__Clostridia|o__Eubacteriales|f__Clostridiaceae|g__GGB3480|s__GGB3480_SGB4648|t__SGB4648",0,0,0,0,0,0,0,0.00091,0,0,0,0,0,0,0,0,0,0,0,0,0,0,0,0,0,0,0,0,0,0,0,0,0,0,0,0,0,0,0,0,0,0
"k__Bacteria|p__Firmicutes|c__Clostridia|o__Eubacteriales|f__Clostridiaceae|g__GGB3486|s__GGB3486_SGB4658|t__SGB4658",0,0,0,0,0,0,0,0,0,0,0,0,0,0,0,0,0,0,0,0,0,0,0,0,0,0,0,0,0,0,0,0,0,0,0,0,0,0,0.01157,0,0,0
"k__Bacteria|p__Firmicutes|c__Clostridia|o__Eubacteriales|f__Clostridiaceae|g__GGB3532|s__GGB3532_SGB4720|t__SGB4720",0,0,0,0,0,0,0,0,0,0,0,0,0,0,0,0,0,0,0,0,0,0,0,0,0,0,0,0,0,0,0,0,0,0,0,0,0,0,0.00548,0.00216,0,0
"k__Bacteria|p__Firmicutes|c__Clostridia|o__Eubacteriales|f__Clostridiaceae|g__GGB3548|s__GGB3548_SGB4744|t__SGB4744",0,0,0,0,0,0,0,0,0,0,0,0,0,0.04877,0.00345,0,0,0,0,0,0,0,0,0,0,0,0,0,0,0,0,0,0,0,0,0,0,0,0,0,0,0
"k__Bacteria|p__Firmicutes|c__Clostridia|o__Eubacteriales|f__Clostridiaceae|g__GGB3550|s__GGB3550_SGB4746|t__SGB4746",0,0,0,0,0.02586,0,0,0,0,0,0,0,0,0.03088,0.01363,0,0,0,0,0.12185,1.38476,0,0,0,0,0.00211,0,0.01702,0,0,0,0.00432,0,0,0,0,0.00034,0.03723,0,0,0,0
"k__Bacteria|p__Firmicutes|c__Clostridia|o__Eubacteriales|f__Clostridiaceae|g__GGB3550|s__GGB3550_SGB4747|t__SGB4747",0,0,0,0,0,0,0,0,0,0,0,0,0,0,0,0,0,0,0,0,0,0,0,0,0,0,0,0,0,0,0,0,0.01346,0.01308,0,0,0,0,0,0,0,0
"k__Bacteria|p__Firmicutes|c__Clostridia|o__Eubacteriales|f__Clostridiaceae|g__GGB42639|s__GGB42639_SGB59836|t__SGB59836",0,0,0,0,0,0,0,0,0,0,0,0,0,0,0,0,0,0,0,0,0,0,0,0,0,0,0,0,0,0,0,0,0,0,0,0,0,0,0,0.0041,0,0
"k__Bacteria|p__Firmicutes|c__Clostridia|o__Eubacteriales|f__Clostridiaceae|g__GGB9574|s__GGB9574_SGB14987|t__SGB14987",0,0,0,0.00019,0,0,0,0,0,0,0,0,0,0,0,0,0,0,0,0,0,0,0,0,0.00352,0,0,0,0,0,0,0,0,0,0,0,0,0,0,0,0,0
"k__Bacteria|p__Firmicutes|c__Clostridia|o__Eubacteriales|f__Clostridiaceae|g__GGB9575|s__GGB9575_SGB14988|t__SGB14988",0,0,0,0,0,0,0,0,0,0.00663,0.00336,0,0,0,0,0,0,0,0,0,0,0,0,0,0,0,0,0,0,0,0,0,0,0,0,0,0,0,0,0,0,0
"k__Bacteria|p__Firmicutes|c__Clostridia|o__Eubacteriales|f__Clostridiaceae|g__GGB9580|s__GGB9580_SGB14996|t__SGB14996",0,0,0,0,0,0,0,0,0,0,0,0,0,0,0,0,0,0,0,0,0,0,0,0,0,0,0,0,0,0,0,0,0,0,0,0,0,0,0,0,0,0.02972
"k__Bacteria|p__Firmicutes|c__Clostridia|o__Eubacteriales|f__Clostridiaceae|g__GGB9580|s__GGB9580_SGB14998|t__SGB14998",0,0,0,0,0,0,0,0,0,0,0,0,0,0,0,0,0,0,0,0,0,0,0,0,0,0,0,0,0,0,0,0,0,0,0,0,0,0.02342,0.07676,0.00694,0,0.11006
"k__Bacteria|p__Firmicutes|c__Clostridia|o__Eubacteriales|f__Clostridiaceae|g__Hungatella|s__Hungatella_hathewayi|t__SGB4739",0,0,0,0,0,0,0,0,0,0,0,0,0,0,0,0,0,0,0,0,0,0,0,0,0,0,0,0,0,0.00653,0,0,0,0,0,0,0,0.02922,0,0,0,0
"k__Bacteria|p__Firmicutes|c__Clostridia|o__Eubacteriales|f__Clostridiaceae|g__Hungatella|s__Hungatella_hathewayi|t__SGB4741",0,0,0,0,0,0,0,0,0,0.00073,0.00044,0.1494,0.02661,0,0,0.02326,0.00615,0,0,0,0,0,5e-05,0,0,0,0.03064,0.03241,0.01257,0.01644,0.00313,0.00744,0.01253,0.00208,0,0,0,0.00597,0,0,0.00872,0.00276
"k__Bacteria|p__Firmicutes|c__Clostridia|o__Eubacteriales|f__Clostridiaceae|g__Hungatella|s__Hungatella_hathewayi|t__SGB4742",0,0,0,0,0,0.0017,0,0,0,0,0,0.03691,0,0,0,0.00836,0,0,0,0,0.00445,0.0168,0.00814,0.00367,0,0,0.00523,0.00526,0,0.04412,0,0,0.02827,0.00582,0,0.01575,0,0.01725,0,0,0,0.01056
"k__Bacteria|p__Firmicutes|c__Clostridia|o__Eubacteriales|f__Clostridiaceae|g__Lactonifactor|s__Lactonifactor_longoviformis|t__SGB48013",0,0,0,0.06672,0,0.00277,0,0,0,0,0,0.00136,0.04442,0,0,0,0.00345,0,0,0.01743,0.01813,0.00169,0.00653,0,0,0.00293,0.03987,0,0,0,0.06296,0,0,0,0,0.36413,0,0.01318,0,0.01393,0.02677,0
"k__Bacteria|p__Firmicutes|c__Clostridia|o__Eubacteriales|f__Clostridiaceae|g__Massilioclostridium|s__Massilioclostridium_coli|t__SGB29305",0,0,0,0,0,0.00168,0,0,0,0.00173,0.00194,0,0.01929,0.00394,0,0,0,0,1e-04,0.00013,0,0,0.006,0,0,0,0,0.00449,0,0,3e-05,0.00795,0.008,0.00114,0,0,0.01847,0.00658,0.00375,0.02214,0,0.00942
"k__Bacteria|p__Firmicutes|c__Clostridia|o__Eubacteriales|f__Clostridiaceae|g__Paraclostridium|s__Paraclostridium_bifermentans|t__SGB6144",0,0,0,0,0,0,0,0,0,0,0,0,0,0,0,0,0,0,0,0,0,0,0,0,0,0,0,0,0,0,0.01508,0,0,0,0,0.0155,0,0,0,0,0,0
"k__Bacteria|p__Firmicutes|c__Clostridia|o__Eubacteriales|f__Clostridiaceae|g__Sarcina|s__Sarcina_ventriculi|t__SGB6190",0,0,0,0,0,0,0,0,0,0,0,0,0,0,0,0,0,0,0,0,0,0,0,0,0,0,0,0,0,0,0,0,0,0,0,0,0,0,0.00059,0,0,0
"k__Bacteria|p__Firmicutes|c__Clostridia|o__Eubacteriales|f__Eubacteriaceae|g__Anaerofustis|s__Anaerofustis_stercorihominis|t__SGB4116",0,0,0,0,0,0,0,0.00282,0.00563,0,0,0.00499,0,0,0,0.01014,0,0,0,0,0,0.0052,0.00088,0,0.00139,0,0,0,0,0,0.00754,0.00217,0,0,0,0,0,0,0,0,0,0
"k__Bacteria|p__Firmicutes|c__Clostridia|o__Eubacteriales|f__Eubacteriaceae|g__Anaerofustis|s__Anaerofustis_stercorihominis|t__SGB49058",0,0,0,0,0,0,0,0,0,0,0,0,0,0,0,0,0,0,0,0,0,0,0,0,0,0,0,0,0,0.00193,0,0,0,0,0,0,0,0,0,0,0,0
"k__Bacteria|p__Firmicutes|c__Clostridia|o__Eubacteriales|f__Eubacteriaceae|g__Anaerofustis|s__Anaerofustis_stercorihominis|t__SGB49059",0,0,0,0,0,0,0,0,0,0,0,0,0.02259,0,0,0,0,0.00258,0.00158,0,0,0,0,0,0,0,0,0.01722,0,0,0,0,0,0,0,0,0.01969,0.00981,0.00605,0.00504,0,0.0283
"k__Bacteria|p__Firmicutes|c__Clostridia|o__Eubacteriales|f__Eubacteriaceae|g__Eubacteriaceae_unclassified|s__Eubacteriaceae_bacterium_CHKCI004|t__SGB4682",0,0,0,0,0,0,0,0,0,0,0,0,0,0,0,0,0,0,0,0,0,0,0,0,0,0,0,0,0,0,0,0,0,0,0,0,0,0,0,0,0,0.00188
"k__Bacteria|p__Firmicutes|c__Clostridia|o__Eubacteriales|f__Eubacteriaceae|g__Eubacteriaceae_unclassified|s__Eubacteriaceae_bacterium_Marseille_Q4139|t__SGB4718",0,0,0,0,0,0,0,0,0,0,0,0,0,0,0,0,0,0,0,0,0,0.0271,0.01022,0,0,0,0,0,0,0,0,0,0,0,0,0,0,0,0.00264,0,0,0
"k__Bacteria|p__Firmicutes|c__Clostridia|o__Eubacteriales|f__Eubacteriaceae|g__Eubacteriaceae_unclassified|s__Eubacteriaceae_bacterium|t__SGB3958",0.05022,0.03344,0,0,0,0.07829,0.02905,0.01399,0.01363,0.05257,0,0.09366,0.1144,0.04102,0,0.06179,0.07018,0.0803,0.02854,0,0,0.02729,0.01732,0,0,0,0,0,0,0,0.26307,0.14747,0,0,0.18037,0,0.06637,0.0783,0.16245,0.08033,0,0
"k__Bacteria|p__Firmicutes|c__Clostridia|o__Eubacteriales|f__Eubacteriaceae|g__Eubacteriaceae_unclassified|s__Eubacteriaceae_bacterium|t__SGB4546",0,0,0,0,0,0.07457,0.30375,0,0,0,0,0,0,0,0,0,0,0,0,0,0,0,0,0,0,0.01023,0.01354,0,0,0,0,0,0,0,0,0,0,0,0,0,0,0
"k__Bacteria|p__Firmicutes|c__Clostridia|o__Eubacteriales|f__Eubacteriaceae|g__Eubacteriaceae_unclassified|s__Eubacteriaceae_bacterium|t__SGB5043",0.25709,0.39348,0,0,0,0,0,0.04679,0.02334,0,0,0,0.02651,0,0,0.17602,0.05606,0,0,0,0,0.04602,0.00472,0,0.01238,0,0.02928,0,0,0,0,0,0,0,0,0,0,0,0.0261,0,0,0
"k__Bacteria|p__Firmicutes|c__Clostridia|o__Eubacteriales|f__Eubacteriaceae|g__Eubacterium|s__Eubacterium_callanderi|t__SGB4080",0,0,0,0,0,0,0,0,0,0,0,0,0,0,0,0,0,0,0,0,0,0.24209,0.33393,0,0,0.00049,0.07177,0,0,0.05073,0,0,0,0,0,0.00509,0,0,0.10231,0.20132,0,0
"k__Bacteria|p__Firmicutes|c__Clostridia|o__Eubacteriales|f__Eubacteriaceae|g__Eubacterium|s__Eubacterium_hominis|t__SGB4040",0,0,0,0.01612,0.00959,0.00536,0.00579,0,0,0,0,0,0,0.00954,0.0048,0,0,0,0,0,0,0,0,0,0,0,0,0.00625,0,0,0.00845,0.00264,0,0,0,0,0,0,0,0,0,0
"k__Bacteria|p__Firmicutes|c__Clostridia|o__Eubacteriales|f__Eubacteriaceae|g__Eubacterium|s__Eubacterium_limosum|t__SGB4079",0.07735,0.01958,0,0,0,0,0,0,0,0,0,0.19372,0.14041,0,0,0,0,0,0,0,0,0,0,0,0,0,0,0,0,0,0,0,0,0,0,0,0,0,0,0,0,0
"k__Bacteria|p__Firmicutes|c__Clostridia|o__Eubacteriales|f__Eubacteriaceae|g__Eubacterium|s__Eubacterium_maltosivorans|t__SGB4078",0,0,0,0,0,0,0,0.00563,0,0,0,0,0,0,0,0,0,0,0,0.00851,0.00082,0,0,0,0,0,0,0,0,0,0,0,0.06818,0,0,0,0,0,0,0,0,0.06978
"k__Bacteria|p__Firmicutes|c__Clostridia|o__Eubacteriales|f__Eubacteriaceae|g__Eubacterium|s__Eubacterium_ramulus|t__SGB4959",0.00407,0,0.11687,0,0,0.21224,0.13206,0.13097,0.25334,0.5332,0.53506,0.00301,0.14102,0.20588,0.0278,0.0078,0.22486,0,0,0,0,0.01603,0.0332,0,0,0.08539,0.04769,0,0,0.12836,0,0,0.38311,0.92715,0.58411,0,0,0,0.00408,0.04607,0.12983,0
"k__Bacteria|p__Firmicutes|c__Clostridia|o__Eubacteriales|f__Eubacteriaceae|g__Eubacterium|s__Eubacterium_ramulus|t__SGB4960",0.03676,0.00766,0,0.05543,0.36328,0.22012,0.16298,0.16521,0.08484,0.03558,0.02306,0,0,0.03699,0.00437,0,0.06765,0,0,0.92753,1.49531,0.00066,0.00646,1.52076,0.43547,0.17253,0.32154,0,0,0.03026,0,0.06704,0,0,0.07652,0.06136,1.15533,0.99075,0.13563,0.02435,0,0
"k__Bacteria|p__Firmicutes|c__Clostridia|o__Eubacteriales|f__Eubacteriaceae|g__Eubacterium|s__Eubacterium_sp_AF16_48|t__SGB5042",0,0,0,0,0,0,0,0.01155,0.04171,0,0,0,0.01205,0,0,0.18099,0,0.12204,0.01888,0,0,0,0,0,0,0,0,0,0,0.61226,0,0,0,0,0,0,0,0,0.09022,0.08399,0,0
"k__Bacteria|p__Firmicutes|c__Clostridia|o__Eubacteriales|f__Eubacteriaceae|g__Eubacterium|s__Eubacterium_sp_AF34_35BH|t__SGB5051",0,0,0,0,0,1.75084,1.162,0,0.00025,0,0,0,0,0,0,0,0,0.60031,0.04772,0,0,0,0,0.06199,0.27246,0,0,0,0,0,0,0,0,0,0,0,0,0,0.69308,0.29557,1.16902,0
"k__Bacteria|p__Firmicutes|c__Clostridia|o__Eubacteriales|f__Eubacteriaceae|g__Eubacterium|s__Eubacterium_sp_c_25|t__SGB4621",0,0,0,0,0,0,0,0,0,0,0,0,0,0,0,0,0,0,0,0,0,0.10252,0.08062,0,0,0,0,0,0,0,0.01613,0.00032,0,0,0,0,0.0014,0.01571,0,0,0,0.46052
"k__Bacteria|p__Firmicutes|c__Clostridia|o__Eubacteriales|f__Eubacteriaceae|g__Eubacterium|s__Eubacterium_ventriosum|t__SGB5045",0.09811,0.24618,3e-04,0.02639,0,0,0,0.20346,0.06822,0,0,0,0,0.07176,0.00278,0.00173,0.0292,0,0,0,0,0.00769,0.03775,0.12593,0.44817,0.11772,0.04095,0.11545,0,0.35119,0,0,0.01214,0.05909,0.03746,0,2.77917,0.64673,0.39486,0.54875,0.24778,1.27654
"k__Bacteria|p__Firmicutes|c__Clostridia|o__Eubacteriales|f__Eubacteriaceae|g__GGB3267|s__GGB3267_SGB4317|t__SGB4317",0,0,0,0,0,0,0,0,0,0,0,0,0.69822,0,0,0,0,0,0,0,0,0,0,0,0,0,0,0,0,0,0,0,0,0,0,0,0,0,0,0,0,0
"k__Bacteria|p__Firmicutes|c__Clostridia|o__Eubacteriales|f__Eubacteriaceae|g__GGB3277|s__GGB3277_SGB4327|t__SGB4327",0.02705,0.69316,0.09221,0,0,0,0,0,0,0,0,0,0,0,0,0,0,0,0,0,0,0,0,0,0,0,0,0,0,0,0,0,0,0,0,0,0,0,0,0,3.86784,3.03022
"k__Bacteria|p__Firmicutes|c__Clostridia|o__Eubacteriales|f__Eubacteriaceae|g__GGB3278|s__GGB3278_SGB4328|t__SGB4328",0,0,0,0,0,0,0,2.09806,3.04095,0,0,0,0,0,0,0,0,0,0,0,0,0,0,0.96633,3.86503,0,0,0,0,0,0,0,0,0,0,0,0,0,0,0,0,0
"k__Bacteria|p__Firmicutes|c__Clostridia|o__Eubacteriales|f__Eubacteriaceae|g__GGB35068|s__GGB35068_SGB47850|t__SGB47850",0.02439,0.03078,0,0,0,0,0,0.01349,0.01243,0,0,0,0,0.00673,0,0,0.00845,0.04105,0.03269,0,0,0,0,0,0,0.02181,0.02695,0,0,0.02293,0.0056,0.03404,0,0,0.01161,0,0,0,0,0,0,0
"k__Bacteria|p__Firmicutes|c__Clostridia|o__Eubacteriales|f__Eubacteriaceae|g__Intestinibacillus|s__Intestinibacillus_sp_Marseille_P6563|t__SGB29313",0,0,0,0,0,0,0,0,0,0,0,0,0,0,0,0,0,0,0,0,0,0,0,0,0,0,0,0,0,0,0.00075,0.00238,0,0,0,7e-05,0,0.00356,0,0,0,0
"k__Bacteria|p__Firmicutes|c__Clostridia|o__Eubacteriales|f__Eubacteriales_Family_XIII_Incertae_Sedis|g__Alterileibacterium|s__Alterileibacterium_massiliense|t__SGB3980",0,0,0,0,0,0,0,0,0,0,0,0,0,0,0,0,0,0,0,0,0,0.05115,0.03039,0,0,0,0,0,0,0,0,0,0,0,0,0,0,0,0,0,0,0
"k__Bacteria|p__Firmicutes|c__Clostridia|o__Eubacteriales|f__Eubacteriales_Family_XIII_Incertae_Sedis|g__Anaerovorax|s__Anaerovorax_odorimutans|t__SGB4531",0,0,0,0,0,0,0,0.00167,0,0,0,9e-05,0.00634,0,0,0,0,0,0,0,0,0,0,0,0,0.00559,0.06673,0,0,0.0074,0,0,0,0,0,0,0,0,0.00038,0.00479,0,0
"k__Bacteria|p__Firmicutes|c__Clostridia|o__Eubacteriales|f__Eubacteriales_Family_XIII_Incertae_Sedis|g__Baileyella|s__Baileyella_intestinalis|t__SGB3928",0,0,0,0,0,0,0,0,0,0,0,0,0,0,0,0,0.00205,0,0,0,0,0,0,0,0,0,0,0,0,0,0,0.00288,0,0,0,0,0,0,0,0,0,0
"k__Bacteria|p__Firmicutes|c__Clostridia|o__Eubacteriales|f__Eubacteriales_Family_XIII_Incertae_Sedis|g__Emergencia|s__Emergencia_timonensis|t__SGB3970",0,0,0,0,0,0,0,0,0,0,0,0.02431,0.02253,0,0,0.01098,0,0,0,0,0,0,0,0,0,0.00114,0.0146,0,0,0,0,0,0,0,0,0,0,0,0,0,0,0
"k__Bacteria|p__Firmicutes|c__Clostridia|o__Eubacteriales|f__Eubacteriales_Family_XIII_Incertae_Sedis|g__Eubacteriales_Family_XIII_Incertae_Sedis_unclassified|s__Clostridiales_bacterium_S5_A14a|t__SGB3977",0,0,0,0,0,0,0,0,0,0,0,0,0,0,0,0,0,0.00235,0,0,0,0,0,0.00075,0,0,0,0,0,0,0.01865,0.00104,0,0,0,0,0,0,0,0,0,0
"k__Bacteria|p__Firmicutes|c__Clostridia|o__Eubacteriales|f__Eubacteriales_Family_XIII_Incertae_Sedis|g__Eubacteriales_Family_XIII_Incertae_Sedis_unclassified|s__Eubacteriales_Family_XIII_Incertae_Sedis_unclassified_SGB3978|t__SGB3978",0,0,0,0,0,0,0,0.01964,0,0,0,0,0,0,0,0,0,0,0,0,0,0.0659,0,0,0,0,0,0,0.03409,0.00341,0,0,0.00545,0,0,0,0.27396,0.46222,0.11773,0.02477,0,0
"k__Bacteria|p__Firmicutes|c__Clostridia|o__Eubacteriales|f__Eubacteriales_Family_XIII_Incertae_Sedis|g__Eubacteriales_Family_XIII_Incertae_Sedis_unclassified|s__Eubacterium_brachy|t__SGB3931",0,0,0,0,0,0,0,0,0,0,0,0,0.00106,0,0.00855,0,0,0,0,0,0,0,0,0,0,0,0,0,0,0,0.00028,0,0,0,0,0.0236,0,0,0,0,0,0.001
"k__Bacteria|p__Firmicutes|c__Clostridia|o__Eubacteriales|f__Eubacteriales_Family_XIII_Incertae_Sedis|g__Eubacteriales_Family_XIII_Incertae_Sedis_unclassified|s__Eubacterium_infirmum|t__SGB3936",0,0,0,0,0,0,0,0,0,0,0,0,0,0,0,0,0,0,0,0,0,0.00183,0,0,0,0,0,0,0,0,0,0,0,0,0,0,0,0,0,0,0,0
"k__Bacteria|p__Firmicutes|c__Clostridia|o__Eubacteriales|f__Eubacteriales_Family_XIII_Incertae_Sedis|g__Eubacteriales_Family_XIII_Incertae_Sedis_unclassified|s__Eubacterium_nodatum|t__SGB6627",0,0,0,0,0,0,0,0,0,0,0,0,0.00041,0,0,0,0,0,0,0,0,0,0.00075,0,0,0,0,0,0,0,0.00061,0,0,0,0.00951,5e-05,0,0,0,0,0,0
"k__Bacteria|p__Firmicutes|c__Clostridia|o__Eubacteriales|f__Eubacteriales_Family_XIII_Incertae_Sedis|g__Eubacteriales_Family_XIII_Incertae_Sedis_unclassified|s__Eubacterium_saphenum|t__SGB3945",0,0,0,0,0,0,0,0,0,0,0,0,0.00424,0,0,0,0,0,0,0,0,0.00154,0.00474,0,0,0,1e-04,0.00257,0,0,0.00425,0,0,0,0.00329,0.00206,0,0,0,0,0,0
"k__Bacteria|p__Firmicutes|c__Clostridia|o__Eubacteriales|f__Eubacteriales_Family_XIII_Incertae_Sedis|g__Eubacteriales_Family_XIII_Incertae_Sedis_unclassified|s__Eubacterium_sulci|t__SGB3934_group",0,0.00225,0.01845,0.05925,0.00771,0.00107,0,0.00116,0,0,0,0,0,0.0067,0.10564,0,0,0,0.00096,0.00191,0.01204,0,0.00396,0.04634,0.00625,0.00022,0,0.02134,0,0.00492,0,0,0,0,0.00158,0.03689,0.00084,0.00554,9e-05,0.0033,0.00091,0
"k__Bacteria|p__Firmicutes|c__Clostridia|o__Eubacteriales|f__Eubacteriales_Family_XIII_Incertae_Sedis|g__GGB2977|s__GGB2977_SGB3959|t__SGB3959",0,0.05071,0,0,0,0,0,0,0,0,0,0,0,0,0,0,0.28177,0,0,0,0,0,0,0,0,0,0,0,0,0,0,0,0,0,0,0,0,0,0,0,0,0
"k__Bacteria|p__Firmicutes|c__Clostridia|o__Eubacteriales|f__Eubacteriales_Family_XIII_Incertae_Sedis|g__GGB2980|s__GGB2980_SGB3962|t__SGB3962",0,0,0,0.20105,0.02557,0,0,0.05867,0.00453,0,0,0.00146,0.08962,0,0,0.01052,0.05329,0,0,0,0,0.04732,0.15678,0,0,0,0,0.00232,0,0.10663,0,0,0,0,0,0,0,0.00131,0.00739,0.00449,0,0
"k__Bacteria|p__Firmicutes|c__Clostridia|o__Eubacteriales|f__Eubacteriales_Family_XIII_Incertae_Sedis|g__GGB2987|s__GGB2987_SGB3969|t__SGB3969",0,0,0,0,0,0,0,0,0,0,0,0,0.00699,0,0,0,0,0,0,0,0,0.0771,0.03347,0,0,0,0,0,0,0,0,0,0,0,0,0,0,0.02834,0,0.00557,0,0
"k__Bacteria|p__Firmicutes|c__Clostridia|o__Eubacteriales|f__Eubacteriales_Family_XIII_Incertae_Sedis|g__GGB32387|s__GGB32387_SGB47381|t__SGB47381",0,0,0,0,0.00148,0,0,0,0,0,0,0,0,0,0,0,0,0,0,0,0,0,0,0,0,0,0,0,0,0,0,0,0,0,0,0,0,0.0602,0.07901,0.22823,0,0
"k__Bacteria|p__Firmicutes|c__Clostridia|o__Eubacteriales|f__Eubacteriales_Family_XIII_Incertae_Sedis|g__Lentihominibacter|s__Lentihominibacter_faecis|t__SGB3957",0.07746,0.05258,0.02996,0,0,0.12002,0.06079,0.05222,0.06038,0.05691,0.0114,0.11312,0.3782,0.02868,0.00261,0.20274,0.27163,0.04727,0.02183,0,0,0.26099,0.54571,0,0,0.09367,0.39032,0.04499,0.01409,0.10125,0.13021,0.1834,0.25009,0.10213,0.09068,0.38514,0,0,0,0,0.17808,0
"k__Bacteria|p__Firmicutes|c__Clostridia|o__Eubacteriales|f__Eubacteriales_Family_XIII_Incertae_Sedis|g__Lentihominibacter|s__Lentihominibacter_hominis|t__SGB3961",0,0,0,0,0,0,0,0,0,0,0,0,0,0,0,0.02478,0.00463,0,0,0,0,0.0053,0.02778,0,0,0.11647,0.27724,0,0,0,0.14875,0.03107,0.17707,0.17896,0,0,0,0,0,0.03872,0,0
"k__Bacteria|p__Firmicutes|c__Clostridia|o__Eubacteriales|f__Eubacteriales_Family_XIII_Incertae_Sedis|g__Mogibacterium|s__Mogibacterium_diversum|t__SGB3922_group",6e-04,0.0094,0.01522,0.04588,0.01698,0.00095,0,0.00213,0.00014,0.00099,0.003,0,0,0.00263,0.02534,0.02157,0.01529,0,0.00354,0.01041,0.02641,0,0.00598,0.05276,0.00902,0.00014,0,0.02484,0,0.00875,0.0154,0.0126,0,0,0.01661,0.06513,0.00053,0.00309,0.0024,0.01027,0.00076,0.00217
"k__Bacteria|p__Firmicutes|c__Clostridia|o__Eubacteriales|f__Eubacteriales_Family_XIII_Incertae_Sedis|g__Mogibacterium|s__Mogibacterium_kristiansenii|t__SGB3926_group",0,0,0.07782,0,0,0,0,0,0,0,0,0,0,0,0,0,0,0,0,0,0,0,0,0,0,0,0,0,0,0.75236,0,0,0,0,0,1.52296,0,0,0,0,0,0
"k__Bacteria|p__Firmicutes|c__Clostridia|o__Eubacteriales|f__Eubacteriales_Family_XIII_Incertae_Sedis|g__Mogibacterium|s__Mogibacterium_pumilum|t__SGB3924",0,0,0,0,0,0,0,0,0,0,0,0,0,0,0,0,0,0,0,0,0,0.00037,0.00107,0,0,0,0,0,0,0,0,0,0,0,0,0,0,0,0,0,0,0
"k__Bacteria|p__Firmicutes|c__Clostridia|o__Eubacteriales|f__Eubacteriales_Family_XIII_Incertae_Sedis|g__Mogibacterium|s__Mogibacterium_SGB3923|t__SGB3923",0,0,0,0,0,0,0,0,0,0,0,0,0,0,0,0.04369,0,0,0,0,0,0,0,0,0,0,0,0,0,0,0,0,0,0,0,0.00057,0,0,0,0,0,0
"k__Bacteria|p__Firmicutes|c__Clostridia|o__Eubacteriales|f__Eubacteriales_Family_XIII_Incertae_Sedis|g__Mogibacterium|s__Mogibacterium_timidum|t__SGB3920",0,0,0.00035,0,0,0,0,0,0,0,0,0,0.00165,0,0,0.10572,0,0,0,0,0,0,0,0,0,0,0,0,0,0,0.00965,0.00011,0,0,0.05049,0.00586,0,0,0,0,0,0
"k__Bacteria|p__Firmicutes|c__Clostridia|o__Eubacteriales|f__Eubacteriales_Family_XIII_Incertae_Sedis|g__Zhenpiania|s__Zhenpiania_hominis|t__SGB14854",0,0,0.01924,0,0,0,0,0.0588,0.05584,0,0,0,0.03441,0.00762,0,0.04542,0,0,0,0,0,0.20894,0.10962,0,0,0.13624,0.38222,0,0,0,0.75765,0.14539,0,0,0.02018,0.66515,0.00974,0.03247,0.13663,0.36174,0,0
"k__Bacteria|p__Firmicutes|c__Clostridia|o__Eubacteriales|f__Eubacteriales_incertae_sedis|g__Candidatus_Cibionibacter|s__Candidatus_Cibionibacter_quicibialis|t__SGB15286",1.48891,0.48774,0.22563,9.82305,2.50722,0,0.00019,1.08664,1.4654,0.02359,0.03288,0.00789,0.51962,0.10462,0.06589,0.10592,0.27866,0.30488,0.10992,0.43139,0.38429,1.13769,0.30067,0,0,0.99044,0.80642,0,0,0.24175,0,0,0,0,0.15392,0.28459,1.23351,1.85362,2.67375,5.14892,0,0
"k__Bacteria|p__Firmicutes|c__Clostridia|o__Eubacteriales|f__Eubacteriales_unclassified|g__Colidextribacter|s__Colidextribacter_sp_210702_DFI_3_9|t__SGB15146",0,0,0,0,0,0,0,0,0,0,0,0,0,0,0,0,0,0,0,0,0,0.01013,0,0,0,0,0,0,0,0,0,0.00515,0,0,0,0,0,0.00327,0,0,0,0
"k__Bacteria|p__Firmicutes|c__Clostridia|o__Eubacteriales|f__Eubacteriales_unclassified|g__Eubacteriales_unclassified|s__Clostridiales_bacterium_CHKCI006|t__SGB7261",0,0,0,0,0,0,0,0,0,0,0,0,0.00046,0,0,0,0,0,0,0,0,0,0,0,0,0,0,0,0,0,0,0,0,0,0,0,0,0,0,0,0,0.00164
"k__Bacteria|p__Firmicutes|c__Clostridia|o__Eubacteriales|f__Eubacteriales_unclassified|g__Eubacteriales_unclassified|s__Clostridiales_bacterium_KA00274|t__SGB7884",0,0,0,0,0,0,0,0,0,0,0,0,0,0,0,0,0,0,0,0,0,0,0,0,0,0,0,0,0,7e-04,0,0,0,0,0,0,0,0,0,0,0,0
"k__Bacteria|p__Firmicutes|c__Clostridia|o__Eubacteriales|f__Eubacteriales_unclassified|g__Eubacteriales_unclassified|s__Clostridiales_bacterium_KLE1615|t__SGB5090",0.0201,0.43651,0.08855,0.01683,0.65247,0.02958,0.38565,1.13142,0.87625,0.18699,0.19544,0,0.05467,0.0501,0.05216,0.04359,0.08946,0.26148,0.65215,0.88787,0.56996,0.00027,0.00604,1.15416,0.01552,0.3359,0.00213,0.05593,0,0.10458,0.01509,0.00229,0.01815,0.63068,0.107,0,0.53762,0.32808,0.0259,0.00472,0,0.13275
"k__Bacteria|p__Firmicutes|c__Clostridia|o__Eubacteriales|f__Eubacteriales_unclassified|g__Eubacteriales_unclassified|s__Clostridiales_bacterium|t__SGB15143",0,0.00087,0,0,0,0,0,0,0,0,0,0.0069,0.0031,0,0,0,0,0,0,0,0,0.01772,0.00181,0,0,0,0,0,0,0.01384,0,0.00195,0,0,0,0,0,0,0,0,0,0
"k__Bacteria|p__Firmicutes|c__Clostridia|o__Eubacteriales|f__Eubacteriales_unclassified|g__Eubacteriales_unclassified|s__Clostridiales_bacterium|t__SGB15159",0,0,0,0,0,0,0,0,0,0,0,0,0,7e-04,0,0,0,0,0,0.00395,0.01563,0.00194,0.00167,0,0,0,0,0.42032,0,0,0,0,0.07401,0.01775,0,0,0.00407,0.20666,0,0,0.02253,0
"k__Bacteria|p__Firmicutes|c__Clostridia|o__Eubacteriales|f__Eubacteriales_unclassified|g__Eubacteriales_unclassified|s__Eubacteriales_bacterium|t__SGB14960",0,0.00151,0,0,0,0,0,0.00132,0,0,0,0,0,0,0,0,0,0,0,0,0,0,0,0,0,0,0,0,0,0.14826,0,0,0,0,0,0,0,0,0,0,0,0
"k__Bacteria|p__Firmicutes|c__Clostridia|o__Eubacteriales|f__Eubacteriales_unclassified|g__Eubacteriales_unclassified|s__Eubacteriales_unclassified_SGB15148|t__SGB15148",0,0,0,0,0,0,0,0,0,0,0,0,0,0,0,0,0,0,0,0,0,0,0,0,0,0,0,0,0,0,0,0,0,0,0,0,0,0,0,0,0,0.19757
"k__Bacteria|p__Firmicutes|c__Clostridia|o__Eubacteriales|f__Eubacteriales_unclassified|g__Eubacteriales_unclassified|s__Eubacteriales_unclassified_SGB15150|t__SGB15150",0,0,0,0,0,0,0,0,0,0,0,0,0,0,0,0,0,0,0,0,0,0,0,0,0,0,0,0,0,0,0,0,0,0,0,0.00234,0,0,0,0,0,0
"k__Bacteria|p__Firmicutes|c__Clostridia|o__Eubacteriales|f__Eubacteriales_unclassified|g__Evtepia|s__Evtepia_gabavorous|t__SGB15120",0.46791,0.37957,0,0.77787,0.06091,1.25367,0.40639,0,0,0,0,0.43372,1.13731,0.14217,0,0.67444,0,0.39424,0.37122,0,0,1.1647,0.80686,0,0,0.56415,0.45495,0,0,1.52792,0.76205,1.02197,0,0,0.28297,0,0,0,1.17773,1.05558,0,0
"k__Bacteria|p__Firmicutes|c__Clostridia|o__Eubacteriales|f__Eubacteriales_unclassified|g__Fenollaria|s__Fenollaria_massiliensis|t__SGB6716",0,0,0,0,0,0,0,0,0,0,0,0,0,0,0,0,0,0,0,0,0,0,0,0,0,0,0,0,0,0.0043,0,0,0,0,0.00793,0,0,0,0,0,0,0
"k__Bacteria|p__Firmicutes|c__Clostridia|o__Eubacteriales|f__Eubacteriales_unclassified|g__Fenollaria|s__Fenollaria_timonensis|t__SGB6719",0,0,0,0,0,0,0,0,0,0,0,0,0,0,0,0,0,0,0,0,0,0,0,0,0,0,0,0,0,0.00078,0,0,0,0,0,0,0,0,0,0,0,0
"k__Bacteria|p__Firmicutes|c__Clostridia|o__Eubacteriales|f__Eubacteriales_unclassified|g__Gemmiger|s__Gemmiger_formicilis|t__SGB15292",0,0,0.39479,0,0,0,0,1.0073,0.97759,0,0,0,0,0,0,0,0.03309,0,0,0,0,0,0,0,0,0,0,0,0,0,0,0,0,0,0.73162,0,0,0,0,0,0,0
"k__Bacteria|p__Firmicutes|c__Clostridia|o__Eubacteriales|f__Eubacteriales_unclassified|g__Gemmiger|s__Gemmiger_formicilis|t__SGB15299",0,0,0.14242,0,0,0,0,0.00613,0.00311,0,0,0,0,0,0,0,0,0.09681,0.04529,0,0,0,0,0,0,0,0,0,0,0.20667,0.01649,0.02416,0.00515,0,0.01193,0,0,0,0,0,0,0
"k__Bacteria|p__Firmicutes|c__Clostridia|o__Eubacteriales|f__Eubacteriales_unclassified|g__Gemmiger|s__Gemmiger_formicilis|t__SGB15300",0.73466,0.63768,0.48802,0,0,0,0,0.13194,0.05787,0.52633,0.04599,0.01329,0.33618,0.9677,0.15441,0.01363,1.98325,3.37456,0.98881,1.42463,0.15685,1.35902,0.36546,3.85514,0.84126,0.77517,0.26671,0.19363,0,1.80862,0.0165,0.00909,0.10728,0.72814,0.95767,0.75417,0,0,0,0,0,0
"k__Bacteria|p__Firmicutes|c__Clostridia|o__Eubacteriales|f__Eubacteriales_unclassified|g__Gemmiger|s__Gemmiger_gallinarum|t__SGB63309",0,0,0,0,0,0,0,0,0,0,0,0,0.00051,0,0,0,0,0,0,0,0,0,0,0,0,0,0,0,0,0,0,0,0,0,0,0,0,0,0,0,0,0
"k__Bacteria|p__Firmicutes|c__Clostridia|o__Eubacteriales|f__Eubacteriales_unclassified|g__Gemmiger|s__Gemmiger_SGB15295|t__SGB15295",0.65729,0.11986,0.22898,0,0,0,0,0.53524,1.11185,0.17767,2.24457,0,0.20842,0.55633,0.02558,0,0.26184,0.28749,0.09662,0,0,0,0,0,0,0,0,0,0,0.30951,0.86851,2.28938,0,0,0.52246,4.5283,0,0,0,0,0,0
"k__Bacteria|p__Firmicutes|c__Clostridia|o__Eubacteriales|f__Eubacteriales_unclassified|g__Gemmiger|s__Gemmiger_sp_An87|t__SGB15281",0,0,0,0,0,0,0,0,0,0,0,0,0,0,0,0,0,0,0,0,0,0,0,0,0,0,0,0,0,0,0,0,0,0,0,0,0,0,0,0,0,0.00483
"k__Bacteria|p__Firmicutes|c__Clostridia|o__Eubacteriales|f__Eubacteriales_unclassified|g__GGB48169|s__GGB48169_SGB66172|t__SGB66172",0,0,0,0,0,0,0,0,0,0,0,0,0,0,0,0,0,0,0,0,0,0,0,0,0,0,0,0,0,0,0,0,0,0,0,0,0,0,0.07501,0,0,0
"k__Bacteria|p__Firmicutes|c__Clostridia|o__Eubacteriales|f__Eubacteriales_unclassified|g__GGB9563|s__GGB9563_SGB14975|t__SGB14975",0,0,0,0,0,0,0,0,0,0,0,0.01255,0.03965,0,0,0,0,0,0,0,0,0.12109,0.01276,0,0,0,0,0,0,0,0,0,0,0,0,0,0,0,0.04281,0.05042,0,0.02209
"k__Bacteria|p__Firmicutes|c__Clostridia|o__Eubacteriales|f__Eubacteriales_unclassified|g__GGB9759|s__GGB9759_SGB15370|t__SGB15370",0.02832,0.03067,0,0,0,0,0,0.02458,0.00171,0.01892,0.03888,0.00058,0.09362,0,0,0.00972,0.03059,0.03523,0.08309,0,0,0,0,0,0,0,0,0,0,0.02767,0.02609,0.03068,0,0,0.10678,0,0,0,0,0,0,0.11542
"k__Bacteria|p__Firmicutes|c__Clostridia|o__Eubacteriales|f__Eubacteriales_unclassified|g__GGB9759|s__GGB9759_SGB15372|t__SGB15372",0,0,0,0,0,0,0,0,0,0,0,0,0,0,0,0,0.0286,0,0,0,0,0,0,0,0,0,0,0,0,0,0,0,0,0,0,0,0,0,0,0,0,0
"k__Bacteria|p__Firmicutes|c__Clostridia|o__Eubacteriales|f__Eubacteriales_unclassified|g__GGB9760|s__GGB9760_SGB15373|t__SGB15373",0.02846,0.02569,0,0,0,0,0,0.05649,0.03109,0,0,0.00418,0.38529,0.0016,0,0,0.02493,0,0,0,0,0,0,0,0,0,0,0,0,0.00098,0,0,0,0,0.06916,0,0,0,0,0,0,0.11853
"k__Bacteria|p__Firmicutes|c__Clostridia|o__Eubacteriales|f__Eubacteriales_unclassified|g__GGB9760|s__GGB9760_SGB15374|t__SGB15374",0.04914,0.01905,0.04978,0,0,0,0,0.12661,0.03399,0.02791,0.0385,0.06291,0.01722,0.03326,0,0,0.33191,0.05749,0.0377,0,0,0,0,0,0,0,0,0,0,0.32671,0.13196,0.41597,0.06364,0.03277,0.06811,0,0,0,0.34843,0.27864,0,0.0638
"k__Bacteria|p__Firmicutes|c__Clostridia|o__Eubacteriales|f__Eubacteriales_unclassified|g__Intestinimonas|s__Intestinimonas_butyriciproducens|t__SGB15126",0.0501,0.07869,0,0,0,0,0,0,0,0,0,0.01065,0.03454,0,0,0,0,0,0,0.01188,0.00089,0.13385,0.18114,0,0,0,0,0,0,0.00035,0,0,0,0,0,0,0,0,0.01854,0,0,0
"k__Bacteria|p__Firmicutes|c__Clostridia|o__Eubacteriales|f__Eubacteriales_unclassified|g__Intestinimonas|s__Intestinimonas_gabonensis|t__SGB79840",4e-05,0.01766,0,0,0,0,0,0,0,0,0,0,0,0,0,0,0,0,1e-04,0,0,0,0,0,0,0,0,0,0,0.00184,0,0,0,0,0,0,0,0,0,0,0,0
"k__Bacteria|p__Firmicutes|c__Clostridia|o__Eubacteriales|f__Eubacteriales_unclassified|g__Intestinimonas|s__Intestinimonas_massiliensis|t__SGB15127",0.04512,0.02202,0,0,0,0,0,0,0,0,0,0,0,0,0,0,0,0,0,0.03494,0.00748,0,0,0,0,0,0,0,0,5e-05,0,0,0,0,0,0,0,0,0,0,0,0
"k__Bacteria|p__Firmicutes|c__Clostridia|o__Eubacteriales|f__Eubacteriales_unclassified|g__Intestinimonas|s__Intestinimonas_sp_MSJ_38|t__SGB14974",0.08557,0.0575,0,0,0,0.0042,0.00241,0.0244,0.00925,0.09356,0.15037,0,0,0.00134,0,0.02727,0.00591,0.05876,0.01872,0.44403,0.03091,0,0,0,0,0,0,0,0,0.07624,0,0,0,0,0.00441,0.01365,0,0.03849,0,0,0,0
"k__Bacteria|p__Firmicutes|c__Clostridia|o__Eubacteriales|f__Eubacteriales_unclassified|g__Intestinimonas|s__Intestinimonas_timonensis|t__SGB29334",0,0,0,0,0,0,0,0,0,0,0,0,0,0,0,0,0,0,0,0.00802,0,0,0,0,0,0,0,0,0,0,0,0,0,0,0,0,0,0,0,0,0,0
"k__Bacteria|p__Firmicutes|c__Clostridia|o__Eubacteriales|f__Eubacteriales_unclassified|g__Levyella|s__Levyella_massiliensis|t__SGB5300",0,0,0,0,0,0,0,0,0,0,0,0,0,0,0,0,0,0,0,0,0,0,0,0.00227,0,0,0,0,0,0,0,9e-04,0,0,0,0,0,0,0,0,0,0
"k__Bacteria|p__Firmicutes|c__Clostridia|o__Eubacteriales|f__Eubacteriales_unclassified|g__Massilistercora|s__Massilistercora_timonensis|t__SGB4628",0,0,0,0,0,0,0,0.00204,0,0,0,0.02728,1.16898,0,0,0,0,0,0,0,0,0,0,0,0,0,0,0,0,0.0016,0,0,0,0,0,0.00445,0,0,0.0822,0.00672,0,0.01241
"k__Bacteria|p__Firmicutes|c__Clostridia|o__Eubacteriales|f__Feifaniaceae|g__Feifania|s__Feifania_hominis|t__SGB72833",0.00038,0.00271,0,0,0,0,0,0,0,0,0,0,0,0,0,0,0,0,0,0,0,0,0,0,0,0,0,0,0,7e-05,0.00139,0.00065,0,0,0,0,0,0,0,0,0,0
"k__Bacteria|p__Firmicutes|c__Clostridia|o__Eubacteriales|f__Lachnospiraceae|g__Anaerobutyricum|s__Anaerobutyricum_hallii|t__SGB4532",0.14721,0.14692,0,0,2.37023,4.24515,2.78658,1.2406,1.59455,0.2505,0.37201,0,0,0.36156,0.15043,0.20684,0.80283,1.6873,0.88054,3.07536,0.88736,1.00439,0.08633,1.21361,7.83656,1.95483,4.81248,0.45619,0,1.42796,1.3807,2.50703,3.73076,2.87731,2.67101,0.00084,2.09819,2.6818,2.26607,0.00954,0,4.20669
"k__Bacteria|p__Firmicutes|c__Clostridia|o__Eubacteriales|f__Lachnospiraceae|g__Anaerobutyricum|s__Anaerobutyricum_soehngenii|t__SGB4537",0.85069,0.29546,1.51629,0,0,0,0,0.38567,1.39904,0.12929,0.77859,0.00284,2.51549,0.47482,0.24968,0.07092,1.14624,0.07802,0.03294,0.86904,5.02645,0.11526,0.00719,0.00125,0,0.20674,0.42974,1.37217,0,0.09375,0.57476,0.3921,0.17958,0.68277,0.07487,1.74533,0.03682,0.07907,0.46727,2.94519,4.55732,0
"k__Bacteria|p__Firmicutes|c__Clostridia|o__Eubacteriales|f__Lachnospiraceae|g__Anaerosacchariphilus|s__Anaerosacchariphilus_sp_NSJ_68|t__SGB4772",0.01807,0.01156,0,0,0,0,0,0.00036,0,0.00676,0.00156,0,0,0,0,0,0,0,0,0,0,0.0104,0,0,0,0,0,0,0,0.0035,0,0,0.00878,0.00963,0,0.00319,0,0,0,0,0,0
"k__Bacteria|p__Firmicutes|c__Clostridia|o__Eubacteriales|f__Lachnospiraceae|g__Anaerostipes|s__Anaerostipes_butyraticus|t__SGB59711",0,0,0,0,0,0,0,0,0,0,0,0,0,0,0,0,0,0,0,0,0,0,0,0,0,0,0,0,0,0,0,0,0,0,0,0,0,0,0,0,0,0.04189
"k__Bacteria|p__Firmicutes|c__Clostridia|o__Eubacteriales|f__Lachnospiraceae|g__Anaerostipes|s__Anaerostipes_caccae|t__SGB4529",0,0,0,0,0,0,0,0,0,0,0,0,0,0,0,0,0,0,0,0,0,0.00075,0.00079,0.0016,0.05899,0.03405,0,0,0,0,0.00044,0,0,0,0,0,0,0.00048,0,0.00539,0.03383,0.21749
"k__Bacteria|p__Firmicutes|c__Clostridia|o__Eubacteriales|f__Lachnospiraceae|g__Anaerostipes|s__Anaerostipes_hadrus|t__SGB4540",14.95651,8.48271,0.28427,6.27642,7.17457,5.65856,4.98001,1.23686,2.31612,3.34821,2.27342,0.00135,0.29914,1.06395,0.20124,0.00364,0.12622,1.63027,2.15799,15.35408,12.30039,1.17018,1.72804,0.00565,0,2.59513,1.13151,1.11679,0.00205,1.00101,0.2684,1.6891,8.53229,5.156,1.01887,0,9.21018,12.61685,18.0599,33.74939,22.83586,0.00321
"k__Bacteria|p__Firmicutes|c__Clostridia|o__Eubacteriales|f__Lachnospiraceae|g__Anaerostipes|s__Anaerostipes_hadrus|t__SGB4547",0,0,0,0,0,0,0,0,0,0,0,0,0,0,0,0,0,0,0,0,0,0,0,0,0,2.08067,7.38366,0,0,0.15878,0,0,0.33357,0.07756,0,0,0,0,0,0,0,0
"k__Bacteria|p__Firmicutes|c__Clostridia|o__Eubacteriales|f__Lachnospiraceae|g__Anaerotignum|s__Anaerotignum_faecicola|t__SGB5190",0.03215,0.08373,0.01315,0,0,0,0.01259,0.01159,0.00916,0.73014,0.49354,0.02028,0.04065,0.0106,0,0.20056,0.10559,0.09611,0.0524,0.22548,0.41679,2.24323,0.12456,0,0.01812,0.0734,0.00569,0,0,0.10195,0,0.00841,0.03169,0.15617,0.11783,0.0419,0,0,0,0.00048,0,0
"k__Bacteria|p__Firmicutes|c__Clostridia|o__Eubacteriales|f__Lachnospiraceae|g__Anaerotignum|s__Anaerotignum_faecicola|t__SGB71883",0,0,0,0,0,0,0,0,0,0.00406,0.00611,0,0,0,0,0,0,0,0,0,0,0,0,0,0,0,0,0.00222,0,0,0,0,0,0,0,0,0,0,0,0,0,0
"k__Bacteria|p__Firmicutes|c__Clostridia|o__Eubacteriales|f__Lachnospiraceae|g__Anaerotignum|s__Anaerotignum_lactatifermentans|t__SGB5193",0,0,0,0.00056,0,0,0,0,0,0,0,0,0,0,0,0,0,0,0,0,0,0,0,0,0,0,0,0,0,0,0,0,0,0.00025,0,0,0,0,0,0,0.05333,0.04903
"k__Bacteria|p__Firmicutes|c__Clostridia|o__Eubacteriales|f__Lachnospiraceae|g__Anaerotignum|s__Anaerotignum_sp_MSJ_24|t__SGB5180",0,0.00538,0,0,0,0,0,0.00056,0.00775,0.02692,0.00082,0,0,0,0,0,0.01189,0.00447,0.00956,0.00073,0.00347,0,0,0,0,0,0,0,0,0.00259,0,0,0,0,5e-05,0,0,0,0.00015,0,0,0
"k__Bacteria|p__Firmicutes|c__Clostridia|o__Eubacteriales|f__Lachnospiraceae|g__Bariatricus|s__Bariatricus_massiliensis|t__SGB4006",0,0,0,0,0,0,0,0,0,0,0,0,0,0.00027,0,0,0,0,0,0,0,0,0,0,0,0,0,0,0,0,0,0,0,0,0,0,0,0,0,0,0,0
"k__Bacteria|p__Firmicutes|c__Clostridia|o__Eubacteriales|f__Lachnospiraceae|g__Blautia|s__Blautia_caecimuris|t__SGB4862",0,0,0,0.53578,0.00206,0.00094,0.00113,0,0,0.00016,0.00081,0,0.00428,0.66121,0.27199,0,0,0,0,0.01001,0.07517,0,0,0.06132,0.04309,0.00227,0.00478,0.06035,0,0,0.33543,0.02713,0.01023,0.05345,0,0.0861,0.00426,0.01526,0,0,0.11732,0.08669
"k__Bacteria|p__Firmicutes|c__Clostridia|o__Eubacteriales|f__Lachnospiraceae|g__Blautia|s__Blautia_faecicola|t__SGB4867",0,0,0,1.01553,1.65363,0,0,0,0,0,0,0,0,0,0,0,0,0,0,0,0,0,0,0,0,1.24503,0.60453,0.02487,0,0.02449,0,0,0.9653,8.34307,0,0.20279,0,0,0,0,0,0
"k__Bacteria|p__Firmicutes|c__Clostridia|o__Eubacteriales|f__Lachnospiraceae|g__Blautia|s__Blautia_faecis|t__SGB4820",0.31527,0.09166,0.25303,0.81914,1.49446,1.63872,0.74729,1.10256,0.63959,0.07618,0.18731,0.11925,1.35456,0.1337,0.03157,0.37306,0.67291,0.45199,0.51568,1.10756,1.92447,0.30048,0.17756,0.33814,0.70055,0.54448,0.90476,0.06484,0,0.17184,0.58483,0.37157,0.10383,0.99196,0.29922,0.13686,0.22014,0.36435,0.14877,0.12947,0.83357,0.67998
"k__Bacteria|p__Firmicutes|c__Clostridia|o__Eubacteriales|f__Lachnospiraceae|g__Blautia|s__Blautia_glucerasea|t__SGB4804",0.02663,0.00773,0,0,0,0,0,0.01423,0.01174,0,0,0,0,0,0,0,0.00999,0.02327,0.01218,0,0,0,0,0,0,0,0,0,0,0.04532,0,0,0,0,0,0,0,0,0,0,0,0
"k__Bacteria|p__Firmicutes|c__Clostridia|o__Eubacteriales|f__Lachnospiraceae|g__Blautia|s__Blautia_glucerasea|t__SGB4809",0,0,0,0,0,0,0,0,0,0,0,0,0,0,0,0,0.00887,0,0,0.02567,0,0,0,0,0,0,0,0,0,0,0,0,0,0,0,0,0,0,0,0,0,0
"k__Bacteria|p__Firmicutes|c__Clostridia|o__Eubacteriales|f__Lachnospiraceae|g__Blautia|s__Blautia_glucerasea|t__SGB4813",0.29062,0.14998,0.13394,0.00083,0.00034,0.938,0.2258,1.04197,0.82753,0.02136,0.28614,0.27651,0.10269,0.1246,0.01309,0.2532,0.26849,0.3093,0.19607,0.57844,0.81336,0.07296,0.12808,1.20939,0.14114,0.04304,0.22463,0,0,0.26762,0.12384,0.24739,0,0,0.14967,0.02449,0,0,0.44638,0.41509,0.19434,0
"k__Bacteria|p__Firmicutes|c__Clostridia|o__Eubacteriales|f__Lachnospiraceae|g__Blautia|s__Blautia_glucerasea|t__SGB4816",0.01476,0.00537,0,0,0,0,0,0.08338,0.31103,0.00443,0.10634,0,0.03658,0,0,0,0.03752,0.02488,0.01659,0,0,0.00834,0,0.02414,0.09278,0.04045,0.05062,0,0,0.04331,0,0,0.00558,0.15055,0.01424,0.00329,0,0,0.05196,0.52535,0.10696,0.08334
"k__Bacteria|p__Firmicutes|c__Clostridia|o__Eubacteriales|f__Lachnospiraceae|g__Blautia|s__Blautia_hansenii|t__SGB4794",0,0,0,0,0,0,0,0,0,0,0.00062,0,0,2.82759,2.69608,0,0,0,0,0,0,0,0,0,0,0,0.00797,0,0,0,0,0,0,0,0,0,0,0,0,0,0,0
"k__Bacteria|p__Firmicutes|c__Clostridia|o__Eubacteriales|f__Lachnospiraceae|g__Blautia|s__Blautia_hansenii|t__SGB4798",0,0,0,0,0,0,0,0,0,0,0,0,0,0,0,0,0,0,0,0,0,0,0,0,0,0,0,0.17517,0,0,0,0,0,0,0,0,0.10598,0.00376,0,0,0.24996,0
"k__Bacteria|p__Firmicutes|c__Clostridia|o__Eubacteriales|f__Lachnospiraceae|g__Blautia|s__Blautia_hydrogenotrophica|t__SGB4677",0,0,0,0.6553,0.07451,0,0,0,0,0,0,0,0,0.10652,0.00171,0.63096,0.14844,0,0,0,0,1.377,0.3399,0.01598,0.19909,0.11227,0.68234,0,0,0,1.4293,0.02524,0,0,0,0,0.00577,0.01063,0,0,0,0
"k__Bacteria|p__Firmicutes|c__Clostridia|o__Eubacteriales|f__Lachnospiraceae|g__Blautia|s__Blautia_luti|t__SGB4824",0,0,0,0,0,0,0,0.02879,0.6449,0.28194,0.13733,0,0,1.01547,0.83951,0,0.83231,0,0,2.31106,2.65458,0,0,0,0,2.19657,8.88514,0,0,0,0,0,0,0,0.09011,0.05182,0,0,0,0,0,0
"k__Bacteria|p__Firmicutes|c__Clostridia|o__Eubacteriales|f__Lachnospiraceae|g__Blautia|s__Blautia_luti|t__SGB4832",0.09977,0.03224,0.07126,0,0,0,0,0.01504,0.00802,0,0,0,0.06604,0,0,0,0.04063,0.26571,0.65056,0,0,0.00051,0.01344,0,0,0.07141,0.03742,0,0,0,0,0,0,0,0.16584,0,0,0,0.00541,0.00262,0,0.00291
"k__Bacteria|p__Firmicutes|c__Clostridia|o__Eubacteriales|f__Lachnospiraceae|g__Blautia|s__Blautia_massiliensis|t__SGB4826",0.21333,1.49208,0.87776,3.46833,2.07184,7.42679,7.19941,0.32727,0.70797,0.09903,0.68276,0,1.12124,0.66724,0.48258,0.08467,1.44481,1.48878,2.50956,0,0,1.19562,0.54323,0.40917,0.02053,0.20075,0.35889,0,0,0.48386,1.61126,2.87138,0.30478,0.34796,1.16962,0.24119,3.99344,1.82838,0.76948,0.81665,0,0
"k__Bacteria|p__Firmicutes|c__Clostridia|o__Eubacteriales|f__Lachnospiraceae|g__Blautia|s__Blautia_obeum|t__SGB4810",0.05014,0.14785,0.03763,7.27887,2.33371,0.72331,1.01882,0.48755,0.88692,0.21969,0.95423,0.00432,0.04102,0,0,0,0,0.10443,0.25467,0.93107,0.15156,0.15249,0.07538,0.4502,0.08967,0.46662,0.46208,0,0,0.6072,0,0,0,0,0,0.15053,0.18098,0.12958,0,0,2.16654,0
"k__Bacteria|p__Firmicutes|c__Clostridia|o__Eubacteriales|f__Lachnospiraceae|g__Blautia|s__Blautia_obeum|t__SGB4811",0.83022,0.57631,0.1217,2.78139,0.29758,0.52703,0.27224,0.66699,0.54228,0.06055,0.40215,0.13456,1.63384,0.06776,0.01423,0.57652,0.48668,1.27018,1.31443,0.70379,0.50322,2.30101,2.90186,0,0,0.75833,1.652,0,0,0.53781,0.13125,1.1612,0.25435,0.25272,0.69988,0.32294,0.57546,0.94061,3.95813,0.20849,0,1.98903
"k__Bacteria|p__Firmicutes|c__Clostridia|o__Eubacteriales|f__Lachnospiraceae|g__Blautia|s__Blautia_producta|t__SGB4785",0,0,0,0.23265,0,0,0,0,0,0,0,0.00402,0.00053,0,0,0,0,0,0,0,0,0.00068,0.00083,0.03461,0.03498,0,0.00206,0.02011,0,0,0.01167,0,0.12836,0.03435,0,0,0,0.01105,0,0,0.00076,0.01453
"k__Bacteria|p__Firmicutes|c__Clostridia|o__Eubacteriales|f__Lachnospiraceae|g__Blautia|s__Blautia_producta|t__SGB4786",0,0,0,0.06077,0,0,0,0,0,0,0,0,0,0,0,0.03591,0,0,0,0.00588,0.00986,0,0,0,0.02868,0,0,0.00065,0,0,0,0,0.00678,0,0,0,0.00845,0.01331,0,0,0.02696,0.03029
"k__Bacteria|p__Firmicutes|c__Clostridia|o__Eubacteriales|f__Lachnospiraceae|g__Blautia|s__Blautia_schinkii|t__SGB4825",0,0,0,0,0,0,0,0.06266,0.02141,0,0,0,0,0,0,0,0,0.27513,0.72905,0,0,0,0,0,0,0,0,0,0,0.23184,0,0,0,0,0,0,0,0,0,0,0.87996,0
"k__Bacteria|p__Firmicutes|c__Clostridia|o__Eubacteriales|f__Lachnospiraceae|g__Blautia|s__Blautia_SGB4815|t__SGB4815",0.03867,0.03142,0.04081,1.41825,0.57756,0.10912,0.03737,0.20726,0.1703,0.0015,0.02538,0,0,0.01437,0.01578,0,0.10172,0.02819,0.02216,0.02358,0.04281,0.00428,0.023,0.01263,0.00072,0.16364,0.32928,0,0,0.03109,0,0.05168,0,0.00255,0.01864,0.27292,0.0308,0.01231,0.11848,0.9763,0,0
"k__Bacteria|p__Firmicutes|c__Clostridia|o__Eubacteriales|f__Lachnospiraceae|g__Blautia|s__Blautia_sp_An46|t__SGB4800",0,0,0,0,0,0,0,0,0,0,0,0,0,0,0,0,0,0,0,0,0,0,0,0,0,0,0,0,0,0,0,0,0,0,0,0,0,0,0,0,0,0.00115
"k__Bacteria|p__Firmicutes|c__Clostridia|o__Eubacteriales|f__Lachnospiraceae|g__Blautia|s__Blautia_sp_MCC283|t__SGB4828",0,0,0,0,0,0,0,0.06345,0.13252,0,0,0,0,0,0,0.08318,0,0.00067,0.00057,0,0,0.11686,0.18986,6.23117,1.93059,0,0,0,0,0,0.00122,0.01773,0,0,1.07753,0,0,0,0.06123,0.76201,0,0
"k__Bacteria|p__Firmicutes|c__Clostridia|o__Eubacteriales|f__Lachnospiraceae|g__Blautia|s__Blautia_sp_OF03_15BH|t__SGB4779",0.04138,0.0187,0.04677,0,0,0,0,0.12986,0.17926,0,0,0,0,0,0,0,0.22573,0,0,0,0,0,0,0,0,0,0,0,0,0.00216,0,0,0,0,0.00618,0,0,0,0,0,0,0
"k__Bacteria|p__Firmicutes|c__Clostridia|o__Eubacteriales|f__Lachnospiraceae|g__Blautia|s__Blautia_stercoris|t__SGB4788",0.05839,0.00017,0,0,0,0,0,0.59511,1.18137,0.40252,0.49171,0.00389,0.00027,0.10838,0,0,0.72689,0,0,0,0,0,0,0,0,0.67874,0.51718,0.48069,0,0.00889,0,0,0,0,0,0,0,0,0,0,0,0
"k__Bacteria|p__Firmicutes|c__Clostridia|o__Eubacteriales|f__Lachnospiraceae|g__Blautia|s__Blautia_wexlerae|t__SGB4831",0,0.12234,0.21941,0,0,0,0,0.40784,0.35447,0.03913,0.32936,0,0,0.04087,0.03968,0.09571,0.28614,0.04341,0.01326,0,0,0.24394,0.09371,0.00901,0,0.04047,0.1907,0,0,0.50899,0.03275,0.32347,0,0,0.19902,0.19929,0,0,0.07429,0.35587,0,0.50491
"k__Bacteria|p__Firmicutes|c__Clostridia|o__Eubacteriales|f__Lachnospiraceae|g__Blautia|s__Blautia_wexlerae|t__SGB4837",0.83199,0.18912,1.16368,20.62482,6.66698,6.78408,6.64169,2.44679,2.90643,1.8811,2.23233,0.08595,0.88563,3.60782,2.84546,0.20528,4.57874,3.784,2.4203,10.51042,18.68972,2.17249,0.2894,10.0514,11.96062,4.75375,17.30133,2.83688,0,0.80236,2.34752,7.70034,10.04549,11.93117,5.54166,7.89605,2.11073,1.1252,0.1571,2.38042,6.43096,2.9729
"k__Bacteria|p__Firmicutes|c__Clostridia|o__Eubacteriales|f__Lachnospiraceae|g__Brotolimicola|s__Brotolimicola_acetigignens|t__SGB4914",0.02073,0.01941,0,0.02923,0.0047,0.00188,0.00234,0.19772,0.01475,0.03871,0.00674,0,0.07175,0,0,0,0.06054,0.16839,0.12967,0.04723,0,0.0388,0.0014,0,0.01048,0.39918,0.18055,0.11451,0,0.00483,0,0.00736,0.04263,1.29619,0.02801,0.01302,0.00156,0.0229,0.10467,0.03578,0.14445,0.45852
"k__Bacteria|p__Firmicutes|c__Clostridia|o__Eubacteriales|f__Lachnospiraceae|g__Catenibacillus|s__Catenibacillus_scindens|t__SGB59869",0.00333,0,0,0,0,0,0,0.00234,0.0011,0,0,0,0.00898,0,0,0,0,0.00484,0.00398,0,0,0.00417,0.00178,0,0,0,0,0,0,0,0.00177,0,0,0,0,0,0.00862,0.00346,0.0111,0.00155,0,0
"k__Bacteria|p__Firmicutes|c__Clostridia|o__Eubacteriales|f__Lachnospiraceae|g__Coprococcus|s__Coprococcus_catus|t__SGB4669",0.02789,0.07508,0,0,0,0,0,0.13152,0.38942,0.04352,0.14746,0,0,0,0,0,0.16037,0.18869,0.2094,0,0,0,0,0,0,0.18947,0.29328,0,0,0,0,0,0,0,0.02021,0.00903,0,0,0,0,0,0
"k__Bacteria|p__Firmicutes|c__Clostridia|o__Eubacteriales|f__Lachnospiraceae|g__Coprococcus|s__Coprococcus_catus|t__SGB4670",0.15482,0.11781,0.46994,0,0,0.55969,0.49077,0.12579,0.09,0.11969,0.27763,0.02073,0.19764,0.12599,0,0.47477,0.63023,0.19199,0.18265,0.50415,0.61536,0.62898,0.45348,0,0,0,0,0,0,0.32459,0.41481,0.3817,0,0,0.40124,0.00079,0,0,0.55994,0.78978,0.47228,0
"k__Bacteria|p__Firmicutes|c__Clostridia|o__Eubacteriales|f__Lachnospiraceae|g__Coprococcus|s__Coprococcus_comes|t__SGB4577",0.12228,0.0613,0.33102,0.50724,3.35275,1.41995,0.47146,0.25016,0.86909,0.29044,0.72598,0,0,2.49991,0.4728,0.09867,0.63493,0.90584,0.6271,0,0,0,0,0,0,1.86777,0.19525,0,0,0.07761,0.25076,0.1077,0.17954,0.65943,1.49677,1.52308,0.70203,0.4872,0,0,0,0
"k__Bacteria|p__Firmicutes|c__Clostridia|o__Eubacteriales|f__Lachnospiraceae|g__Coprococcus|s__Coprococcus_eutactus|t__SGB5117",0,0,0.02514,0,0,0,0,0.17187,0.28215,0,0,0.0364,0.75222,0,0,0,0.00364,0,0,0,0,0.01684,0,0,0,0,0,0,0,0.27025,0,0,0,0,0,0.00036,0,0,0.40428,0.10301,0,0.17488
"k__Bacteria|p__Firmicutes|c__Clostridia|o__Eubacteriales|f__Lachnospiraceae|g__Coprococcus|s__Coprococcus_eutactus|t__SGB5121",0.03167,0.17886,0,0,0,0,0,0.10376,0.13219,0,0,0,0,0,0,0,0.00865,4.46834,2.55862,0,0,0.00133,0,0.04902,2.51037,0,0,0,0,0.15795,0,0,0,0,0.36665,0,0,0,0,0,0,0.43943
"k__Bacteria|p__Firmicutes|c__Clostridia|o__Eubacteriales|f__Lachnospiraceae|g__Coprococcus|s__Coprococcus_SGB106014|t__SGB106014",0,0,0,0,0,0,0,0,0,0,0,0,0,0.64521,0.03715,0,0,0,0,0,0,0,0,0,0,0,0,0,0,0,0,0,0,0,0,0,0,0,0,0,0,0
"k__Bacteria|p__Firmicutes|c__Clostridia|o__Eubacteriales|f__Lachnospiraceae|g__Cuneatibacter|s__Cuneatibacter_caecimuris|t__SGB29380",0,0,0,0,0,0,0.00077,0,0,0,0,0,0,0,0,0.00043,0,0,0,0,0.00033,0,0,0,0,0,7e-05,0,0,0,0.00208,0,0,0,0,0,0,0,0,0,0,0
"k__Bacteria|p__Firmicutes|c__Clostridia|o__Eubacteriales|f__Lachnospiraceae|g__Cuneatibacter|s__Cuneatibacter_sp_NSJ_177|t__SGB71449",0.00048,0,0,0,0,0,0,0.00122,0,0,0,0.00111,0.02004,0,0,0.00189,0.00276,0,0,0,0,0.00396,0.00721,0,0,0.00122,0,0,0,0.00108,0,0,0,0,0,0,0.00515,0.05708,0,0,0,0
"k__Bacteria|p__Firmicutes|c__Clostridia|o__Eubacteriales|f__Lachnospiraceae|g__Diplocloster|s__Diplocloster_agilis|t__SGB7256",0,0,0,0,0,0,0,0,0,0,0,0,0,0,0,0,0,0,0,0.00059,5e-05,0.00171,0.00179,0,0,0.00023,0,0,0,0.00382,0.00204,0,0,0,0,0.00143,0,0,0,0,0,0
"k__Bacteria|p__Firmicutes|c__Clostridia|o__Eubacteriales|f__Lachnospiraceae|g__Diplocloster|s__Diplocloster_modestus|t__SGB82499",0,0,0,0,0,0,0,0,0,0,0,0.00128,0.00587,0,0,0,0,0,0,0,0,0,0,0,0,0,0,0,0,0,0,0,0,0,0,0,0,0,0,0,0,0
"k__Bacteria|p__Firmicutes|c__Clostridia|o__Eubacteriales|f__Lachnospiraceae|g__Dorea|s__Dorea_formicigenerans|t__SGB4575",0.25495,0.36719,0.58385,0,0,0.65211,0.58275,0.62997,0.65112,0.32117,1.39767,0.00129,0.22928,0.93765,0.32297,0,1.79828,0.35757,0.65195,0.81338,1.25786,0.10981,0.05256,0.78597,1.26423,1.50655,1.69251,0.50951,0,0.19502,0.39715,0.72105,0.46651,1.34106,2.25429,1.91473,0.40448,0.24127,0.64252,1.12465,0,0.00504
"k__Bacteria|p__Firmicutes|c__Clostridia|o__Eubacteriales|f__Lachnospiraceae|g__Dorea|s__Dorea_longicatena|t__SGB4581",0,0,0.85068,0,0,3.21799,2.78954,1.37951,1.08079,0,0.0055,0.03449,0.59982,7.94273,2.46671,0,3.65078,1.99283,1.69658,4.51481,3.21439,0.02015,0.06765,6e-04,0,0,0,0,0,0.00886,0.26276,2.30858,0,0,4.0445,0,0,0,0,0,1.45891,0
"k__Bacteria|p__Firmicutes|c__Clostridia|o__Eubacteriales|f__Lachnospiraceae|g__Dorea|s__Dorea_longicatena|t__SGB4582",0.49036,0.27083,0.18027,0,0,0.56024,0.42962,0.37137,0.96714,1.11185,2.91092,0,0,1.84813,0.29235,0,2.01223,0,0,0.50905,1.58969,0,0,1.11548,1.36999,1.24459,1.47466,1.54636,0,0.35308,2.33086,1.08694,0,0,0.34886,0.01786,1.21231,0.66682,0.42278,2.41448,0.76242,0
"k__Bacteria|p__Firmicutes|c__Clostridia|o__Eubacteriales|f__Lachnospiraceae|g__Dorea|s__Dorea_phocaeensis|t__SGB4572",0,0,0,0,0,0,0,0,0,0,0,0,0,0.18926,0.02877,0,0,0,0,0,0,0.0022,0.00055,0,0,0,0,0,0,0,0,0,0.17892,0.05475,0,0,0,0,0,0,0,0
"k__Bacteria|p__Firmicutes|c__Clostridia|o__Eubacteriales|f__Lachnospiraceae|g__Dorea|s__Dorea_sp_AF36_15AT|t__SGB4552",0.07864,0.0527,0,3.19381,1.16908,0.4572,0.26678,0.26395,0.34475,0.06876,0.10106,0,0,0.51675,0.10295,0.01719,0.17553,0.23032,0.32518,0.31848,0.50505,0.03877,0.20132,0,0,0.28617,0.69799,0,0,0.30012,0.46396,0.13274,0,0,0.31839,0.16036,0,0,0.05858,0.39764,0,0
"k__Bacteria|p__Firmicutes|c__Clostridia|o__Eubacteriales|f__Lachnospiraceae|g__Eisenbergiella|s__Eisenbergiella_massiliensis|t__SGB4987",0,0,0,0,0,0,0,0,0,0.01832,0,0,0,0,0,0.03891,0,0,0,0,0.00792,0,0,0,0,0,0.02237,0.01882,0,0,0,0,0,0,0,0,7e-04,0.06773,0,0,0.00317,0
"k__Bacteria|p__Firmicutes|c__Clostridia|o__Eubacteriales|f__Lachnospiraceae|g__Eisenbergiella|s__Eisenbergiella_sp_OF01_20|t__SGB4989",0,0,0,0.02439,0,0,0,0,0,0,0,0,0,0,0,0,0,0,0,0,0,0,0,0,0,0,0,0,0,0,0,0,0,0,0,0,0,0,0,0,0,0
"k__Bacteria|p__Firmicutes|c__Clostridia|o__Eubacteriales|f__Lachnospiraceae|g__Eisenbergiella|s__Eisenbergiella_tayi|t__SGB4988",0.0065,0.00192,0.00091,0.03378,0,0.01369,0.02368,0,0,0,0,0.63376,0.25866,0,0,0.30649,0,0,0,0.00351,0.00171,0.05288,0.02542,0,0,7e-05,0.05696,0,0,0.04035,0.0395,0,0.01149,0.00278,0,0.00865,0,0,0,0,0.02975,0
"k__Bacteria|p__Firmicutes|c__Clostridia|o__Eubacteriales|f__Lachnospiraceae|g__Enterocloster|s__Enterocloster_aldenensis|t__SGB4762",0.00237,0,0,0,0,0,0,0,0,0.00176,0,0.06515,0.00398,0,0,0,0,0,0,0.00153,0.0094,0.00184,0.0078,0.00459,0,0,0,0.00218,0.00093,0.0075,0,0,0.00256,0.00255,0,0,0.0022,0.00803,0,0,0,0.00289
"k__Bacteria|p__Firmicutes|c__Clostridia|o__Eubacteriales|f__Lachnospiraceae|g__Enterocloster|s__Enterocloster_asparagiformis|t__SGB4724",0,0,0,0,0,0,0,0,0,0,0,0,0,0,0,0,0,0,0,0.0017,0.00892,0,0,0,0,0.00549,0,0,0,0.01358,0,0.00829,0.02007,0.00963,0,0.00132,0,0,0,0,0,0
"k__Bacteria|p__Firmicutes|c__Clostridia|o__Eubacteriales|f__Lachnospiraceae|g__Enterocloster|s__Enterocloster_bolteae|t__SGB4757",0,0,0,0,0,0,0,0,0,0,0,0.03364,0.00146,0,0,0,0,0,0,0,0,0,0,0,0,0,0,0,0,0.00161,0,0,0,0,0,0,0,0,0,0,0,0
"k__Bacteria|p__Firmicutes|c__Clostridia|o__Eubacteriales|f__Lachnospiraceae|g__Enterocloster|s__Enterocloster_bolteae|t__SGB4758",0,0,0,0.00032,0,0,0,0,0,0.0057,0.00807,0.03724,0.02613,0,0,0.01196,0.0049,0.0083,0.01111,0.00539,0.11931,0.05713,0.01945,0.00295,0.00222,0.00752,0,0.04086,0,0.00586,0.00024,0.00992,0.07935,0.04415,0,0.00015,0,0.04852,0,0,0.00676,0.03101
"k__Bacteria|p__Firmicutes|c__Clostridia|o__Eubacteriales|f__Lachnospiraceae|g__Enterocloster|s__Enterocloster_citroniae|t__SGB4761",0,0.00062,0,0,0,0,0,0,0,0.00645,0,0.01579,0.02045,0,0,0.00068,0.00445,0,6e-04,0.00073,0.01351,0.01273,0.00235,0,0,0,0,0,0.00046,0.00018,0,0.0024,0.0186,0.00863,0,0.01159,0,0.00546,0,0,0,0.00244
"k__Bacteria|p__Firmicutes|c__Clostridia|o__Eubacteriales|f__Lachnospiraceae|g__Enterocloster|s__Enterocloster_clostridioformis|t__SGB4760",0,0,0,7e-05,0,0,0,0,0,0,0,0.01007,0.00869,0,0,0,0,0,0,0,0.01487,0.00542,0,0.00411,0,0,0,0,0,0,0,0,0.00099,0.00444,0,0,0,0,0,0,0,0.00089
"k__Bacteria|p__Firmicutes|c__Clostridia|o__Eubacteriales|f__Lachnospiraceae|g__Enterocloster|s__Enterocloster_hominis|t__SGB4721",0,0,0,0,0,0,0.03924,0,0,0,0,0,0,0.39249,0.03085,0,0.37322,0,0,0,0,0.97048,0.45797,0,0,0,0,0.13657,0,0.11939,0,0,0,0,0,0.78943,0.01027,0.0807,0,0,0,0
"k__Bacteria|p__Firmicutes|c__Clostridia|o__Eubacteriales|f__Lachnospiraceae|g__Enterocloster|s__Enterocloster_lavalensis|t__SGB4725",0,0,0,0,0,0,0,0,0,0,0,0.006,0.00086,0,0,0,0,0,0.00483,0,0,0.016,0.00894,0,0,0,0,0,0,0,0,0,0.00091,0,0,0,0,0.0302,0,0,0,0
"k__Bacteria|p__Firmicutes|c__Clostridia|o__Eubacteriales|f__Lachnospiraceae|g__Faecalicatena|s__Faecalicatena_contorta|t__SGB4613",0,0,0,0.0357,0,0,0,0,0,0,0,0,0,0,0,9e-04,0,0,0,0.00154,0.0067,0.05953,0.05957,0,0,0.01005,0.02729,0,0,0.02163,0.02881,0,0,0,0,0,0,0.00623,0,0,0,0.00931
"k__Bacteria|p__Firmicutes|c__Clostridia|o__Eubacteriales|f__Lachnospiraceae|g__Faecalicatena|s__Faecalicatena_contorta|t__SGB4614",0.00568,0.00107,0,0.00757,0,0.01973,9e-04,0,0,0,0,0.1212,0.00885,0.00028,0,0.06416,0.00095,0,0,0.01768,0,0.00181,0.00125,0,0,0,0,0.00998,0.01477,0.00073,0,0,0.02933,0.05845,0.00558,0,0,0.02747,0.00547,0.01242,0.00045,0.06828
"k__Bacteria|p__Firmicutes|c__Clostridia|o__Eubacteriales|f__Lachnospiraceae|g__Faecalicatena|s__Faecalicatena_contorta|t__SGB4624",0,0,0,0,0,0,0,0,0,0,0,0,0,0,0,0,0,0,0,0,0,0.00463,0.001,0,0,0,0,0,0,0,0,0,0,0,0,0,0,0,0,0,0,0
"k__Bacteria|p__Firmicutes|c__Clostridia|o__Eubacteriales|f__Lachnospiraceae|g__Faecalicatena|s__Faecalicatena_fissicatena|t__SGB4871",0.00093,0.04735,0.03437,0,0,0,0,0.1205,0.18995,0.16854,0.14351,0.00639,0.66351,0,0,0,0.04442,2.5393,1.1159,4.34727,0.07999,0,0,0,0,1.46479,0.37388,0,0,0.02508,0,0,0,0,0.02908,0,0,0,0,0,0,0
"k__Bacteria|p__Firmicutes|c__Clostridia|o__Eubacteriales|f__Lachnospiraceae|g__Faecalicatena|s__Faecalicatena_orotica|t__SGB4616",0,0,0,0,0,0,0,0,0,0,0,0,0,0,0,0,0,0,0,0.00066,8e-05,0,0,0,0,0,0,0,0,0,0,0,0,0,0,0,0,0,0,0,0,0
"k__Bacteria|p__Firmicutes|c__Clostridia|o__Eubacteriales|f__Lachnospiraceae|g__Faecalimonas|s__Faecalimonas_umbilicata|t__SGB4583",0,0,0,0.25514,0.01385,0,0,0,0,0,0,0,0,1.81462,2.03962,0,0,0,0,0,0,0,0,0,0,0,0,1.21882,0,0,0,0,0,0,0,0,0.04173,0.00172,0,0,0,0
"k__Bacteria|p__Firmicutes|c__Clostridia|o__Eubacteriales|f__Lachnospiraceae|g__Frisingicoccus|s__Frisingicoccus_caecimuris|t__SGB4675",0,0,0,0,0,0,0,0,0,0,0,0,0.00248,0,0,0,0,0,0,0,0,0.33785,0.05462,0,0,0,0,0,0,0,0,0,0.85142,0.28483,0,0,0,0,0,0,0,0
"k__Bacteria|p__Firmicutes|c__Clostridia|o__Eubacteriales|f__Lachnospiraceae|g__Fusicatenibacter|s__Fusicatenibacter_saccharivorans|t__SGB4874",1.22599,0.7424,0.18892,3.0037,9.10612,4.83723,1.73271,0.99802,1.49608,1.2995,0.98449,0,0.281,1.23177,0.17623,0.17133,1.29877,1.94109,2.36508,3.35811,2.65959,0.15513,0.11053,11.531,5.52711,4.9793,0.96263,0.41489,0,0.17763,1.15236,1.21729,1.50483,6.55037,1.37817,0.08166,7.01383,2.69083,0.56866,0.2545,1.34766,1.79536
"k__Bacteria|p__Firmicutes|c__Clostridia|o__Eubacteriales|f__Lachnospiraceae|g__Fusicatenibacter|s__Fusicatenibacter_sp_CLA_AA_H277|t__SGB4780",0.09136,0.07248,0,0.11836,0.0788,0.21556,0.09105,0.08998,0.07704,0.01398,0.00632,0.00083,0.03088,0.05447,0,0.00273,0.00778,0.59954,1.28566,0.68608,0.19955,0.02279,0.03743,0,0,0.1527,0.07852,0,0,0.00793,0.02055,0.17832,0.08431,0.22035,0.1152,0.00123,0.33469,0.1691,0.08871,0.18485,0,0
"k__Bacteria|p__Firmicutes|c__Clostridia|o__Eubacteriales|f__Lachnospiraceae|g__GGB28640|s__GGB28640_SGB4673|t__SGB4673",0,0,0,0,0.00132,0,0,0,0,0,0,0,0,0,0,0,0,0,0,0,0,0,0,0,0,0,0,0,0,0,0,0,0,0,0,0,0,0,0.03286,0.00103,0,0.08194
"k__Bacteria|p__Firmicutes|c__Clostridia|o__Eubacteriales|f__Lachnospiraceae|g__GGB3429|s__GGB3429_SGB71704|t__SGB71704",0,0.00793,0,0,0,0,0,0.00084,0.00483,0,0,0,0,0,0,0.01765,0,0,0,0,0,0,0,0,0,0,0,0,0,0.0704,0,0,0,0,0,0,0,0,0,0,0,0
"k__Bacteria|p__Firmicutes|c__Clostridia|o__Eubacteriales|f__Lachnospiraceae|g__GGB3433|s__GGB3433_SGB4573|t__SGB4573",0,0,0,0,0,0,0,0,0,0,0,0,0,0.00576,0.00331,0,0,0,0,0,0,0.19466,0.02032,0,0,0,0,0,0,0,0,0,0,0,0,0,0.0144,0.05396,0,0,0,0
"k__Bacteria|p__Firmicutes|c__Clostridia|o__Eubacteriales|f__Lachnospiraceae|g__GGB3433|s__GGB3433_SGB4574|t__SGB4574",0,0,0,1.2303,0.18028,0.01933,0.02269,0,0,0,0,0,0,0.24549,0.0348,0,0,0,0,0,0,0,0,0,0,0.00276,0.0163,0,0,0,0,0,0.14,0.35687,0,0,0,0,0,0,0,0
"k__Bacteria|p__Firmicutes|c__Clostridia|o__Eubacteriales|f__Lachnospiraceae|g__GGB3444|s__GGB3444_SGB4594|t__SGB4594",0,0,0,0,0,0,0,0,0,0,0,0,0.01706,0,0,0,0,0,0,0,0,0,0,0,0,0,0,0,0,0.00318,0,0,0,0,0,0,0,0,0,0,0,0
"k__Bacteria|p__Firmicutes|c__Clostridia|o__Eubacteriales|f__Lachnospiraceae|g__GGB3446|s__GGB3446_SGB4597|t__SGB4597",0,0,0,0,0,0,0,0,0,0,0,0,0,0,0,0,0,0,0,0,0,0,0,0,0,0,0,0.00394,0,0,0,0,0,0,0,0,0,0,0.00561,0.00123,0,0
"k__Bacteria|p__Firmicutes|c__Clostridia|o__Eubacteriales|f__Lachnospiraceae|g__GGB3496|s__GGB3496_SGB4671|t__SGB4671",0,0,0,0,0,0,0,0,0,0,0,0,0,0,0,0,0,0,0,0,0,0.06415,0.02135,0,0,0,0,0,0,0,0,0,0,0,0,0,0,0,0,0,0,0
"k__Bacteria|p__Firmicutes|c__Clostridia|o__Eubacteriales|f__Lachnospiraceae|g__GGB3534|s__GGB3534_SGB4722|t__SGB4722",0,0,0,0,0,0,0,0,0,0,0,0,0,0,0,0,0,0,0,0,0,0.00399,0.00234,0,0,0,0,0,0,0,0,0,0,0,0,0,0,0,0,0,0,0.04024
"k__Bacteria|p__Firmicutes|c__Clostridia|o__Eubacteriales|f__Lachnospiraceae|g__GGB3537|s__GGB3537_SGB4727|t__SGB4727",0,0,0,0,0,0,0,0.00331,0,0,0,0,0.00058,0,0,0,0,0,0,0,0,0.00418,0.10592,0,0,0,0,0,0,0.00581,0,0,0,0,0,0,0,0.00113,0.0095,0.00397,0,0.25796
"k__Bacteria|p__Firmicutes|c__Clostridia|o__Eubacteriales|f__Lachnospiraceae|g__GGB3583|s__GGB3583_SGB4799|t__SGB4799",0,0,0,0,0,0,0,0.00014,0,0,0,0,0,0,0,0,0,0,0,0,0,0.00055,0.00237,0,0,0,0,0,0,0,0,0,0,0,0,0,0,0.00036,0,0,0,0
"k__Bacteria|p__Firmicutes|c__Clostridia|o__Eubacteriales|f__Lachnospiraceae|g__GGB3588|s__GGB3588_SGB4808|t__SGB4808",0,0,0,0,0,0,0,0,0,0,0,0,0,0,0,0,0.00241,0,0,0,0,0,0,0,0,0,0,0,0,0.15432,0,0,0,0,0.09604,0,0,0,0,0,0,0
"k__Bacteria|p__Firmicutes|c__Clostridia|o__Eubacteriales|f__Lachnospiraceae|g__GGB3600|s__GGB3600_SGB4860|t__SGB4860",0,0,0,0,0,0,0,0,0,0,0,0,0,1.52043,0.07807,0,0,0,0,0,0,0,0,0,0,0,0,0,0,0,0.66951,0.02844,0,0,0,0,0,0,0,0,0,0
"k__Bacteria|p__Firmicutes|c__Clostridia|o__Eubacteriales|f__Lachnospiraceae|g__GGB3606|s__GGB3606_SGB4870|t__SGB4870",0,0,0,0,0,0,0,0,0,0,0,0,0,0,0,0,0,0,0,0,0,0,0,0,0,0,0,0,0,0,0,0,0,0,0,0,0.00077,0,0,0,0,0.0884
"k__Bacteria|p__Firmicutes|c__Clostridia|o__Eubacteriales|f__Lachnospiraceae|g__GGB3619|s__GGB3619_SGB4894|t__SGB4894",0.00176,0.03151,0,0,0,0,0,0.00748,0.00461,0,0,0,0.55602,0,0,0.00408,0,0.00121,0.15011,0,0,0,0,0,0,0.00938,0,0,0,0.00072,0,0,0,0,0.00073,0,0,0,0,0,0.00211,0
"k__Bacteria|p__Firmicutes|c__Clostridia|o__Eubacteriales|f__Lachnospiraceae|g__GGB3626|s__GGB3626_SGB4905|t__SGB4905",0.009,0,0,0,0,0,0,0.00011,0,0,0,0,0,0,0,0,0,0.00054,0.01497,0.00079,0,0.00023,0.00096,0,0,0,0,0,0,0,0,0,0,0,0,0.00356,0,0,0,0,0,0
"k__Bacteria|p__Firmicutes|c__Clostridia|o__Eubacteriales|f__Lachnospiraceae|g__GGB3627|s__GGB3627_SGB4906|t__SGB4906",0,0.00222,0,0,0,0,0,0,0,0,0,0,0,0,0,0,0,0,0,0,0,0.00864,0,0,0,0,0,0,0,0.01231,0,0,0,0,0,0,0,0,0,0,0.01087,0
"k__Bacteria|p__Firmicutes|c__Clostridia|o__Eubacteriales|f__Lachnospiraceae|g__GGB3632|s__GGB3632_SGB4921|t__SGB4921",0,0,0,0,0,0,0,0.13487,0.3872,0,0,0,0,0,0,0,0,0,0,0,0,0.00316,0.00063,0,0,0,0,0,0,0,0,0,0,0,0,0,0,0,0.03809,0,0,0
"k__Bacteria|p__Firmicutes|c__Clostridia|o__Eubacteriales|f__Lachnospiraceae|g__GGB3649|s__GGB3649_SGB4958|t__SGB4958",0,0,0,0,0,0,0,0,0,0,0,0,0,1.79589,0.07645,0,0.12397,0,0,0,0,0,0,0,0,0,0,0,0,0.01334,0,0,0,0,0,0.036,0,0,0,0,0,0
"k__Bacteria|p__Firmicutes|c__Clostridia|o__Eubacteriales|f__Lachnospiraceae|g__GGB3653|s__GGB3653_SGB4964|t__SGB4964",0.02184,0.0548,0,0,0,0,0,0.04914,0.03506,0,0,0.00163,0.57044,0,0,0.03448,0.03102,0,0,0,0,0.09987,0.04435,0.0226,0.02174,0,0,0,0,0.09286,0,0.00351,0,0,0.10693,0.16098,0,0.24805,0.04724,0.03911,0,0.23721
"k__Bacteria|p__Firmicutes|c__Clostridia|o__Eubacteriales|f__Lachnospiraceae|g__GGB3733|s__GGB3733_SGB5066|t__SGB5066",0,0,0,0,0,0,0,0,0,0,0,0,0,0,0,0,0.00307,0,0,0,0,0,0,0,0,0,0,0,0,0,0,0,0,0,0,0,0,0,0,0,0,0
"k__Bacteria|p__Firmicutes|c__Clostridia|o__Eubacteriales|f__Lachnospiraceae|g__GGB3737|s__GGB3737_SGB5071|t__SGB5071",0,0,0,0,0,0,0,0,0,0,0,0,0,0,0,0,0,0,0,0,0,0,0,0,0,0,0,0,0,0,0,0,0,0,0,0,0.08034,0.37615,0,0,0,0
"k__Bacteria|p__Firmicutes|c__Clostridia|o__Eubacteriales|f__Lachnospiraceae|g__GGB3740|s__GGB3740_SGB5076|t__SGB5076",0,0,0,0.11184,0.03414,0,0,0,0,0,0,0.03055,0.00632,0,0,0,0,0.27754,0.16891,0,0,0,0,0.03876,0,0,0,0,0,0.01646,0.00191,0.00677,0,0,0,0,0,0,0,0,0,0
"k__Bacteria|p__Firmicutes|c__Clostridia|o__Eubacteriales|f__Lachnospiraceae|g__GGB3740|s__GGB3740_SGB5077|t__SGB5077",0,0,1.02854,0,0,0,0,0,0,0.06533,0.14947,0,0,0,0,0,0,0,0,0,0,0.08327,0.27269,0,0,0.01728,0,0,0,0,0,0,0.42047,0.15731,0,0,0.03313,0.06231,0.00808,0,0,0.0071
"k__Bacteria|p__Firmicutes|c__Clostridia|o__Eubacteriales|f__Lachnospiraceae|g__GGB3816|s__GGB3816_SGB5181|t__SGB5181",0,0,0,0,0,0,0,0,0,0,0,0,0,0,0,0,0,0,0,0,0,0.04589,0.02565,0,0,0,0,0,0,0,0,0,0,0,0,0,0,0,0,0,0,0
"k__Bacteria|p__Firmicutes|c__Clostridia|o__Eubacteriales|f__Lachnospiraceae|g__GGB3817|s__GGB3817_SGB5182|t__SGB5182",0,0,0,0,0,0,0,0,0,0,0,0.03534,0.03937,0,0,0,0,0,0,0,0,0,0,0,0,0,0,0,0,0,0,0,0,0,0,0,0.01421,0.07283,0,0,0,0.10873
"k__Bacteria|p__Firmicutes|c__Clostridia|o__Eubacteriales|f__Lachnospiraceae|g__GGB3818|s__GGB3818_SGB5183|t__SGB5183",0,0,0,0,0,0,0,0,0,0,0,0,0,0,0,0,0,0,0,0,0,0.00269,0,0,0,0,0.00151,0,0,0,0,0,0,0,0,0,0,0,0,0,0,0
"k__Bacteria|p__Firmicutes|c__Clostridia|o__Eubacteriales|f__Lachnospiraceae|g__GGB3819|s__GGB3819_SGB5184|t__SGB5184",0,0,0,0,0,0,0,0,0,0,0,0,0,0,0,0,0,0,0,0,0,0,0,0,0,0,0,0,0,0,0,0,0.01581,0.01843,0,0,0,0,0,0,0.02861,0
"k__Bacteria|p__Firmicutes|c__Clostridia|o__Eubacteriales|f__Lachnospiraceae|g__GGB38239|s__GGB38239_SGB47716|t__SGB47716",0,0,0.01055,0,0,0,0,0,0,0,0,0,0,0,0,0,0.01928,0.03492,0.03994,0,0,0,0,0,0,0,0,0,0,0,0,0,0,0,0.02153,0,0,0,0,0,0,0
"k__Bacteria|p__Firmicutes|c__Clostridia|o__Eubacteriales|f__Lachnospiraceae|g__GGB3828|s__GGB3828_SGB5197|t__SGB5197",0,0,0,0,0,0,0,0,0,0,0,0,0,0,0,0,0,0,0.01083,0,0,0,0,0,0,0,0,0,0,0,0,0,0,0,0.00053,0,0,0,0,0,0,0
"k__Bacteria|p__Firmicutes|c__Clostridia|o__Eubacteriales|f__Lachnospiraceae|g__GGB3883|s__GGB3883_SGB5266|t__SGB5266_group",0,0,0,0,0,0,0,0,0,0,0,0,0,0,0,0,0,0,0,0,0,0,0,0.00289,0,0,0,0,0,0,0,0,0,0,0,0,0,0,0,0,0,0
"k__Bacteria|p__Firmicutes|c__Clostridia|o__Eubacteriales|f__Lachnospiraceae|g__GGB3885|s__GGB3885_SGB5268|t__SGB5268",0,0,0,0,0,0,0,0,0,0,0,0,0,0,0,0,0,0,0,0,0,0,0,0,0,0,0,0,0,0,0,0,0,0,0.00081,0,0,0,0,0,0,0
"k__Bacteria|p__Firmicutes|c__Clostridia|o__Eubacteriales|f__Lachnospiraceae|g__GGB51441|s__GGB51441_SGB71759|t__SGB71759",0,0,0,0,0,0,0,0.05828,0.11749,0.06758,0.02713,0,0.00893,0.00479,0,0,0.0557,0.20518,0.15381,0,0,0,0.03637,0,0,0.0595,0.05113,0,0,0.01575,0,0,0.01906,0.11955,0.0812,0.06878,0,0,0.00214,0,0,0
"k__Bacteria|p__Firmicutes|c__Clostridia|o__Eubacteriales|f__Lachnospiraceae|g__GGB51521|s__GGB51521_SGB66596|t__SGB66596",0,0,0,0,0,0,0,0,0,0,0,0,0,0.00291,0,0,0,0,0,0,0,0,0,0,0,0,0,0,0,0,0,0,0,0,0,0,0,0,0,0,0,0
"k__Bacteria|p__Firmicutes|c__Clostridia|o__Eubacteriales|f__Lachnospiraceae|g__GGB55957|s__GGB55957_SGB77276|t__SGB77276",0,0,0,0,0,0,0,0,0,0,0,0,0,0,0,0,0,0,0,0,0,0,0,0,0,0,0,0,0,0,0,0,0,0,0,0,0.00352,0.00883,0,0,0,0
"k__Bacteria|p__Firmicutes|c__Clostridia|o__Eubacteriales|f__Lachnospiraceae|g__GGB58067|s__GGB58067_SGB79698|t__SGB79698",0,0,0.02021,0,0,0,0,0,0,0,0,0,0,0,0,0,0.01305,0,0,0,0,0,0,0,0,0,0,0,0,0,0,0,0,0,0.00263,0,0,0,0,0,0,0
"k__Bacteria|p__Firmicutes|c__Clostridia|o__Eubacteriales|f__Lachnospiraceae|g__GGB74505|s__GGB74505_SGB47518|t__SGB47518",0,0,0,0,0,0,0,0,0,0,0,0,0,0.0155,0,0,0,0,0,0,0,0,0,0,0,0.0029,0.00147,0,0,0,0,0,0,0,0,0,0,0,0,0,0,0
"k__Bacteria|p__Firmicutes|c__Clostridia|o__Eubacteriales|f__Lachnospiraceae|g__GGB79394|s__GGB79394_SGB105952|t__SGB105952",0,0,0,0,0,0,0,0,0,0,0,0,0,0.01601,0,0,0,0,0,0,0,0,0,0,0,0,0,0,0,0,0,0,0,0,0,0,0,0,0,0,0,0
"k__Bacteria|p__Firmicutes|c__Clostridia|o__Eubacteriales|f__Lachnospiraceae|g__Jingyaoa|s__Jingyaoa_shaoxingensis|t__SGB47656",0,0,0,0,0,0,0,0.01776,0.02034,0,0,0,0,0,0,0,0.00744,0.02185,0.01805,0,0,0,0,0,0,0,0,0,0,0.01822,0,0,0,0,0.00843,0,0,0,0,0,0,0
"k__Bacteria|p__Firmicutes|c__Clostridia|o__Eubacteriales|f__Lachnospiraceae|g__Jutongia|s__Jutongia_hominis|t__SGB4651",0,0,0,0.38588,0.20146,0,0.00131,0.0329,0.04745,0,0,0,0,0,0,0,0,0.38765,0.00561,0,0,0.01622,0.01976,0.01195,0.0626,0,0,0.00098,0,0.07098,0,0,0,0,0,0,0,0,0,0,0.39133,0
"k__Bacteria|p__Firmicutes|c__Clostridia|o__Eubacteriales|f__Lachnospiraceae|g__Jutongia|s__Jutongia_huaianensis|t__SGB4655",0,0,0,0,0,0,0,0,0,0,0,0,0.00212,0,0,0,0,0,0,0,0,0,0,0,0,0,0,0,0,0.02674,0,0,0,0,0,0,0,0,0.02483,0.00323,0,0.11314
"k__Bacteria|p__Firmicutes|c__Clostridia|o__Eubacteriales|f__Lachnospiraceae|g__Kineothrix|s__Kineothrix_SGB4886|t__SGB4886",0,0,0,0,0,0,0,0,0.01415,0,0,0,0,0,0,0,0,0,0,0,0,0.00745,0.00746,0,0,0,0,0,0,0,0,0,0,0,0,0,0,0,0,0,0,0
"k__Bacteria|p__Firmicutes|c__Clostridia|o__Eubacteriales|f__Lachnospiraceae|g__Lachnoanaerobaculum|s__Lachnoanaerobaculum_sp_ICM7|t__SGB4494_group",0,0,0,0,0,0,0,0,0,0,0.00132,0,0,0,0,0,0,0,0,0,0,0,0,0,0,0,0,0,0,0,0,0,0,0,0,0,0,0,0,0,0,0
"k__Bacteria|p__Firmicutes|c__Clostridia|o__Eubacteriales|f__Lachnospiraceae|g__Lachnoclostridium|s__Clostridium_hylemonae|t__SGB4632",0,0,0,0,0,0,0,0,0,0,0,0,0,0,0,0,0,0,0,0,0,0,0,0,0,0,0.00403,0,0,0,0,0,0,0,0,0,0,0,0,0,0,0
"k__Bacteria|p__Firmicutes|c__Clostridia|o__Eubacteriales|f__Lachnospiraceae|g__Lachnoclostridium|s__Clostridium_scindens|t__SGB4630",0.00083,0,0,0.28868,0.00135,0.00766,0.01166,0,0,4e-04,0.00066,0.80263,0.73871,0.0034,0,0,0,0,0,0.00428,0,0.01426,0.00997,0.00641,0.07746,0.001,0.00317,0.10122,0,0,0,0,0,0,0,0,0.00704,0.12915,0.00317,0,0.0993,0
"k__Bacteria|p__Firmicutes|c__Clostridia|o__Eubacteriales|f__Lachnospiraceae|g__Lachnoclostridium|s__Clostridium_scindens|t__SGB4631",0,0,0,0,0,0,0,0,0,0,0,0,0,0,0,0,0,0,0,0,0,0,0,0,0.00978,0,0,0,0,0,0,0,0.06333,0.04968,0,0,0,0,0,0,0,0
"k__Bacteria|p__Firmicutes|c__Clostridia|o__Eubacteriales|f__Lachnospiraceae|g__Lachnoclostridium|s__Clostridium_symbiosum|t__SGB4699",0,0,0,0,0,0,0,0,0,0.02541,0.01748,0.11708,0.00356,0,0,0.4963,0,0,0,0,0,0.0169,0.13978,0,0,0.0141,0.01377,0,0.0018,0.00406,0,0,0.12871,0.14568,0,0.02087,0.00446,0.10302,0,0,0,0.02638
"k__Bacteria|p__Firmicutes|c__Clostridia|o__Eubacteriales|f__Lachnospiraceae|g__Lachnoclostridium|s__Lachnoclostridium_edouardi|t__SGB29433",0,0,0,0.00628,0,0,0,0,0,0.00374,0,0,0,0,0,0,0,0,0,0,0,0,0,0,0,0,0,0,0,0,0,2e-04,0,0,0,0,0,0,0,0,0,0
"k__Bacteria|p__Firmicutes|c__Clostridia|o__Eubacteriales|f__Lachnospiraceae|g__Lachnoclostridium|s__Lachnoclostridium_pacaense|t__SGB4763",0,0,0,0,0,0,0,0,0,0,0,0,0,0,0,0,0,0,0,0,0,0,0,0,0,0,0,0,0,0,0,0,0.00241,0,0,0.03362,0,0.00075,0,0,0,0
"k__Bacteria|p__Firmicutes|c__Clostridia|o__Eubacteriales|f__Lachnospiraceae|g__Lachnoclostridium|s__Lachnoclostridium_phocaeense|t__SGB4622",0,0,0,0,0,0,0,0,0,0,0,0,0,0,0,0.0136,0,0,0,0,0,0,0,0,0,0,0,0,0,0,0.0592,0,0,0,0,0,0,0,0,0,0,0.01771
"k__Bacteria|p__Firmicutes|c__Clostridia|o__Eubacteriales|f__Lachnospiraceae|g__Lachnoclostridium|s__Lachnoclostridium_SGB4602|t__SGB4602",0,0,0,0,0,0,0,0,0,0,0,0,0.00178,0,0,0,0,0,0,0.00327,0,0.0062,0.00462,0,0,0,0,0,0,0,0,0,0,0,0,0,0,0,0,0,0,0.01328
"k__Bacteria|p__Firmicutes|c__Clostridia|o__Eubacteriales|f__Lachnospiraceae|g__Lachnoclostridium|s__Lachnoclostridium_sp_An118|t__SGB4623",0,0,0,0,0,0,0,0,0,0,0,0.00064,0.05362,0,0,0,0,0,0,0,0,0,0,0,0,0,0,0,0,0,0,0,0,0,0,0,0,0.00196,0,0,0,0.03604
"k__Bacteria|p__Firmicutes|c__Clostridia|o__Eubacteriales|f__Lachnospiraceae|g__Lachnospira|s__Lachnospira_eligens|t__SGB5082",0.46757,0.33101,0.55932,0,0,0,0.19404,0.03076,0.02017,0.3023,1.02837,0.03789,0.16928,0,0,2.59386,0.01101,0.13377,0.94353,0,0,0.07981,0.03741,0.09133,0.29613,0.16355,0.00766,0.0144,0,0.517,0.04464,0.09948,0.7813,0.53675,0.00012,0,0.23715,0.33236,0.00314,0.0025,0.23044,0.07325
"k__Bacteria|p__Firmicutes|c__Clostridia|o__Eubacteriales|f__Lachnospiraceae|g__Lachnospira|s__Lachnospira_pectinoschiza|t__SGB5075",0,0,0,0,0,0,0,0.5208,0.25342,0,0,0,0,0.2475,0.3003,0.02458,0.06079,0,0,0.35138,0.82975,0,0,0,0,0.28333,0.00922,0.00569,0,0,0,0,0,0,0.46557,0,0.09012,0.31704,0.00982,0.00304,0,0.10533
"k__Bacteria|p__Firmicutes|c__Clostridia|o__Eubacteriales|f__Lachnospiraceae|g__Lachnospira|s__Lachnospira_pectinoschiza|t__SGB5089",0.11984,0.14476,0,0,0,0,0,0.03414,0.01517,0,0,0.00722,0.01583,0,0,0.00104,0,0.28346,0.23044,0,0,0.0031,0,0.50494,0.01184,0.00564,0,0,0,0.02254,0.00454,0,0.01833,0,0,0,0,0,0.02883,0.01128,0,0.09495
"k__Bacteria|p__Firmicutes|c__Clostridia|o__Eubacteriales|f__Lachnospiraceae|g__Lachnospira|s__Lachnospira_sp_NSJ_43|t__SGB5087",0.03068,0.06057,0,0.00522,0,0,0,0.05495,0.04637,0,0,0,0,0,0,0,0,0.00983,0.01191,0,0,0,0,0.01423,0.05114,0,0,0,0,0.3784,0,0,0.17794,0.10212,0,0,0,0,0.00521,0,0.0629,0.02349
"k__Bacteria|p__Firmicutes|c__Clostridia|o__Eubacteriales|f__Lachnospiraceae|g__Lachnospiraceae_unclassified|s__Eubacterium_rectale|t__SGB4933",0.54372,0.08835,2.62992,0.64565,2.93528,0.85935,5.46826,6.93959,10.37682,6.21086,0.1943,0,4.12147,1.27668,0.25821,0,0.80567,3.76004,8.24604,0.6771,3.08341,0.0052,0.00346,0,0,1.34458,0.12455,2.90925,0,0.31947,0.71755,3.84297,1.18703,0.23387,4.54414,0.00122,6.32972,2.91493,0.29108,7.12219,3.01901,2.17486
"k__Bacteria|p__Firmicutes|c__Clostridia|o__Eubacteriales|f__Lachnospiraceae|g__Lachnospiraceae_unclassified|s__Lachnospiraceae_bacterium_AM48_27BH|t__SGB4706",0.04052,0.00973,0.00447,0,0,0,0,0.01667,0.00483,0.05972,0.04102,0,0,0,0,0,0,0.18997,0.34407,0,0,0.01194,0.01587,0.01979,0.01648,0.00099,0,0,0,0.00627,0,0.00168,0,0,0.03662,0,0,0,0.0032,0.00418,0,0
"k__Bacteria|p__Firmicutes|c__Clostridia|o__Eubacteriales|f__Lachnospiraceae|g__Lachnospiraceae_unclassified|s__Lachnospiraceae_bacterium_CLA_AA_H215|t__SGB4777",0.0257,0.02157,0.04991,0,0,0,0,0.13124,0.03467,0,0,0,0.02107,0,0,0,0.0078,0.06024,0.02639,0,0,0,0,0.01915,0.00606,0,0,0,0,0.01908,0,0,0,0,0.02614,0,0,0,0,0,0,0
"k__Bacteria|p__Firmicutes|c__Clostridia|o__Eubacteriales|f__Lachnospiraceae|g__Lachnospiraceae_unclassified|s__Lachnospiraceae_bacterium_CLA_AA_H244|t__SGB4993",0.0081,0.00327,0.04794,0.21,0.09309,0.06681,0.0491,0.18257,0.08873,0.02444,0.17929,0,0.00061,0.02517,0,0.00679,0.01782,0.07658,0.34038,0.0494,0.07724,0.00709,0.00095,0,0,0.26329,0.03916,0.09225,0,0.02139,0.15137,0.02214,0.01859,0.15166,0.05662,0.01425,0,0,0.11341,0.02331,0.02373,0
"k__Bacteria|p__Firmicutes|c__Clostridia|o__Eubacteriales|f__Lachnospiraceae|g__Lachnospiraceae_unclassified|s__Lachnospiraceae_bacterium_EP_SM_12S_S03|t__SGB4551",0,0,0,0,0,0,0,0,0,0,0,0,0,0,0,0.02251,0,0,0,0,0,1.49669,0.5083,0,0,0,0.00401,0,0,0,0,0,0,0,0,0,0,0,0,0,0,0
"k__Bacteria|p__Firmicutes|c__Clostridia|o__Eubacteriales|f__Lachnospiraceae|g__Lachnospiraceae_unclassified|s__Lachnospiraceae_bacterium_NSJ_143|t__SGB109665",0,0,0,0,0,0,0,0,0,0,0,0.00096,0,0,0,0,0,0,0,0,0,0,0,0,0,0,0,0,0,0,0,0,0,0,0,0,0,0,0,0,0,0
"k__Bacteria|p__Firmicutes|c__Clostridia|o__Eubacteriales|f__Lachnospiraceae|g__Lachnospiraceae_unclassified|s__Lachnospiraceae_bacterium_OF09_6|t__SGB4966",0.013,0.02167,0,0,0,0,0,0.04215,0.02632,0,0,0,0,0,0,0,0.02013,0,0,0,0,0,0,0,0,0,0,0,0,0.07067,0,0,0,0,0,0,0,0,0,0,0,0
"k__Bacteria|p__Firmicutes|c__Clostridia|o__Eubacteriales|f__Lachnospiraceae|g__Lachnospiraceae_unclassified|s__Lachnospiraceae_bacterium_OM04_12BH|t__SGB4893",0.00345,0.00351,0.00428,0,0,0,0,0.00033,0.00743,0.00083,5e-04,0.00737,0.01144,0,0,0,0.00738,0.08198,0.07814,0.00162,0.00646,0.13666,0,0,0,0.00272,0,0,0,0.01331,0.00427,0.00938,0,0,0.00587,0.00054,0,0,0,0,0,0
"k__Bacteria|p__Firmicutes|c__Clostridia|o__Eubacteriales|f__Lachnospiraceae|g__Lachnospiraceae_unclassified|s__Lachnospiraceae_bacterium_oral_taxon_096|t__SGB4479",0,0,0,0,0,0,0,0,0,0,0,0,0,0,0.00498,0,0,0,0,0,0,0,0,0.00964,0,0,0,0,0,0,0,0,0,0,0,0,0,0,0,0,0,0
"k__Bacteria|p__Firmicutes|c__Clostridia|o__Eubacteriales|f__Lachnospiraceae|g__Lachnospiraceae_unclassified|s__Lachnospiraceae_bacterium|t__SGB4530",0,0,0,0,0,0,0,0,0,0,0,0,0,0,0,0,0,0,0,0,0,0,0,0,0,0,0,0,0,0,0,0,0,0,0,0,0,0,0,0,9e-05,0.00929
"k__Bacteria|p__Firmicutes|c__Clostridia|o__Eubacteriales|f__Lachnospiraceae|g__Lachnospiraceae_unclassified|s__Lachnospiraceae_bacterium|t__SGB4781",0.05447,0.08632,0,0.36804,0.1193,0.13037,0.11643,0.11916,0.0745,0.00456,0.01897,0.03262,0.09636,0.0461,0.00527,0.16103,0.15094,0.06677,0.06665,0.14167,0.02282,0.06167,0.02215,0.20888,0.13085,0.15585,0.15855,0.0078,0,0.0689,0.07015,0.26817,0.15193,0.38906,0.19272,0.00212,0,0,0.19171,0.14447,0.20871,0.21242
"k__Bacteria|p__Firmicutes|c__Clostridia|o__Eubacteriales|f__Lachnospiraceae|g__Lachnospiraceae_unclassified|s__Lachnospiraceae_bacterium|t__SGB4782",0.01495,0.01405,0,0,0,0.01725,0.01256,0.01779,0.02102,0.00144,0.00284,0,0,0.00262,0,0,0.01477,0,0,0,0,0.01085,0.01404,0,0,0.08014,0.14055,0,0,0.06931,0.0012,0.03469,0,0,0.04153,0.01073,0,0,0.05345,0.01008,0,0.21888
"k__Bacteria|p__Firmicutes|c__Clostridia|o__Eubacteriales|f__Lachnospiraceae|g__Lachnospiraceae_unclassified|s__Lachnospiraceae_bacterium|t__SGB4953",0,0,0,0,0,0,0,0,0,0,0,0,0.00085,0,0,0,0,0,0,0,0,0,0,0,0,0,0,0,0,0,0,0,0,0,0,0,0,0,0,0,0,0
"k__Bacteria|p__Firmicutes|c__Clostridia|o__Eubacteriales|f__Lachnospiraceae|g__Lachnospiraceae_unclassified|s__Lachnospiraceae_bacterium|t__SGB82511",0,0,0,0,0,0,0,0,0.00053,0,0,0,0,0,0,0,0,0,0,0,0,0,0,0,0,0,0,0,0,0,0,0,0,0,0,0,0,0,0,0,0,0
"k__Bacteria|p__Firmicutes|c__Clostridia|o__Eubacteriales|f__Lachnospiraceae|g__Lachnotalea|s__Lachnotalea_sp_AF33_28|t__SGB5200",0,0,0,0,0,0,0,0,0,0,0,0.00328,0.00237,0,0,0,0,0,0,0,0,0.00101,0.00476,0,0,0.00128,0.00188,0,0,0,0.0204,0.00337,0,0,0,0.14446,0,0,0.00054,0,0,0
"k__Bacteria|p__Firmicutes|c__Clostridia|o__Eubacteriales|f__Lachnospiraceae|g__Lacrimispora|s__Lacrimispora_amygdalina|t__SGB4716",0.00577,0.03276,0.06478,0,0,0,0.00131,0.03184,0.00163,0.03795,0.25191,0,0,0,0,9e-05,0.0032,0.077,0.42721,0.01404,0.05139,0.06249,0.01342,0,0,0.04436,0,0.202,0,0.00468,0,0.00672,0,0,0.10895,0,0.04225,0.03776,6e-05,0,0,0
"k__Bacteria|p__Firmicutes|c__Clostridia|o__Eubacteriales|f__Lachnospiraceae|g__Lacrimispora|s__Lacrimispora_sp_210928_DFI_3_58|t__SGB4765",0,0,0,0,0,0,0,0,0,0,0,0,0,0,0,0,0,0,0,0,0,0.00189,0.00194,0,0,0,0,0,0,0,0,0,0,0,0,0,0,0,0,0,0,0
"k__Bacteria|p__Firmicutes|c__Clostridia|o__Eubacteriales|f__Lachnospiraceae|g__Luxibacter|s__Luxibacter_massiliensis|t__SGB4592",0,0,0,0,0,0,0,0,0,0,0,0,0,0,0,0,0,0,0,0,0,0,0,0,0.00666,0,0,0,0,0,0,0,0,0,0,0,0,0,0,0,0,0.00387
"k__Bacteria|p__Firmicutes|c__Clostridia|o__Eubacteriales|f__Lachnospiraceae|g__Mediterraneibacter|s__Mediterraneibacter_butyricigenes|t__SGB25493",0.03785,0.04006,0.01422,0,0,0.05451,0.01364,0.03709,0.02275,0.01053,0.00701,0.00136,0.05149,0.0047,0,0.06083,0.0507,0.03886,0.01906,0.10197,0.08443,0.02012,0.03877,0,0,0.04305,0.07963,0.05074,0,0.04267,0.04269,0.04091,0.04238,0.04661,0.12027,0.24459,0,0,0.00321,0.0549,0,0
"k__Bacteria|p__Firmicutes|c__Clostridia|o__Eubacteriales|f__Lachnospiraceae|g__Mediterraneibacter|s__Mediterraneibacter_faecis|t__SGB4563",0.53283,0.09504,0.65907,0,0,0.74279,3.55225,1.83052,1.67446,1.10518,7.81904,0,0,4.25176,3.87233,1.65213,5.61946,0,0,3.22491,12.22525,0,0,0.00536,0,0,0,0,0,0.87151,4.86102,9.2155,2.26484,10.56101,1.33177,0.49888,0,0,1.52597,0.04313,0,0
"k__Bacteria|p__Firmicutes|c__Clostridia|o__Eubacteriales|f__Lachnospiraceae|g__Mediterraneibacter|s__Mediterraneibacter_glycyrrhizinilyticus|t__SGB4606",0,0,0,0.23952,0.00529,0,0,0,0,0,0,0,0,0.35099,0.02179,0,0,0.01142,0.04305,0.07934,0.72911,0,0,0.04728,0.0148,0.00299,0.01758,0.31096,0,0,0,0,0.08933,0.08567,0,0.69103,0.04823,0.03751,0,0,0.07292,0.50163
"k__Bacteria|p__Firmicutes|c__Clostridia|o__Eubacteriales|f__Lachnospiraceae|g__Mediterraneibacter|s__Mediterraneibacter_massiliensis|t__SGB4595",0,0,0,0.00209,0,0,0,0,4e-05,0,0,0.0025,0.0304,0,0,0,0.00863,0.00593,0.00239,0.04834,0.02418,0,0,0,0,0,0,0,0,0,0.0346,0.01198,0,0,0.01248,0,0.01432,0.04185,0,0,0,0
"k__Bacteria|p__Firmicutes|c__Clostridia|o__Eubacteriales|f__Lachnospiraceae|g__Mediterraneibacter|s__Mediterraneibacter_SGB4598|t__SGB4598",0,0,0,0,0,0,0,0,0,0,0,0,0,0,0,0,0,0,0.00066,0,0,0,0.00137,0,0,0,0,0,0,0,0,0,0,0,0,0,0,0,0,0,0,0.00108
"k__Bacteria|p__Firmicutes|c__Clostridia|o__Eubacteriales|f__Lachnospiraceae|g__Mediterraneibacter|s__Mediterraneibacter_SGB48424|t__SGB48424",0.00096,0.00137,0,0,0,0,0,0,0,0,0,0,0,0,0,0.03587,0,0,0,0.01389,0.028,0,0,0,0,0,0,0,0,0,0,0,0,0,0,0,0,0,0.02,0.02838,0,0
"k__Bacteria|p__Firmicutes|c__Clostridia|o__Eubacteriales|f__Lachnospiraceae|g__Mediterraneibacter|s__Mediterraneibacter_sp_NSJ_151|t__SGB4553",0.00532,0.01348,0,0,0,0.23347,0.10188,0.01611,0.02024,0.04518,0.07832,0,0,0,0,0,0.0713,0,0,0,0,0,0,0,0,0.03697,0.02254,0,0,0.00243,0,0.01531,0,0,0.01615,0,0,0,0,0.02927,0,0
"k__Bacteria|p__Firmicutes|c__Clostridia|o__Eubacteriales|f__Lachnospiraceae|g__Mediterraneibacter|s__Ruminococcus_gnavus|t__SGB4571",0,0,0,0,0,0.11511,0.04766,0.09866,0.18442,0,0,0,0,0,0,0.00925,0.53317,0.10719,0.036,0,0,0,0,0,0,0.85587,0.38375,0,0,0.15618,0.26157,0.28869,0,0,0.05122,10.15989,0,0,0,0,0,0
"k__Bacteria|p__Firmicutes|c__Clostridia|o__Eubacteriales|f__Lachnospiraceae|g__Mediterraneibacter|s__Ruminococcus_gnavus|t__SGB4584",0,0,0.0059,0.14934,0.2822,0.00725,0.05619,0.00342,0,0.00199,0.53526,0.18904,0.15754,2.96104,1.90805,0.02254,0,0.06535,0.13028,0.45573,4.12275,0.0024,0.00185,0.49624,0.18154,0.23178,0.06661,8.58316,0.08799,0.45877,0.14583,0.02611,0.05118,0.05208,0,0.12883,0.64396,0.11924,0,0.02778,0.03416,0.25824
"k__Bacteria|p__Firmicutes|c__Clostridia|o__Eubacteriales|f__Lachnospiraceae|g__Mediterraneibacter|s__Ruminococcus_lactaris|t__SGB4557",0,0,0,0,0,0.71622,0.93911,0.13787,0.44137,0.03267,0.30301,0,0,0,0,0,0,0,0,0,0,0,0,0.1779,1.96038,0.04536,0.19908,0,0,0.08621,0.00548,0.04759,0,0,0,0,0,0,0,0,0,0.3278
"k__Bacteria|p__Firmicutes|c__Clostridia|o__Eubacteriales|f__Lachnospiraceae|g__Mediterraneibacter|s__Ruminococcus_torques|t__SGB4608",0,0.1155,0,1.11433,0.14251,0.05968,1.0001,0.04295,0.01933,0.4619,0.24854,0.13298,0.76069,2.06806,0.24535,0.25956,0.06092,0.03925,0,0.33409,6.00973,1.44578,0.15947,0.0146,0.00594,0.18807,0.83244,0.38882,0.02162,3.82353,0.60146,0.03059,0.03452,0.04402,0,0.21521,0.16584,0.84724,0.12652,0.04425,0.05743,0.46036
"k__Bacteria|p__Firmicutes|c__Clostridia|o__Eubacteriales|f__Lachnospiraceae|g__Merdimonas|s__Merdimonas_faecis|t__SGB4626",0,0,0,0,0.00073,0,0,0,0,0,0,0.00124,0.55117,0,0,1.45013,0,5e-05,0,0,0,2.56838,0.52909,0,0,0,0,0,0,0,0,0,0,0,0,0,0,0,0.00626,0.00114,0,1.33153
"k__Bacteria|p__Firmicutes|c__Clostridia|o__Eubacteriales|f__Lachnospiraceae|g__Muricomes|s__Muricomes_intestini|t__SGB25421",0,0,0,0.01962,0,0,0,0,0,0,0,0,0,0,0,0,0,0,0,0,0,8e-05,0,0,0,0,0,0,0,0,0,0,0,0,0,0,0,0,0,0,0,0
"k__Bacteria|p__Firmicutes|c__Clostridia|o__Eubacteriales|f__Lachnospiraceae|g__Murimonas|s__Murimonas_intestini|t__SGB25538",0,0,0,0,0,0,0,0,0,0,0,0,0,0,0,0,0,0,0,0,0,0,0,0,0,0,0,0,0,0,0,0,0,0,0,0,0,1e-04,0,0,0,0
"k__Bacteria|p__Firmicutes|c__Clostridia|o__Eubacteriales|f__Lachnospiraceae|g__Oliverpabstia|s__Oliverpabstia_intestinalis|t__SGB4868",0.20959,0.10429,0.6285,0,0,0,0,0.93102,0.69141,0.1392,0.3926,0,0,0,0,0,0.48038,0.45098,2.14035,0,0,0.15287,0.11928,0,0,0,0,0,0,0.23239,0.03356,0.27958,0,0,1.01234,0.04181,0,0,0.07263,0.43616,0,0
"k__Bacteria|p__Firmicutes|c__Clostridia|o__Eubacteriales|f__Lachnospiraceae|g__Oribacterium|s__Oribacterium_parvum|t__SGB5286",0,0,0,0,0,0,0,0,0,0,0.00071,0,0,0,0,0,0,0,0,0,0,0,0,0.00259,0,0,0,0,0,0,0,0,0,0,0,0,0,0,0,0,0,0
"k__Bacteria|p__Firmicutes|c__Clostridia|o__Eubacteriales|f__Lachnospiraceae|g__Oribacterium|s__Oribacterium_SGB5287|t__SGB5287",0,0,0.00018,0,0,0,0,0,0,0,0,0,0,0,0,0,0,0,0,0,0,0,0,0,0,0,0,0,0,0,0,0,0,0,0,0,0,0,0,0,0,0
"k__Bacteria|p__Firmicutes|c__Clostridia|o__Eubacteriales|f__Lachnospiraceae|g__Oribacterium|s__Oribacterium_SGB96486|t__SGB96486",0,0,0,0,0,0,0,0,0,0,5e-05,0,0,0,0,0,0,0,0,0,0,0,0,0,0,0,0,0,0,0,0,0,0,0,0,0,0,0,0,0,0,0
"k__Bacteria|p__Firmicutes|c__Clostridia|o__Eubacteriales|f__Lachnospiraceae|g__Oribacterium|s__Oribacterium_sinus|t__SGB5273",0,0,0,0,0,0,0,0,0,0.00083,0.00164,0,0,0,0,0,0,0,0,0,0,0,0,0.00144,0,0,0,0,0,0.00302,0,0,0,0,0.00185,1e-04,0,0,0,0,0,0
"k__Bacteria|p__Firmicutes|c__Clostridia|o__Eubacteriales|f__Lachnospiraceae|g__Oribacterium|s__Oribacterium_sp_oral_taxon_102|t__SGB71397",0,0,0,0,0,0,0,0,0,0,0,0,0,0,0,0,0,0,0,0,0,0,0,0,0,0,0,0,0,0.00087,0,0,0,0,0.04922,0,0,0,0,0,0,0
"k__Bacteria|p__Firmicutes|c__Clostridia|o__Eubacteriales|f__Lachnospiraceae|g__Roseburia|s__Roseburia_faecis|t__SGB4925",0.96531,0.19287,1.39896,0.05085,0.40562,0.65038,0.23332,1.00942,0.53113,0.03257,0.02418,0,0,0,0,0.02268,0.09844,0,0,1.87057,0,0.00231,0,0.27601,0.74712,2.4784,0.05314,0.02164,0,0.14487,0.01483,0.65811,0.25005,0.12029,0.31247,0,5.44704,0.28675,0.04313,0,0,1.55219
"k__Bacteria|p__Firmicutes|c__Clostridia|o__Eubacteriales|f__Lachnospiraceae|g__Roseburia|s__Roseburia_hominis|t__SGB4659",0,0,0,0,0,0,0,0.00126,0.00165,0,0,0,0,0,0,0,0,0,0,0,0,0,0,0,0,0,0,0,0,0,0,0,0,0,0,0,0,0,0,0,0,0
"k__Bacteria|p__Firmicutes|c__Clostridia|o__Eubacteriales|f__Lachnospiraceae|g__Roseburia|s__Roseburia_hominis|t__SGB4936",0.02965,0.0329,0.00128,0.02004,0.04802,0.0406,0.15289,0.00168,0.00888,0,0,0.0015,0.17043,0.01453,0,0.07946,0.06481,0.13707,0.29491,0.23894,0.1198,0.21048,0.01331,0,0,0.0611,0.03422,0.18363,0,0.54201,0.18347,0.07786,0.04628,0.10177,0.02319,0.0072,0.00125,0.0063,0.00746,0.08361,0.39498,0.21537
"k__Bacteria|p__Firmicutes|c__Clostridia|o__Eubacteriales|f__Lachnospiraceae|g__Roseburia|s__Roseburia_intestinalis|t__SGB4951",0.00329,0,0,0,0,0,0,0.45598,0.25471,0,0,0,0.03368,0.03321,0.00687,0,0.00141,1.1677,1.06275,0,0,0,0,0.40177,0.10508,0.31549,0.02846,0.13928,0,0,0,0,0,0,0.04338,0.08517,0,0,0.00031,0.07165,0.276,0
"k__Bacteria|p__Firmicutes|c__Clostridia|o__Eubacteriales|f__Lachnospiraceae|g__Roseburia|s__Roseburia_inulinivorans|t__SGB4940",0.00275,0.00692,0.10647,0.00305,0.17817,0.03101,0.70452,0.58298,0.34955,0.07277,1.54209,0,0.15712,0.42093,0.00111,0.00359,0.62985,1.90372,2.65028,0.0958,0.00455,0.38572,0.06888,0.44311,0.25668,0.54493,0.09311,0.58811,0,0.37872,0.00715,0.24944,0.05806,0.27664,0.2157,0.0571,1.81621,0.35104,0.00019,0.06428,0.05818,1.87788
"k__Bacteria|p__Firmicutes|c__Clostridia|o__Eubacteriales|f__Lachnospiraceae|g__Roseburia|s__Roseburia_lenta|t__SGB4957",0,0.01276,0,0,0,0,0,0.14129,0.12404,0,0,0.00107,0.05761,0,0,0.01957,0,0.14577,0.37985,0.89902,3.11545,0,0,0,0,0.67354,0.0238,0,0,0.05529,0,0,0,0,0.54522,0,0.72887,0.0941,0.04323,0,0.05245,0
"k__Bacteria|p__Firmicutes|c__Clostridia|o__Eubacteriales|f__Lachnospiraceae|g__Roseburia|s__Roseburia_sp_AF02_12|t__SGB4938",0.00185,0.0064,0.00216,0,0,0.00045,0,0.0383,0.02914,0,0,0,0.03656,0,0,0.47497,0.00183,0.00717,0.01521,0,0,0.04238,0.00435,0,0,0.02458,0.00035,0,0,0.03678,0.0114,0.02774,0,0.00642,0.00226,0.00273,0,0,1.23488,0,0,0.03765
"k__Bacteria|p__Firmicutes|c__Clostridia|o__Eubacteriales|f__Lachnospiraceae|g__Roseburia|s__Roseburia_sp_AM23_20|t__SGB4950",0,0,0,0,0,0,0,0,0,0,0,0,0,0,0,0,0,0,0,0,0,0,0.00268,0,0,0,0,0,0,0.03431,0,0.00308,0,0,0,0,0,0,0,0,0,0
"k__Bacteria|p__Firmicutes|c__Clostridia|o__Eubacteriales|f__Lachnospiraceae|g__Roseburia|s__Roseburia_sp_AM59_24XD|t__SGB4654",0,0,0,0,0,0,0,0.01352,0.19116,0,0,0,0,0,0,0,0,0,0,0,0,0,0,0,0,0,0,0,0,0,0,0,0,0,0,0,0,0,0,0,0,0
"k__Bacteria|p__Firmicutes|c__Clostridia|o__Eubacteriales|f__Lachnospiraceae|g__Roseburia|s__Roseburia_sp_BX1005|t__SGB4963",0,0,0,0,0,0,0,0,0,0,0,0,0,0,0,0,0.00195,0,0,0,0,0,0,0,0,0,0,0,0,0.00224,0,0,0,0,0,0,0,0,0,0,0,0
"k__Bacteria|p__Firmicutes|c__Clostridia|o__Eubacteriales|f__Lachnospiraceae|g__Sellimonas|s__Sellimonas_intestinalis|t__SGB4617",0,0,0,0.012,0,0,0,0,0,0,0,0.07293,2.17292,0,0,0.43538,0,0,0,0.03349,0.00626,0.00204,0,0.00328,0.00039,0,0,0.18334,0,0,0.02698,0.00114,0.00249,0.001,0,0,0.01204,0.01663,0.00162,0.03253,0.45405,1.66212
"k__Bacteria|p__Firmicutes|c__Clostridia|o__Eubacteriales|f__Lachnospiraceae|g__Shuttleworthia|s__Shuttleworthia_satelles|t__SGB7281",0,0,0,0,0,0,0,0,0,0,0,0,0,0,0.00113,0,0,0,0,0,0,0,0,0,0,0,0,0,0,0,0.00017,0,0,0,0,0,0,0,0,0,0,0
"k__Bacteria|p__Firmicutes|c__Clostridia|o__Eubacteriales|f__Lachnospiraceae|g__Simiaoa|s__Simiaoa_sunii|t__SGB4910",0.133,0.17578,0.11711,0,0,0,0,0.30833,0.31394,4.70044,0.29851,0.00055,0.18329,0.00622,0,0.00025,0.33479,1.04074,0.18739,0.02172,0.01938,0.89053,0.06509,0,0,0.05292,0.03252,0,0,0.36034,0.17507,0.38577,0.02109,0.00935,0.00717,0.01596,0,0,0.00298,0.00934,0.00208,0
"k__Bacteria|p__Firmicutes|c__Clostridia|o__Eubacteriales|f__Lachnospiraceae|g__Tyzzerella|s__Tyzzerella_nexilis|t__SGB4588",0,0,0,0,0,0,0,0,0,0,0,0,0,1.25187,0.09096,0,0,0,0,0,0,0,0,0,0,0,0,2.73724,0,0,0,0,0.17958,0.89049,0,0,0.10837,0.05386,0,0,0,0
"k__Bacteria|p__Firmicutes|c__Clostridia|o__Eubacteriales|f__Lachnospiraceae|g__Tyzzerella|s__Tyzzerella_SGB4587|t__SGB4587",0,0,0,0,0,0,0,0,0,0,0,0,0,0.00114,0,0,0,0,0,0,0,0,0,0,0,0,0,0,0.00359,0,0.00592,0.00116,0,0,0.00024,0.0986,0.00712,0,0,0,0,0.1549
"k__Bacteria|p__Firmicutes|c__Clostridia|o__Eubacteriales|f__Lachnospiraceae|g__Wansuia|s__Wansuia_hejianensis|t__SGB25431",0.00574,0.00618,3e-04,0.05405,0.00903,0.00236,0.0208,0.00819,0.00793,0,0,0.00434,0.04205,0.00198,0,0.00743,0.01495,0.00697,0.00317,0.02768,0.02209,0.01272,0.02201,0,0,0.01423,0.03852,0.00601,0,0.04275,0.05445,0.02021,0,0,3e-05,0,0,0,0.01751,0.03225,0.02272,0
"k__Bacteria|p__Firmicutes|c__Clostridia|o__Eubacteriales|f__Lachnospiraceae|g__Wujia|s__Wujia_chipingensis|t__SGB5111",0.36418,1.95977,0.14431,0,0.00239,0,0,0.84409,0.41403,0,0,0.00413,0,0,0,0,1.79893,0,0,0,0,0.59737,0.02952,0,0,0,0,0,0,0.86352,0.05491,0.24416,0,0,0.62133,0,0,0,0.34785,0.44027,0.13206,2.91446
"k__Bacteria|p__Firmicutes|c__Clostridia|o__Eubacteriales|f__Oscillospiraceae|g__Acetivibrio|s__Acetivibrio_sp_MSJd_27|t__SGB3580",0,0.06218,0,0,0,0,0,0,0,0,0,0,0,0,0,0,0,0,0,0,0,0,0,0,0,0,0,0,0,0,0,0,0,0,0,0,0,0,0,0,0,0
"k__Bacteria|p__Firmicutes|c__Clostridia|o__Eubacteriales|f__Oscillospiraceae|g__Agathobaculum|s__Agathobaculum_butyriciproducens|t__SGB14991",0.11553,0.00727,0,0,0,0,0,0,0.09215,0,0,0,0,0,0,0,0,0.18059,0.2716,0,0,0,0.00322,0,0,0,0,0,0,0.04384,0,0,0.00972,0.50012,0,0,0.0686,0.45904,0,0,0,0
"k__Bacteria|p__Firmicutes|c__Clostridia|o__Eubacteriales|f__Oscillospiraceae|g__Agathobaculum|s__Agathobaculum_butyriciproducens|t__SGB14993",0.84432,0.03539,0.60889,1.4377,1.2751,0.59347,0.8728,0.29702,1.47324,0.58213,0.67659,0.03934,0.18731,0.32694,0.00542,0.00496,0.16613,0.32719,0.20123,1.17441,0.22174,0.03592,0.01952,0.25377,0.04777,0.57973,0.27641,0.47871,0,0.25886,0.17283,0.40817,0.1782,0.74292,0.62361,0.03246,1.31946,0.97952,0.06356,0.06306,1.08256,0
"k__Bacteria|p__Firmicutes|c__Clostridia|o__Eubacteriales|f__Oscillospiraceae|g__Anaerofilum|s__Anaerofilum_hominis|t__SGB79822",0,0,0,0,0,0,0,0.00019,0,0,0,0,0,0,0,0.00036,0,0,0,0.00223,0.00035,0,0,0,0,0,0,0,0,0.00105,0,0,0,0,0,0,0,0,0,0,0,0
"k__Bacteria|p__Firmicutes|c__Clostridia|o__Eubacteriales|f__Oscillospiraceae|g__Anaeromassilibacillus|s__Anaeromassilibacillus_senegalensis|t__SGB14894",0.00779,0,0,0.02982,0.00255,0.00177,0.00012,0.00532,0,0,0,0,0.00824,0,0,0.00561,0.03231,0,0,0,0,0.01771,0.03956,0,0,0.01644,0.03374,0,0,0,0,0,0,0,0,0.01792,0,0,0,0,0,0.06149
"k__Bacteria|p__Firmicutes|c__Clostridia|o__Eubacteriales|f__Oscillospiraceae|g__Anaerotruncus|s__Anaerotruncus_colihominis|t__SGB14963",0,0,0,0.0013,0,0,0,0,0,0.00139,0,0.07425,0.09647,0,0,0.28202,0.008,0,0,0.02796,0.0173,0.00715,0.01896,0,0,0.01327,0.02857,0.00028,0,0.00728,0,0.01592,0.01502,0.00244,0,0,0,0.04467,0.01424,0.01749,0.00146,0.02816
"k__Bacteria|p__Firmicutes|c__Clostridia|o__Eubacteriales|f__Oscillospiraceae|g__Anaerotruncus|s__Anaerotruncus_rubiinfantis|t__SGB25416",0.00249,0.00605,0,0,0,0,0,0,0,0,0,0,0,0,0,0.01553,0.00223,0,0,0,0,0,0,0,0,0,0,0,0,0.01798,0,0,0,0,0,0,0,0,0.00055,0,0,0
"k__Bacteria|p__Firmicutes|c__Clostridia|o__Eubacteriales|f__Oscillospiraceae|g__Angelakisella|s__Angelakisella_massiliensis|t__SGB29321",0,0,0,0,0,0,0,0,0,0,0,0.01448,0.00084,0,0,0,0,0,0,0,0,0,0,0,0,0,0,0,0,0.00731,0,0,0,0,0,0,0,0,0,0,0,0
"k__Bacteria|p__Firmicutes|c__Clostridia|o__Eubacteriales|f__Oscillospiraceae|g__Bittarella|s__Bittarella_massiliensis|t__SGB7263",0.00066,0.00156,0,0.00543,0,0.00313,0,0.0015,0.00434,0,0,0,0.00366,0,0,0,0.00564,0,0,0.05183,0.01363,0,0.00327,0,0,0,0,0,0,0.00113,0.06733,0.01153,0.00999,0.0102,0.00607,0.00955,0,0.00809,0.00124,0,0,0.00219
"k__Bacteria|p__Firmicutes|c__Clostridia|o__Eubacteriales|f__Oscillospiraceae|g__Bittarella|s__Bittarella_massiliensis|t__SGB95006",0,0,0,0,0,0,0,0,0,0,0,0,0,0,0,0.01647,0,0,0,0,0,0,0,0,0,0,0,0,0,0,0,0,0,0,0,0,0,0,0,0,0,0
"k__Bacteria|p__Firmicutes|c__Clostridia|o__Eubacteriales|f__Oscillospiraceae|g__Congzhengia|s__Congzhengia_minquanensis|t__SGB4133",0,0,0,0,0,0,0,0,0,0,0,0,0.00825,0,0,0,0,0,0,0,0,0,0,0,0,0,0,0,0,0,0,0,0,0,0,0,0,0,0,0,0,0
"k__Bacteria|p__Firmicutes|c__Clostridia|o__Eubacteriales|f__Oscillospiraceae|g__Drancourtella|s__Drancourtella_massiliensis|t__SGB4619",0,0,0,0,0,0,0,0,0,0,0,0,0.00411,0,0,0,0,0,0,0,0,0,0,0,0,0,0,0,0,0,0,0,0,0,0,0,0,0,0,0,0,0.14595
"k__Bacteria|p__Firmicutes|c__Clostridia|o__Eubacteriales|f__Oscillospiraceae|g__Dysosmobacter|s__Dysosmobacter_SGB15077|t__SGB15077",0,0,0,0,0,0,0,0,0,0,0,0,0,0,0,0,0,0,0,0,0,0.02412,0.04304,0,0,0,0,0,0,0,0,0,0,0,0,0,0,0,0,0,0,0
"k__Bacteria|p__Firmicutes|c__Clostridia|o__Eubacteriales|f__Oscillospiraceae|g__Dysosmobacter|s__Dysosmobacter_welbionis|t__SGB15078",0.11516,0.0246,0,0,0,0,0,0.00407,0,0.05631,0.06544,0.03759,0.01844,0,0,0.03168,0.08357,0.00254,0.00215,0.02198,0.01729,0.18986,0.04806,0,0.00454,0.02266,0.05147,0.00917,0,0.06229,0.33728,0.21402,0.26289,0.03187,0,0.00133,0.0051,0.28413,0.0394,0.03752,0.05226,0.70295
"k__Bacteria|p__Firmicutes|c__Clostridia|o__Eubacteriales|f__Oscillospiraceae|g__Faecalibacterium|s__Faecalibacterium_prausnitzii|t__SGB15316",1.27535,0.70713,1.10618,0.06929,0.37185,0.07419,0.25321,0.77615,0.7113,1.07534,1.50681,0.00018,0.0775,0.1365,0,4e-04,0.05441,1.20274,2.03844,0.60575,0.00308,0.00411,0.02322,2.96946,0.02627,1.00148,0.1108,0.27782,0,0.05531,0.27298,0.13335,3.62107,1.76424,0.41277,0.00092,1.4288,2.22489,0.03235,0.49791,0.99387,4.0504
"k__Bacteria|p__Firmicutes|c__Clostridia|o__Eubacteriales|f__Oscillospiraceae|g__Faecalibacterium|s__Faecalibacterium_prausnitzii|t__SGB15317",0.16632,0.14818,0.46574,0,0,0.00504,0.07237,0.09249,0.08455,0.56981,0.20977,0,0,0,0,0.001,0.01963,0.28568,0.47827,0,0,0,0,0,0,0,0,0,0,0,0,0,0,0,0.12253,0,0,0,0,0,0,0
"k__Bacteria|p__Firmicutes|c__Clostridia|o__Eubacteriales|f__Oscillospiraceae|g__Faecalibacterium|s__Faecalibacterium_prausnitzii|t__SGB15318",1.0548,0.91137,0.88587,0,0,1.78427,2.14153,2.50936,6.86388,0.04627,2.2403,0.01484,0.037,0,0,3.70461,0.11159,1.38889,2.5196,0,0,0.78559,0.08681,7.14204,0.83735,1.44733,0.32004,0,0,0.32188,1.06438,1.51117,0,0,4.60435,3.65068,0,0,0,0,0,0
"k__Bacteria|p__Firmicutes|c__Clostridia|o__Eubacteriales|f__Oscillospiraceae|g__Faecalibacterium|s__Faecalibacterium_prausnitzii|t__SGB15322",0,0,0,0,0,0,0,0,0,0,0,0,0,0,0,0,0,0,0,0,0,0,0,0,0,0,0,0,0,0,0,0,0,0,0,0,0,0,0,0,0,2.15525
"k__Bacteria|p__Firmicutes|c__Clostridia|o__Eubacteriales|f__Oscillospiraceae|g__Faecalibacterium|s__Faecalibacterium_prausnitzii|t__SGB15323",0.25415,0.49348,1.92078,0,0,0,0,2.96324,0.95587,9.38882,2.51843,0,0,0.83872,0.00383,0,7.48032,0,0,0,0,0,0,2.16939,10.22621,4.12905,2.13089,0,0,0.67741,0,0,3.48841,12.20648,0,0,0,0,0.83776,1.43881,8.05331,0
"k__Bacteria|p__Firmicutes|c__Clostridia|o__Eubacteriales|f__Oscillospiraceae|g__Faecalibacterium|s__Faecalibacterium_prausnitzii|t__SGB15332",2.13167,0.57252,1.53277,0,0,0.39775,0.81732,1.1147,0.3831,2.61844,4.99482,0.02285,0.31372,0.75409,0.00062,0.06554,0.93068,0.25361,10.41539,0,0,1.62391,0.07017,2.30241,0.13069,2.25487,0.65897,0,0,0.46892,0,0,0.00679,0.14908,1.87574,0.68899,0.04252,0.0487,0.05377,0.00263,0,0.00169
"k__Bacteria|p__Firmicutes|c__Clostridia|o__Eubacteriales|f__Oscillospiraceae|g__Faecalibacterium|s__Faecalibacterium_prausnitzii|t__SGB15342",2.73625,1.29684,4.22023,0.17988,0.55074,0.14811,1.23962,1.57384,1.22657,0.09298,0.02834,0,0.39428,0.00787,0,0.85244,0.04728,3.01241,3.00856,0.51233,0.30863,0.05805,0.04803,7.67533,2.65566,0.62266,0.04057,9.49311,0,0.06242,0,0,5.52345,1.218,0.27103,0.00245,4.65252,6.25813,0.12885,0.17457,5.11052,5.77217
"k__Bacteria|p__Firmicutes|c__Clostridia|o__Eubacteriales|f__Oscillospiraceae|g__Faecalibacterium|s__Faecalibacterium_SGB15346|t__SGB15346",0.18889,0.08906,0.80163,0,0,0.15698,1.69814,1.65872,3.25477,3.00293,0.70901,0.19725,0.20968,0.01079,0,0.44484,0.15111,1.08654,1.46578,2.70457,0.72225,0.01298,0.00722,3.24033,6.52055,1.05006,0.08491,0,0,0.12867,0.13365,1.04976,1.28876,1.59751,0.74175,0.00367,6.53062,4.14042,0.04188,0.16059,0.49404,4.26352
"k__Bacteria|p__Firmicutes|c__Clostridia|o__Eubacteriales|f__Oscillospiraceae|g__Faecalibacterium|s__Faecalibacterium_sp_CLA_AA_H233|t__SGB15315",0.00905,0,0,0,0,0,0,0,0,0,0,0,0,0,0,0,0,0.00158,0.0026,0,0,0,0,0,0,0,0,0,0,0,0,0,0,0,0.03126,0,0,0,0,0,0,0
"k__Bacteria|p__Firmicutes|c__Clostridia|o__Eubacteriales|f__Oscillospiraceae|g__Faecalibacterium|s__Faecalibacterium_sp_HTFF|t__SGB15340",0.06489,0.00661,0.34713,0,0,0,0,0.09319,0.36833,0.23562,0.65836,0,0,0,0,0,0,0,0,0,0,0,0,0,0,0,0,0,0,0.00882,0,0,0,0,0,0,0,0,0,0,0,0
"k__Bacteria|p__Firmicutes|c__Clostridia|o__Eubacteriales|f__Oscillospiraceae|g__Fastidiosipila|s__Fastidiosipila_sanguinis|t__SGB29515",0,0,0,0,0,0,0,0,0,0,0,0,0,0,0,0,0,0,0,0,0,0,0,0,0,0,0,0,0,0,0,0,0,0,0,0,0,0,0,0,0,0.00127
"k__Bacteria|p__Firmicutes|c__Clostridia|o__Eubacteriales|f__Oscillospiraceae|g__Flavonifractor|s__Flavonifractor_plautii|t__SGB15132",0.005,0.00142,0,0.01373,0,0.01371,0.00668,0.00182,0.01328,0.10995,0.05661,0.15175,0.3004,0.00637,0,0.03026,0.0481,0.03572,0.04664,0.13291,0.07197,0.09129,0.01748,0.00385,0.05076,0.02745,0.04297,0.49271,0,0.0559,0.06755,0.49891,0.30664,0.17626,0.00216,0.02811,0.16274,0.55047,0.01471,0.03936,0.03007,1.21763
"k__Bacteria|p__Firmicutes|c__Clostridia|o__Eubacteriales|f__Oscillospiraceae|g__Flavonifractor|s__Flavonifractor_SGB15137|t__SGB15137",0,0,0,0,0,0,0,0,0,0,0,0,0,0,0,0,0,0,0,0,0,0.00355,0,0,0,0,0,0,0,0,0,0,0,0,0,0,0,0,0,0,0,0
"k__Bacteria|p__Firmicutes|c__Clostridia|o__Eubacteriales|f__Oscillospiraceae|g__Flavonifractor|s__Flavonifractor_sp_An10|t__SGB15134",0,0,0,0,0,0,0,0,0,0,0,0,0,0,0,0,0,0,0,0,0,0.04914,0.04098,0,0,0,0,0,0,0,0,0,0,0,0,0,0,0,0.00126,0,0,0.00542
"k__Bacteria|p__Firmicutes|c__Clostridia|o__Eubacteriales|f__Oscillospiraceae|g__Flavonifractor|s__Flavonifractor_sp_An100|t__SGB15160",0,0,0,0,0,0,0,0,0,0,0,0,0,0,0,0,0,0,0,0,0,0,0,0,0,0,0,0,0,0,0,0,0,0,0,0,0,0,1e-04,0,0,0
"k__Bacteria|p__Firmicutes|c__Clostridia|o__Eubacteriales|f__Oscillospiraceae|g__Fournierella|s__Fournierella_massiliensis|t__SGB72786",0,0,0,0,0,0,0,0.00765,0.01004,0,0,0,0,0,0,0,0.00025,0,0.01308,0,0,0,0,0,0,0.00839,7e-04,0,0,0.01704,0.00194,0.01169,0,0,0,0,0,0,0,0,0,0
"k__Bacteria|p__Firmicutes|c__Clostridia|o__Eubacteriales|f__Oscillospiraceae|g__Fumia|s__Fumia_xinanensis|t__SGB25547",0,0,0,0,0,0.00024,0.00114,0,0,0,0,0,0,0,0,0,0,0,0,0,0,0,0,0,0,0.01271,0.04511,0,0,0,0,0,0,0,0,0,0,0.04408,0,0,0.00039,0
"k__Bacteria|p__Firmicutes|c__Clostridia|o__Eubacteriales|f__Oscillospiraceae|g__GGB13489|s__GGB13489_SGB15224|t__SGB15224",0.15356,0.12748,0,0,0,0,0,0.01112,0.00216,0,0,0,0,0,0,0,0.03239,0,0,0,0,0.04624,0.01417,0,0,0,0,0,0,0.11654,0,0,0,0,0,0,0,0,0.00766,0.00052,0,0
"k__Bacteria|p__Firmicutes|c__Clostridia|o__Eubacteriales|f__Oscillospiraceae|g__GGB13493|s__GGB13493_SGB15238|t__SGB15238",0.64337,0.96491,0,0,0,0,0,0.00011,0.00427,0,0,0.01258,0.39764,0,0,0,0.00471,0,0,0,0,0,0,0,0,0,0,0,0,0.01636,0,0,0,0,0,0,0,0,0.1789,0,0,0
"k__Bacteria|p__Firmicutes|c__Clostridia|o__Eubacteriales|f__Oscillospiraceae|g__GGB32900|s__GGB32900_SGB53446|t__SGB53446",0,0,0,0,0,0,0,0,0,0,0,0,0.17957,0,0,0,0,0,0,0,0,0,0,0,0,0,0,0,0,0,0,0,0,0,0,0,0,0,0,0,0,0
"k__Bacteria|p__Firmicutes|c__Clostridia|o__Eubacteriales|f__Oscillospiraceae|g__GGB3343|s__GGB3343_SGB4423|t__SGB4423",0,0,0,0,0,0,0,0.00198,0,0,0,0,0,0,0,0,0,0,0,0,0,0.00597,0,0,0,0,0,0,0,0,0,0,0,0,0,0,0,0,0,0,0,0
"k__Bacteria|p__Firmicutes|c__Clostridia|o__Eubacteriales|f__Oscillospiraceae|g__GGB3345|s__GGB3345_SGB4425|t__SGB4425_group",0,0,0,0.14654,0.04433,0,0,0.25939,0.52887,0,0,0,0,0,0,0,0.12895,0,0,0,0,0.00521,0,0.1229,0.38455,0,0,0,0,0.20889,0.09175,0.24355,0,0,0,0,0,0,0.48454,0.33285,0,0.90966
"k__Bacteria|p__Firmicutes|c__Clostridia|o__Eubacteriales|f__Oscillospiraceae|g__GGB33469|s__GGB33469_SGB15236|t__SGB15236",0.49623,0.81195,0.03321,0,0,0,0,0.04451,0.01817,0,0,0.04827,0.00163,0,0,0,0.20695,0.01265,0.00887,0,0,0,0,0,0,0,0,0,0,0.44487,0,0,0,0,8e-04,0,0,0,0.04793,0,0,0
"k__Bacteria|p__Firmicutes|c__Clostridia|o__Eubacteriales|f__Oscillospiraceae|g__GGB33469|s__GGB33469_SGB15237|t__SGB15237",0.00252,0.00497,0,0,0,0,0,0,0,0,0,0,0,0,0,0,0.00087,0,0,0,0,0,0,0,0,0,0,0,0,0,0,0,0,0,0,0,0,0,0,0,0,0
"k__Bacteria|p__Firmicutes|c__Clostridia|o__Eubacteriales|f__Oscillospiraceae|g__GGB34228|s__GGB34228_SGB53814|t__SGB53814",0.01014,0.0149,0,0,0,0,0,0,0,0,0,0,0,0,0,0,0,0,0,0,0,0,0,0,0,0,0,0,0,0,0,0,0,0,0,0,0,0,0,0,0,0
"k__Bacteria|p__Firmicutes|c__Clostridia|o__Eubacteriales|f__Oscillospiraceae|g__GGB34228|s__GGB34228_SGB72916|t__SGB72916",0.01265,0.01886,0.00043,0,0,0.00913,7e-05,0.00473,0.01373,0,0,0,0,0,0,0,0,0,0,0,0,0,0,0,0,0,0,0,0,0,0,0.00031,0,0,0,0,0,0,0.00243,0,0,0
"k__Bacteria|p__Firmicutes|c__Clostridia|o__Eubacteriales|f__Oscillospiraceae|g__GGB36331|s__GGB36331_SGB15121|t__SGB15121",0,0,0,0,0,0,0,0,0,0,0,0,0,0,0,0,0,0,0,0,0,0,0,0.00291,0.31834,0,0,0,0,0,0,0,0,0,0,2.11547,0,0,0,0,0.48319,0.00686
"k__Bacteria|p__Firmicutes|c__Clostridia|o__Eubacteriales|f__Oscillospiraceae|g__GGB36331|s__GGB36331_SGB53806|t__SGB53806",0,0,0,0,0,0,0,0,0,0,0,0,0,0,0,0,0,0,0,0,0,0,0,0,0,0,0,0,0,0,0,0,0,0,0,0,0,0.00026,0,0,0,0
"k__Bacteria|p__Firmicutes|c__Clostridia|o__Eubacteriales|f__Oscillospiraceae|g__GGB38744|s__GGB38744_SGB14842|t__SGB14842",0.0024,0,0,0,0,0,0,0.01102,0.00042,0,0,0.00876,0.05292,0,0,0,0.02164,0,0,0.01942,0,0.00594,0.01325,0.01284,0.15994,0,0,0,0,0,0,0,0,0,0,0,0,0.00272,0.00839,0.0418,0,0
"k__Bacteria|p__Firmicutes|c__Clostridia|o__Eubacteriales|f__Oscillospiraceae|g__GGB38987|s__GGB38987_SGB63305|t__SGB63305",0,0,0,0,0,0,0,0,0,0,0,0,0.00087,0,0,0,0,0,0,0,0,0,0,0,0,0,0,0,0,0,0.11335,0.00415,0,0,0,0,0,0,0,0,0,0
"k__Bacteria|p__Firmicutes|c__Clostridia|o__Eubacteriales|f__Oscillospiraceae|g__GGB45596|s__GGB45596_SGB63306|t__SGB63306",0,0,0,0.08734,0.00493,0,0,0,0,0,0,0,0,0,0,0,0,0,0,0,0,0,0,0,0,0,0,0,0,0,0,0,0,0,0,0,0,0,0,0,0,0
"k__Bacteria|p__Firmicutes|c__Clostridia|o__Eubacteriales|f__Oscillospiraceae|g__GGB45600|s__GGB45600_SGB63312|t__SGB63312",0,0,0,0,0,0,0,0,0,0,0,0,0,0,0,0,0,0,0,0,0,0,0,0,0,0,0,0,0,0,0,0,0,0,0,0,0,0,0,0,0,0.00107
"k__Bacteria|p__Firmicutes|c__Clostridia|o__Eubacteriales|f__Oscillospiraceae|g__GGB9237|s__GGB9237_SGB14179|t__SGB14179",0.00725,0.00225,0,0,0,0,0,0.00221,0,0,0,0.02718,0.0201,0,0,0,0,0,0,0,0,0,0,0,0,0,0.00076,0,0,0.02528,0,0,0,0,0.00076,0,0,0,0,0,0,0
"k__Bacteria|p__Firmicutes|c__Clostridia|o__Eubacteriales|f__Oscillospiraceae|g__GGB9452|s__GGB9452_SGB14843|t__SGB14843",0,0,0,0,0,0,0,0,0,0,0,0,0,0,0,0,0.00142,0,0,0,0,0,0,0,0,0,0,0,0,0,0,0,0,0,0,0,0,0,0.0032,0,0,0
"k__Bacteria|p__Firmicutes|c__Clostridia|o__Eubacteriales|f__Oscillospiraceae|g__GGB9453|s__GGB9453_SGB14844|t__SGB14844",0,0,0,0,0,0,0,0,0,0,0,0,0.09114,0,0,0,0,0,0,0,0,0.00694,0,0,0,0,0,0,0,0,0,0,0,0,0,0,0,0.00089,0,0,0,0.00412
"k__Bacteria|p__Firmicutes|c__Clostridia|o__Eubacteriales|f__Oscillospiraceae|g__GGB9453|s__GGB9453_SGB14845|t__SGB14845",0,0,0,0.1207,0,0,0,0,0,0,0,0.00478,0.11099,0,0,0,0,0,0,0,0,0.01105,0.00217,0,0,0,0,0,0,0,0,0,0,0,0,0,0.01,0.03035,0,0,0,0.02556
"k__Bacteria|p__Firmicutes|c__Clostridia|o__Eubacteriales|f__Oscillospiraceae|g__GGB9469|s__GGB9469_SGB14862|t__SGB14862",0,0,0,0,0,0,0,0,0,0,0,0,0.03179,0,0,0.0018,0,0,0,0,0,0.00067,0.00442,0,0,0,0,0,0,0,0,0,0,0,0,0,0,0,0,0,0,0
"k__Bacteria|p__Firmicutes|c__Clostridia|o__Eubacteriales|f__Oscillospiraceae|g__GGB9469|s__GGB9469_SGB14863|t__SGB14863",0,0,0,0,0,0,0,0,0,0,0,0,0,0,0,0,0,0,0,0,0,0,0,0,0,0,0,0,0,0,0,0,0,0,0,0,0,0.02295,0,0,0,0
"k__Bacteria|p__Firmicutes|c__Clostridia|o__Eubacteriales|f__Oscillospiraceae|g__GGB9589|s__GGB9589_SGB15011|t__SGB15011",0,0,0.0087,0,0,0,0,0,0,0,0,0,0,0,0,0,0,0,0,0,0,0,0,0,0,0,0,0,0,0,0,0,0,0,0,0,0,0,0,0,0,0
"k__Bacteria|p__Firmicutes|c__Clostridia|o__Eubacteriales|f__Oscillospiraceae|g__GGB9590|s__GGB9590_SGB15012|t__SGB15012",0,0,0.02572,0,0,0.00011,0.00582,0.00091,0.00288,0,0,0,0,0,0,0,0,0.03002,0.00767,0,0,0,0,0,0,0,0,0,0,0.01016,0,0,0,0,0,0,0,0,0,0,0,0
"k__Bacteria|p__Firmicutes|c__Clostridia|o__Eubacteriales|f__Oscillospiraceae|g__GGB9593|s__GGB9593_SGB15015|t__SGB15015",0.01289,0.00837,0.03734,0,0,0,0,0,0.00046,0,0,0,0,0,0,0,0,0.01159,0.02064,0,0,0,0,0,0,0,0,0,0,0,0,0,0,0,0,0,0,0,0,0,0,0
"k__Bacteria|p__Firmicutes|c__Clostridia|o__Eubacteriales|f__Oscillospiraceae|g__GGB9595|s__GGB9595_SGB15019|t__SGB15019",0.01428,0.01166,0,0,0,0,0,0.02752,0.01074,0,0,0,0,0,0,0,0,0.07491,0.01295,0,0,0,0,0,0,0,0,0,0,0,0,0,0,0,0,0,0,0,0,0,0,0
"k__Bacteria|p__Firmicutes|c__Clostridia|o__Eubacteriales|f__Oscillospiraceae|g__GGB9597|s__GGB9597_SGB15022|t__SGB15022",0.0055,0.0026,0.0113,0,0,0,0,0.02435,0.02524,0.0289,0.04076,0,0,0,0,0,0.01184,0,0,0,0,0,0,0,0,0,0,0,0,0,0,0,0,0,0,0,0,0,0,0,0,0
"k__Bacteria|p__Firmicutes|c__Clostridia|o__Eubacteriales|f__Oscillospiraceae|g__GGB9602|s__GGB9602_SGB15028|t__SGB15028",0.01382,0.01716,0,0,0,0,0,0.13617,0.03021,0,0,0,0,0,0,0,0.03709,0.06101,0.06421,0,0,0.00114,0.07295,0,0,0,0,0,0,0,0.09528,0.23686,0,0,0,0,0,0,0.00507,0.00241,0,0
"k__Bacteria|p__Firmicutes|c__Clostridia|o__Eubacteriales|f__Oscillospiraceae|g__GGB9602|s__GGB9602_SGB15031|t__SGB15031",0.0684,0.17735,0.00662,0,0,0,0,0.01769,0.01209,0,0,0.02108,0.01536,0,0,0,0.06068,0,0,0,0,0,0,0,0,0,0,0,0,0.80528,0,0,0,0,0,0,0,0,0.00015,0.00196,0,0
"k__Bacteria|p__Firmicutes|c__Clostridia|o__Eubacteriales|f__Oscillospiraceae|g__GGB9603|s__GGB9603_SGB15035|t__SGB15035",0,0.00346,0,0,0,0,0,0.07132,0.03413,0,0,0,0,0,0,0,0.00228,0.08734,0.03435,0,0,0,0,0,0,0,0,0,0,0.05673,0,0,0,0,0,0,0,0,0,0,0,0
"k__Bacteria|p__Firmicutes|c__Clostridia|o__Eubacteriales|f__Oscillospiraceae|g__GGB9608|s__GGB9608_SGB15041|t__SGB15041",0,0,0,0,0,0,0,0.17944,0.05087,0,0,0,0,0,0,0,0,0,0,0,0,0,0,0,0,0,0,0,0,0,0,0,0,0,0,0,0,0,0.18756,0.14564,0,0
"k__Bacteria|p__Firmicutes|c__Clostridia|o__Eubacteriales|f__Oscillospiraceae|g__GGB9608|s__GGB9608_SGB15042|t__SGB15042",0,0.00849,0,0,0,0,0,0,0,0,0,0,0,0,0,0,0,0,0,0,0,0,0,0,0,0,0,0,0,0,0,0,0,0,0,0,0,0,0,0,0,0
"k__Bacteria|p__Firmicutes|c__Clostridia|o__Eubacteriales|f__Oscillospiraceae|g__GGB9611|s__GGB9611_SGB15045|t__SGB15045",0,0,0,0,0,0,0,0,0,0,0,0,0,0,0,0,0,0,0,0,0,0,0,0,0,0,0,0,0,0.00287,0,0,0,0,0,0,0,0,0,0,0,0
"k__Bacteria|p__Firmicutes|c__Clostridia|o__Eubacteriales|f__Oscillospiraceae|g__GGB9614|s__GGB9614_SGB15049|t__SGB15049",0.05416,0,0.0033,0,0.00862,0,0.00035,0,0,0.09956,0.05671,0,0,0,0,0,0,0.00868,0.03089,0.00048,0,0,0.00395,0,0,0.00863,0.00525,0,0,0,0,0,0,0.00732,0,0,0,0,0,0,0,0
"k__Bacteria|p__Firmicutes|c__Clostridia|o__Eubacteriales|f__Oscillospiraceae|g__GGB9616|s__GGB9616_SGB15051|t__SGB15051",0,0,0.00395,0,0,0,0,0.00056,0.00078,0,0,0,0,0,0,0,0,0.01704,0.00416,0.01199,0,0,0,0,0,0,0,0,0,0,0,0,0,0,0,0,0,0,0,0,0,0
"k__Bacteria|p__Firmicutes|c__Clostridia|o__Eubacteriales|f__Oscillospiraceae|g__GGB9616|s__GGB9616_SGB15052|t__SGB15052",0.00273,0,0.00293,0,0,0.00292,0,0.00073,0.00103,0,0,0,0,0,0,0,0,0,0,0.01458,0,0,0,0,0,0.03141,0.00044,0,0,0,0,0,0,0,0.00572,0,0,0,0,0,0,0
"k__Bacteria|p__Firmicutes|c__Clostridia|o__Eubacteriales|f__Oscillospiraceae|g__GGB9618|s__GGB9618_SGB15064|t__SGB15064",0,0,0,0,0,0,0,0.01577,0.00844,0,0,0,0,0,0,0,0,0,0,0,0,0,0,0,0,0,0,0,0,0,0,0,0,0,0,0,0,0,0,0,0,0
"k__Bacteria|p__Firmicutes|c__Clostridia|o__Eubacteriales|f__Oscillospiraceae|g__GGB9618|s__GGB9618_SGB15065|t__SGB15065",0.08534,0.03358,0,0,0,0,0,0.00195,0.00346,0,0,0,0,0,0,0,0.00839,0,0,0.05956,0,0,0,0,0,8e-05,0.00125,0,0,0.02539,0,0,0,0,0,0,0,0,0,0,0,0
"k__Bacteria|p__Firmicutes|c__Clostridia|o__Eubacteriales|f__Oscillospiraceae|g__GGB9619|s__GGB9619_SGB15067|t__SGB15067",0,0,0,0,0,0,0,0,0,0,0,0,0,0,0,0,0,0,0,0,0,0,0,0,0,0,0,0,0,0.00175,0,0,0,0,0,0,0,0,0,0,0,0.01624
"k__Bacteria|p__Firmicutes|c__Clostridia|o__Eubacteriales|f__Oscillospiraceae|g__GGB9620|s__GGB9620_SGB15068|t__SGB15068",0,0,0,0,0,0,0,0,0,0,0,0,0,0,0,0,0,0,0,0,0,0,0,0,0.00964,0,0,0,0,0,0,0,0,0,0,0,0,0,0,0,0,0
"k__Bacteria|p__Firmicutes|c__Clostridia|o__Eubacteriales|f__Oscillospiraceae|g__GGB9621|s__GGB9621_SGB15072|t__SGB15072",0,0,0,0,0,0,0,0,0,0,0,0,0,0,0,0,0,0,0,0,0,0,0,0,0,0,0,0,0,0,0.57669,0.03957,0,0,0,0,0,0,0,0,0,0
"k__Bacteria|p__Firmicutes|c__Clostridia|o__Eubacteriales|f__Oscillospiraceae|g__GGB9621|s__GGB9621_SGB15073|t__SGB15073",0.02226,0.00279,0,0,0,0,0,0,0,0.02531,0.00648,0,0,0,0,0,0,0,0,0,0,0,0,0,0,0,0,0,0,0,0,0,0,0,0,0,0,0,0.00352,0,0,0
"k__Bacteria|p__Firmicutes|c__Clostridia|o__Eubacteriales|f__Oscillospiraceae|g__GGB9623|s__GGB9623_SGB15075|t__SGB15075",0.06886,0.00637,0,0,0,0,0,0,0,0,0,0,0,0,0,0,0,0,0,0,0,0,0,0,0,0,0,0,0,0,0,0,0,0,0,0,0,0,0,0,0,0
"k__Bacteria|p__Firmicutes|c__Clostridia|o__Eubacteriales|f__Oscillospiraceae|g__GGB9627|s__GGB9627_SGB15081|t__SGB15081",0.08906,0.05157,0.01563,0,0,0,0.00726,0.00446,0.05072,0.36777,0.03223,0,0,0.0011,0,0,0.29503,0.30817,0.07353,0,0,0,0,0,0,0,0,0,0,0.00779,0.01284,0.1091,0,0,0.01645,0.1204,0,0,0.20726,0,0,0
"k__Bacteria|p__Firmicutes|c__Clostridia|o__Eubacteriales|f__Oscillospiraceae|g__GGB9628|s__GGB9628_SGB15082|t__SGB15082",0,0,0,0,0,0,0,0.00498,0.00773,0,0,0,0,0,0,0,0.00126,0,0,0,0,0,0,0,0,0,0,0,0,0,0,0,0,0,0,0,0,0,0,0,0,0
"k__Bacteria|p__Firmicutes|c__Clostridia|o__Eubacteriales|f__Oscillospiraceae|g__GGB9634|s__GGB9634_SGB15093|t__SGB15093",0.06344,0.17433,0.02119,0,0,0,0,0.03473,0.00501,0,0,0,0,0,0,0,0.07844,0,0,0,0,0,0,0,0,0.07131,0.14754,0,0,0.3048,2.6146,3.63025,0,0,0.00805,0,0,0,0,0,0,0
"k__Bacteria|p__Firmicutes|c__Clostridia|o__Eubacteriales|f__Oscillospiraceae|g__GGB9634|s__GGB9634_SGB15095|t__SGB15095",0,0,0,0,0,0,0,0,0,0,0,0,0,0,0,0.04016,0.47824,0,0,0,0,0,0,0,0,0,0,0,0,0.08255,0,0,0,0,0,0,0,0,0,0,0,0
"k__Bacteria|p__Firmicutes|c__Clostridia|o__Eubacteriales|f__Oscillospiraceae|g__GGB9634|s__GGB9634_SGB15097|t__SGB15097",0.01321,0.05621,0.00084,0,0,0,0,0,0,0,0,0,0,0,0,0,0,0,0,0,0,0,0,0,0,0,0,0,0,0.00597,0,0,0,0,0,0,0,0,0,0,0,0
"k__Bacteria|p__Firmicutes|c__Clostridia|o__Eubacteriales|f__Oscillospiraceae|g__GGB9634|s__GGB9634_SGB15099|t__SGB15099",0.02871,0.00377,0,0,0,0,0,0,0,0,0,0,0,0,0,0,0,0,0,0,0,0,0,0,0,0,0,0,0,0,0,0,0,0,0,0,0,0,0,0,0,0
"k__Bacteria|p__Firmicutes|c__Clostridia|o__Eubacteriales|f__Oscillospiraceae|g__GGB9634|s__GGB9634_SGB15101|t__SGB15101",0.04004,0.20325,0.05493,0,0,0,0,0.43777,0.07943,0,0,0,0,0,0,0,0.26861,0,0,0,0,0,0,0,0,0,0,0,0,0.04322,0,0,0,0,0,0,0,0,0.12696,0,0,0
"k__Bacteria|p__Firmicutes|c__Clostridia|o__Eubacteriales|f__Oscillospiraceae|g__GGB9635|s__GGB9635_SGB15102|t__SGB15102",0,0,0.01999,0,0,0,0,0,0,0,0,0,0,0,0,0,0,0,0,0,0,0,0,0,0,0,0,0,0,1.06645,0,0,0,0,0,0,0,0,0,0,0,0
"k__Bacteria|p__Firmicutes|c__Clostridia|o__Eubacteriales|f__Oscillospiraceae|g__GGB9635|s__GGB9635_SGB15103|t__SGB15103",0.94488,0.60735,0,0,0,0,0,0.05171,0.04961,0,0,0,0,0,0,0,0.0686,0,0,0,0,0,0,0,0,0,0,0,0,0.18835,0,0,0,0,0,0,0,0,0.29008,0.603,0,0
"k__Bacteria|p__Firmicutes|c__Clostridia|o__Eubacteriales|f__Oscillospiraceae|g__GGB9635|s__GGB9635_SGB15106|t__SGB15106",0,0,0.07047,0,0,0,0,2.15095,0.26182,0,0,0.60265,0.05318,0,0,0,0.2296,0.0168,0.0352,0,0,0,0,0,0,0,0.00731,0,0,2.25443,0.06241,0.01784,0,0,0.00469,0.02475,0,0,0,0,0,0
"k__Bacteria|p__Firmicutes|c__Clostridia|o__Eubacteriales|f__Oscillospiraceae|g__GGB9636|s__GGB9636_SGB15107|t__SGB15107",0.01953,0.61662,0,0,0,0,0,0,0,0,0,0,0,0,0,0,0.42699,0,0,0,0,0,0,0,0,0,0,0,0,1.6864,0,0,0,0,0,0.02135,0,0,0.00741,0.00042,0,0
"k__Bacteria|p__Firmicutes|c__Clostridia|o__Eubacteriales|f__Oscillospiraceae|g__GGB9636|s__GGB9636_SGB15108|t__SGB15108",0,0,0,0,0,0,0,0,0,0,0,0,0,0,0,0,0,0,0,0,0,0,0,0,0,0,0,0,0,1.19434,0,0,0,0,0,0,0,0,0,0,0,0
"k__Bacteria|p__Firmicutes|c__Clostridia|o__Eubacteriales|f__Oscillospiraceae|g__GGB9636|s__GGB9636_SGB15109|t__SGB15109",0,0,0,0,0,0,0,0.0428,0,0,0,0,0,0,0,0,0.00441,0,0,0,0,0,0,0,0,0,0,0,0,0,0,0,0,0,0,0,0,0,0,0,0,0
"k__Bacteria|p__Firmicutes|c__Clostridia|o__Eubacteriales|f__Oscillospiraceae|g__GGB9637|s__GGB9637_SGB15111|t__SGB15111",0.13359,0.08847,0.00096,0,0,0,0,0,0,0,0,0,0,0,0,0,0.00038,0,0,0,0,0,0,0,0,0,0,0,0,0,0,0,0,0,0,0,0,0,0,0,0,0
"k__Bacteria|p__Firmicutes|c__Clostridia|o__Eubacteriales|f__Oscillospiraceae|g__GGB9640|s__GGB9640_SGB15115|t__SGB15115",0,0,0,0,0,0,0,0,0,0,0,0,0,0,0,0,0.04517,0,0,0,0,0,0,0,0,0,0,0,0,0,0,0,0,0,0,0,0,0,0,0,0,0
"k__Bacteria|p__Firmicutes|c__Clostridia|o__Eubacteriales|f__Oscillospiraceae|g__GGB9642|s__GGB9642_SGB15119|t__SGB15119",0,0,0.01074,0,0,0,0,0.74936,0.34402,0.10069,0,0,0,0,0,0,2.32086,0,0,0,0,0,0,0,0,0,0,0,0,0,0,0,0,0,0,0,0,0,0,0,0,0
"k__Bacteria|p__Firmicutes|c__Clostridia|o__Eubacteriales|f__Oscillospiraceae|g__GGB9646|s__GGB9646_SGB15123|t__SGB15123",0.00482,0.00134,0,0,0,0,0,0.00141,0,0,0,0,0,0,0,0,0,0,0,0,0,0,0,0,0,0,0,0,0,0,0,0,0,0,0,0,0,0,0,0,0,0
"k__Bacteria|p__Firmicutes|c__Clostridia|o__Eubacteriales|f__Oscillospiraceae|g__GGB9667|s__GGB9667_SGB15164|t__SGB15164",0,0.01727,0,0,0,0,0,0,0,0,0,0,0,0,0,0,0,0,0,0,0,0,0,0,0,0,0,0,0,0,0.04529,0.01273,0,0,0,0,0,0,0.00264,0,0,0
"k__Bacteria|p__Firmicutes|c__Clostridia|o__Eubacteriales|f__Oscillospiraceae|g__GGB9699|s__GGB9699_SGB15216|t__SGB15216",0.2273,0.12854,0.02088,0.02321,0,3e-04,0.02654,0,0,0,0,0.28345,0,0,0,0.02034,0,0.08029,0.04782,0.04167,0.00289,0.22651,0.02603,0,0,0.07075,0.09429,0,0,0.4094,0.23161,0.09602,0,0,0.01295,0,0,0,0.00057,0.00222,0.12105,0
"k__Bacteria|p__Firmicutes|c__Clostridia|o__Eubacteriales|f__Oscillospiraceae|g__GGB9707|s__GGB9707_SGB15229|t__SGB15229",0.11215,0.17375,0.02361,0,0,0.00908,0.00646,0.00745,0.02233,0,0,0.0018,0.00472,0,0,0,0.01794,0.18129,0.16444,0,0,0,0,0,0,0.08524,0.00888,0,0,0.04772,0.02919,0.20541,0,0,0.00352,0.02694,0,0,0.00027,0,0,0
"k__Bacteria|p__Firmicutes|c__Clostridia|o__Eubacteriales|f__Oscillospiraceae|g__GGB9708|s__GGB9708_SGB15233|t__SGB15233",0,0,0,0,0,0,0,0.05679,0.00479,0,0,0,0,0,0,0,0,0,0,0,0,0,0,0,0,0,0,0,0,0.2937,0,0,0,0,0,0,0,0,0.16309,0,0,0
"k__Bacteria|p__Firmicutes|c__Clostridia|o__Eubacteriales|f__Oscillospiraceae|g__GGB9708|s__GGB9708_SGB15234|t__SGB15234",0.13552,0.0613,0.15384,0,0,0,0,0.4257,0.02266,0,0,0,0,0,0,0.25992,0.31929,0.03031,0.00975,0.00335,0,0,0,0,0,0.02025,0.02943,0,0,1.60564,0.05777,0.49762,0,0,0.00052,0,0,0,0.00481,0,0,0
"k__Bacteria|p__Firmicutes|c__Clostridia|o__Eubacteriales|f__Oscillospiraceae|g__GGB9708|s__GGB9708_SGB15235|t__SGB15235",0,0,0,0,0,0,0,0,0,0,0,0,0,0,0,0,0,0,0,0,0,0,0,0,0,0,0,0,0,0.01772,0,0,0,0,0,0,0,0,0,0,0,0
"k__Bacteria|p__Firmicutes|c__Clostridia|o__Eubacteriales|f__Oscillospiraceae|g__GGB9710|s__GGB9710_SGB15239|t__SGB15239",0.01023,0.02054,0,0,0,0,0,0.00059,0.00523,0,0,0,0,0,0,0,0.52912,0,0,0,0,0,0,0,0,0,0,0,0,0.06567,0,0,0,0,0.08365,0,0,0,0,0,0,0
"k__Bacteria|p__Firmicutes|c__Clostridia|o__Eubacteriales|f__Oscillospiraceae|g__GGB9715|s__GGB9715_SGB15260|t__SGB15260",0.28003,0.97983,0.21882,0,0,0.22635,0.11803,0.00901,0.03116,0,0,0,0,0.05399,0,1.42712,0.36252,0.19168,0.18005,0,0,1.1817,0.08154,0,0,2.58923,0.53165,0,0,0.25066,1.26264,0.02557,0,0,0.13691,0.01888,0,0,0.44466,0.12912,0,0
"k__Bacteria|p__Firmicutes|c__Clostridia|o__Eubacteriales|f__Oscillospiraceae|g__GGB9715|s__GGB9715_SGB15265|t__SGB15265",0.01475,0.60853,0.02415,0,0,0,0,0.00104,0,0,0,0.05588,0.38148,0,0,0,0,0,0,0,0,0.0051,0.00479,0,0,0,0,0,0,0.04898,0,0.02689,0,0,0,0,0,0,0,0,0,0
"k__Bacteria|p__Firmicutes|c__Clostridia|o__Eubacteriales|f__Oscillospiraceae|g__GGB9715|s__GGB9715_SGB15266|t__SGB15266",0,0,0,0,0,0,0,0,0,0,0,0,0,0,0,0,0,0,0,0,0,0,0,0,0,0,0,0,0,0.00119,0,0,0,0,0,0,0,0,0,0,0,0
"k__Bacteria|p__Firmicutes|c__Clostridia|o__Eubacteriales|f__Oscillospiraceae|g__GGB9715|s__GGB9715_SGB15267|t__SGB15267",0.0029,0.05086,0,0,0,0,0,0.08906,0.00768,0,0,0,0,0,0,0,0,0,0,0,0,0,0,0,0,0,0,0,0,0,0,0,0,0,0,0,0,0,0,0,0,0
"k__Bacteria|p__Firmicutes|c__Clostridia|o__Eubacteriales|f__Oscillospiraceae|g__GGB9724|s__GGB9724_SGB15278|t__SGB15278",0,0,0,0,0,0,0,0,0,0,0,0,0,0,0,0,0,0,0,0,0,0.12158,0.04178,0,0,0,0,0,0,0.0269,0,0,0,0,0,0,0,0,0,0,0,0.06388
"k__Bacteria|p__Firmicutes|c__Clostridia|o__Eubacteriales|f__Oscillospiraceae|g__GGB9730|s__GGB9730_SGB15290|t__SGB15290",0,0,0,0,0,0,0,0,0,0,0,0,0,0,0,0,0,0,0,0,0,0,0,0,0,0,0,0,0,0,0,0,0,0,0,0,0,0,0,0,0,1.59263
"k__Bacteria|p__Firmicutes|c__Clostridia|o__Eubacteriales|f__Oscillospiraceae|g__GGB9730|s__GGB9730_SGB15291|t__SGB15291",0.22697,0.11576,0.22964,0,0,0,0,0.20505,0.12416,0.06508,0.07723,0.00877,0.10501,0,0,0.0012,0.19925,0.70218,0.27655,0,0,0.39596,0.1575,0,0,0.59755,0.2204,0,0,0.12897,0.05559,0.10731,0.01596,0.10882,0.26889,0,0,0,1.04178,0.06678,0,2.71131
"k__Bacteria|p__Firmicutes|c__Clostridia|o__Eubacteriales|f__Oscillospiraceae|g__GGB9743|s__GGB9743_SGB15349|t__SGB15349",0,0,0,0,0,0,0,0,0,0,0,0,0,0,0,0.00986,0,0,0,0.00112,0,0.00663,0,0,0,0,0,0.00712,0,0,0,0,0,0,0.00832,0,0,0,0,0,0,0
"k__Bacteria|p__Firmicutes|c__Clostridia|o__Eubacteriales|f__Oscillospiraceae|g__Hydrogeniiclostridium|s__Hydrogeniiclostridium_mannosilyticum|t__SGB14890",0,0,0,0,0,0,0,0,0,0,0,0,0.00166,0,0,0,0,0.00164,0.00145,0,0,0.01835,0.0584,0,0,0.02151,0.03762,0.00088,0,0.00102,0.00221,0,0,0,0,0,0,0,0.00151,0.00068,0,0
"k__Bacteria|p__Firmicutes|c__Clostridia|o__Eubacteriales|f__Oscillospiraceae|g__Hydrogenoanaerobacterium|s__Hydrogenoanaerobacterium_saccharovorans|t__SGB15350",0.08911,0.0417,0.01539,0,0,0,0,0.01433,0.00025,0.01603,0,0.01891,0.01527,0,0,0,0.01041,0.01816,0.01789,0,0,0,0,0.00186,0.00149,0,0,0,0,0,0,0.0017,0,0,0,0.01213,0,0,0.00719,0.00802,0.00342,0
"k__Bacteria|p__Firmicutes|c__Clostridia|o__Eubacteriales|f__Oscillospiraceae|g__Lawsonibacter|s__Lawsonibacter_asaccharolyticus|t__SGB15154",0.03211,0,0,0.00351,0,0.12851,0.0067,0.05524,0.03131,0.17086,0.00473,0.02969,0.03047,0,0,0.02005,0.00038,0.00528,0.0076,0.16181,0.00103,0.26506,0.08566,0,0.01176,0.00891,0.00234,0.00192,0,0.16817,0.02955,0.02785,0,0,0,0.00017,0.00644,0.23722,0.02752,0,0.02754,0
"k__Bacteria|p__Firmicutes|c__Clostridia|o__Eubacteriales|f__Oscillospiraceae|g__Lawsonibacter|s__Lawsonibacter_hominis|t__SGB15131",0,0.00096,0,0,0,0,0,0.00059,0,0,0,0.0182,0.10236,0,0,0,0,0,0,0,0,0.00444,0.00242,0,0,0,0,0,0,0.01218,0,0,0,0,0,0,0,0,0.00822,0.00157,0,0
"k__Bacteria|p__Firmicutes|c__Clostridia|o__Eubacteriales|f__Oscillospiraceae|g__Lawsonibacter|s__Lawsonibacter_SGB15145|t__SGB15145",0.00114,0,0.00525,0,0,0,0,0,0.00281,0.00792,0.0374,0,0,0,0,0,0,0,0,0,0,0,0,0,0,0,0,0,0,0,0,0.00697,0,0,0,0,0,0,0,0.00326,0,0
"k__Bacteria|p__Firmicutes|c__Clostridia|o__Eubacteriales|f__Oscillospiraceae|g__Ligaoa|s__Ligaoa_zhengdingensis|t__SGB14839",0,0,0,0,0,0,0,0,0,0,0,0,0,0,0,0,0,0,0,0,0,0.00587,0.00878,0,0,0,0,0,0,0,0,0,0,0,0,0,0,0,0.00032,0,0,0
"k__Bacteria|p__Firmicutes|c__Clostridia|o__Eubacteriales|f__Oscillospiraceae|g__Massiliimalia|s__Massiliimalia_massiliensis|t__SGB29347",0.00092,0,0.00093,0,0,0,0,0.00231,0.00043,0,0,0,0.00135,0,0,0,0.0033,0.0034,0.00048,0,0,0,0,0,0,0,0,0,0,0.00353,0.01067,0.00693,0,0,0.00023,0,0,0,0,0,0,0
"k__Bacteria|p__Firmicutes|c__Clostridia|o__Eubacteriales|f__Oscillospiraceae|g__Massiliimalia|s__Massiliimalia_timonensis|t__SGB7253",0,0,0,0,0,0,0,0,0,0,0,0,0.00052,0,0,0.00322,0.00106,0.00776,0.00656,0,0,0,0,0,0,0.0067,0.00293,0,0,0.00012,0.00349,6e-04,0,0,0,0.00659,7e-04,0.0081,0.00043,0.00074,0.02352,0
"k__Bacteria|p__Firmicutes|c__Clostridia|o__Eubacteriales|f__Oscillospiraceae|g__Monoglobus|s__Monoglobus_pectinilyticus|t__SGB4166",0,0,0,0,0,0,0,0.07841,0,0,0,0,0,0,0,0,0,0,0,0,0,0,0,0,0,0,0,0,0,0,0,0,0.01502,0.39413,0,0,0,0,0,0,0,0.33945
"k__Bacteria|p__Firmicutes|c__Clostridia|o__Eubacteriales|f__Oscillospiraceae|g__Neobittarella|s__Neobittarella_massiliensis|t__SGB7264",0,0,0.00026,0,0,0,0,0,0,0.00254,0.00396,0,0,0,0,0,0.00298,0.00011,0.00044,0.01012,0.0262,0,0.00326,0,0,0.00147,0.00203,0,0,0,0.01116,0.00338,0,0,0,0,0,0,0,0.01134,0,0
"k__Bacteria|p__Firmicutes|c__Clostridia|o__Eubacteriales|f__Oscillospiraceae|g__Oscillibacter|s__Oscillibacter_sp_ER4|t__SGB15254",0.969,0.66055,0.24087,0,0.03787,0,0,0.73068,0.35634,1.1779,0.57655,0.85677,0.90405,0.04787,0,0.34378,1.18858,0.4503,0.40768,0,0,2.68455,0.09484,0.00926,0.28503,0.93877,0.04263,0,0,1.73515,0.11709,0.30659,0.03527,0.42623,0.75358,0.01339,0,0,0.2584,0.07175,0,0
"k__Bacteria|p__Firmicutes|c__Clostridia|o__Eubacteriales|f__Oscillospiraceae|g__Oscillibacter|s__Oscillibacter_sp_MSJ_31|t__SGB15249",0.47723,0.91473,0.03669,0,0,0.01842,0.01197,0.27455,0.05953,0,0,0,0,0,0,0,0.30916,0.02359,0.0205,0.08577,0,0.01768,0.06337,0,0,0,0,0,0,0.39963,0,0.02945,0,0,0,0.00399,0,0,0.03414,0.13398,0,0
"k__Bacteria|p__Firmicutes|c__Clostridia|o__Eubacteriales|f__Oscillospiraceae|g__Oscillibacter|s__Oscillibacter_sp_PC13|t__SGB7258",0.00099,0,0,0,0,0,0,0,0,0,0,0,0,0,0,0,0,0,0,0,0,0,0,0,0,0,0,0,0,0,0,0,0,0,0,0,0,0,0,0,0,0
"k__Bacteria|p__Firmicutes|c__Clostridia|o__Eubacteriales|f__Oscillospiraceae|g__Oscillibacter|s__Oscillibacter_valericigenes|t__SGB15053",0.07382,0.4149,0.03285,0,0,0.04321,0.05213,0.03648,0.01926,0.08933,0.29127,0.16919,0.04906,0.00974,0,0.00262,0.02404,0.01256,0.01736,0.08878,0.06542,0.08689,0.02432,0,0,0,0,0,0.00237,0.35069,0,0.06102,0.0338,0.01749,0.00045,0.00277,0,0,0.00949,0.00142,0,0.00169
"k__Bacteria|p__Firmicutes|c__Clostridia|o__Eubacteriales|f__Oscillospiraceae|g__Oscillibacter|s__Oscillibacter_valericigenes|t__SGB15076",0,0,0,0,0,0,0,0,0,0,0,0.00259,0,0,0,0,0,0,0,0,0,0.11044,0.11072,0,0,0,0,0,0,0,0,0,0,0,0,0,0,0,0.00373,0,0,0.29537
"k__Bacteria|p__Firmicutes|c__Clostridia|o__Eubacteriales|f__Oscillospiraceae|g__Oscillibacter|s__Oscillibacter_valericigenes|t__SGB15124",0.00057,0.00093,0,0.00404,0,0,0,0,0,0,0,0.00038,0,0,0,0,0,0.00011,0,0.00457,0,0.00635,0.0132,0,0,0.00028,0,0,0,0.00602,0.00944,0.01676,0,0,0,0,0,0.14473,0,0,0.00548,0
"k__Bacteria|p__Firmicutes|c__Clostridia|o__Eubacteriales|f__Oscillospiraceae|g__Oscillospiraceae_unclassified|s__Clostridium_leptum|t__SGB14853",0.44414,0.0691,0,0.02971,0,0,0,0.01098,0,0,0,0,0.04432,0,0,0.07635,0.00414,0.0228,0.12357,0,0,0.01392,0.17944,0,0,0.25161,0.01606,0.14164,0,0.13736,0.21741,0.0279,0,0,0.00135,0.42558,0.02627,2.52519,0.00351,0.00161,0.00305,0.036
"k__Bacteria|p__Firmicutes|c__Clostridia|o__Eubacteriales|f__Oscillospiraceae|g__Oscillospiraceae_unclassified|s__Clostridium_leptum|t__SGB7259",0,0,0,0.0198,0,0,0,0,0,0,0,0,0.00412,0,0,0,0,0,0,0,0,0.00084,0.00367,0,0,0,0,0,0,0.00066,0.01293,0.00372,0,0,0,0,0,0,0,0,0,4e-04
"k__Bacteria|p__Firmicutes|c__Clostridia|o__Eubacteriales|f__Oscillospiraceae|g__Oscillospiraceae_unclassified|s__Clostridium_methylpentosum|t__SGB14962",0,0,0,0,0,0,0,0,0,0,0,0.00817,0.01297,0,0,0,0,0,0,0,0,0.00234,0.00173,0,0.001,0.00096,0.00047,0,0,0,0,0,0,0,0,0,0,0,0,0,0,0
"k__Bacteria|p__Firmicutes|c__Clostridia|o__Eubacteriales|f__Oscillospiraceae|g__Oscillospiraceae_unclassified|s__Eubacterium_siraeum|t__SGB4198",0.00521,0.27822,0,0,0,0,0,0.8365,0.09413,0,0,0.0831,0.60517,0,0,0,0.08586,0,0,0,0,0,0,0,0,0.00913,0.01367,0,0,0.75176,0,0,0,0,0,0,0,0,0,0.03424,0,0.30015
"k__Bacteria|p__Firmicutes|c__Clostridia|o__Eubacteriales|f__Oscillospiraceae|g__Oscillospiraceae_unclassified|s__Oscillospiraceae_bacterium_CLA_AA_H250|t__SGB14861",0.33546,1.44614,0.11821,0,0,0.32209,0.03172,1.01148,0.22965,0.04952,0.69521,0,0,0,0,0.02637,0.10167,0.26442,0.18279,0.62791,0.23425,0.05313,0.02258,0,0,0,0,0,0,0.70284,1.32257,0.39973,0,0,0.11811,0.54866,0,0,0.08817,0.02574,0.26928,0
"k__Bacteria|p__Firmicutes|c__Clostridia|o__Eubacteriales|f__Oscillospiraceae|g__Oscillospiraceae_unclassified|s__Oscillospiraceae_bacterium_Marseille_Q3528|t__SGB4778",0.00713,0.00654,0,0,0,0,0,0.03067,0.0242,0.00553,0.00996,0,0.02043,0.00132,0,0.02342,0.05423,0.03279,0.04449,0.10406,0.04198,0.01128,0.00229,0,0,0,0,0,0,0.01103,0.00486,0.01346,0.01115,0.07816,0.01526,0,0,0,0,0,0,0.03498
"k__Bacteria|p__Firmicutes|c__Clostridia|o__Eubacteriales|f__Oscillospiraceae|g__Oscillospiraceae_unclassified|s__Oscillospiraceae_bacterium|t__SGB15225",0.15334,0.11797,0,0,0,0,0,0.00653,0.00202,0,0,0.1061,0.03089,0,0,0,0.00915,0.0288,0.02042,0,0,0.01008,0.02649,0,0,0.0467,0.00155,0,0,0.06579,0,0.00695,0,0,0.00047,0.00134,0,0,0.00801,0.00841,0,0
"k__Bacteria|p__Firmicutes|c__Clostridia|o__Eubacteriales|f__Oscillospiraceae|g__Oscillospiraceae_unclassified|s__Oscillospiraceae_bacterium|t__SGB4184",0,0,0,0,0,0,0,0,0,0,0,0,0.04947,0,0,0,0,0,0,0,0,0,0,0,0,0,0,0,0,0,0,0,0,0,0,0,0,0,0,0.08938,0,0
"k__Bacteria|p__Firmicutes|c__Clostridia|o__Eubacteriales|f__Oscillospiraceae|g__Oscillospiraceae_unclassified|s__Oscillospiraceae_unclassified_SGB15252|t__SGB15252",0.00707,0.01149,0,0,0,0.78612,0.34781,0.00019,0,0.04823,0,0,0,0,0,0,0.00121,0.36367,0.34352,0,0,0,0,0,0,0,0,0,0,0,0,0,0,0,0,0,0,0,0,0,0,0
"k__Bacteria|p__Firmicutes|c__Clostridia|o__Eubacteriales|f__Oscillospiraceae|g__Oscillospiraceae_unclassified|s__Oscillospiraceae_unclassified_SGB15253|t__SGB15253",0,0,0,0,0,0,0,0,0,0,0,0,0,0,0,0,0.00382,0,0,0,0,0,0,0,0,0,0,0,0,0,0,0,0,0,0,0,0,0,0,0,0,0
"k__Bacteria|p__Firmicutes|c__Clostridia|o__Eubacteriales|f__Oscillospiraceae|g__Oscillospiraceae_unclassified|s__Oscillospiraceae_unclassified_SGB15256|t__SGB15256",0.012,0.00978,0,0,0,0,0,0,0,0,0,0,0,0.00388,0,0,0.12343,0.0085,0.00215,0.9514,0.03775,0,0,0,0,0,0,0,0,0.01094,0,0,0,0,0,0,0,0,0,0,0,0
"k__Bacteria|p__Firmicutes|c__Clostridia|o__Eubacteriales|f__Oscillospiraceae|g__Oscillospiraceae_unclassified|s__Oscillospiraceae_unclassified_SGB15257|t__SGB15257",0,0,0,0,0,0,0,0,0,0,0,0,0,0,0,0,0.06692,0,0,0,0,0,0,0,0,0,0,0,0,0,0,0,0,0,0,0,0,0,0,0,0,0
"k__Bacteria|p__Firmicutes|c__Clostridia|o__Eubacteriales|f__Oscillospiraceae|g__Oscillospiraceae_unclassified|s__Oscillospiraceae_unclassified_SGB4196|t__SGB4196",0,0,0,0,0,0,0,0,0,0,0,0,0,0,0,0,0,0,0,0,0,0.0586,0.00041,0,0,0,0,0,0,0,0,0,0,0,0,0,0,0,0,0.00305,0,0
"k__Bacteria|p__Firmicutes|c__Clostridia|o__Eubacteriales|f__Oscillospiraceae|g__Phocea|s__Phocea_massiliensis|t__SGB14837",0.00131,0.00218,0,0,0,0,0,0.00107,0,0,0,0.00512,0,0,0,0.01116,0.00511,0,0,0,0,0,0,0,0,0.01058,0,0.00313,0,0.00146,0.00014,0,0,0,0.00167,0,0,0.03137,0,0,0,0
"k__Bacteria|p__Firmicutes|c__Clostridia|o__Eubacteriales|f__Oscillospiraceae|g__Provencibacterium|s__Provencibacterium_massiliense|t__SGB14838",0,0,0,0,0,0,0,0.00222,0,0,0,0.00252,0.00973,0,0,0,0,0,0,0,0,0.00095,0,0,0,0,0,0,0,0.00086,0,0,0,0,0,0,0,0,0.00121,0.0032,0,0
"k__Bacteria|p__Firmicutes|c__Clostridia|o__Eubacteriales|f__Oscillospiraceae|g__Pseudoflavonifractor|s__Pseudoflavonifractor_capillosus|t__SGB15140",0,0,0,0,0,0,0,0,0,0,0,0,0.00052,0,0,0,0,0,0,0,0,0,0,0,0,0,0,0,0,0,0,0,0,0,0,0,0,0,0,0,0,0.03967
"k__Bacteria|p__Firmicutes|c__Clostridia|o__Eubacteriales|f__Oscillospiraceae|g__Pseudoflavonifractor|s__Pseudoflavonifractor_capillosus|t__SGB15156",0,0,0,0,0,0,0,0,0,0,0,0,0.00372,0,0,0,0,0,0,0,0,0.15329,0.05175,0,0,0,0,0,0,0,0,0,0,0,0,0,0,0,0,0,0,0.12602
"k__Bacteria|p__Firmicutes|c__Clostridia|o__Eubacteriales|f__Oscillospiraceae|g__Pseudoflavonifractor|s__Pseudoflavonifractor_gallinarum|t__SGB29328",0,0,0,0,0,0.00018,0.00129,0,0,0.00881,0.00265,0,0,0,0,0,0,0,0,0,0,0,0,0,0,0,0,0.00894,0,0,0.00022,0.00308,0.02475,0.00446,0,0,0,0,0,0,0,0
"k__Bacteria|p__Firmicutes|c__Clostridia|o__Eubacteriales|f__Oscillospiraceae|g__Pseudoflavonifractor|s__Pseudoflavonifractor_phocaeensis|t__SGB15133",0,0,0,0,0,0,0,0,0,0,0,0,0,0,0,0,0,0,0,0,0,0,0,0,0,0,0,0,0,0,0,0,0.00288,0,0,0,0,0,0,0,0,0
"k__Bacteria|p__Firmicutes|c__Clostridia|o__Eubacteriales|f__Oscillospiraceae|g__Pseudoflavonifractor|s__Pseudoflavonifractor_phocaeensis|t__SGB15149",0,0,0,0,0,0,0,0,0,0,0,0.78654,1.2273,0,0,0,0,0,0,0,0,0,0,0,0,0,0,0,0,0,0,0,0,0,0,0,0,0,0.00505,0.00219,0,0
"k__Bacteria|p__Firmicutes|c__Clostridia|o__Eubacteriales|f__Oscillospiraceae|g__Pseudoflavonifractor|s__Pseudoflavonifractor_sp_MSJ_37|t__SGB109649",7e-04,0,0,0,0,0,0,0.00037,0,0,0,0,0,0,0,0,0,0,0,0,0,0,0,0,0,0,0,0,0,0,0,0,0,0,0.00616,0,0,0,0,0,0,0
"k__Bacteria|p__Firmicutes|c__Clostridia|o__Eubacteriales|f__Oscillospiraceae|g__Pseudoruminococcus|s__Pseudoruminococcus_massiliensis|t__SGB4280",0,0,0,0,0,0,0,0,0,0,0,0,0,0,0,0,0,0,0,0,0,0,0,0,0,0,0,0,0,0,0,0,0,0,0,0,0,0,0.26031,0,0,0
"k__Bacteria|p__Firmicutes|c__Clostridia|o__Eubacteriales|f__Oscillospiraceae|g__Qingrenia|s__Qingrenia_yutianensis|t__SGB4158",0,0,0,0,0,0,0,0,0,0,0,0,0,0,0,0,0,0,0,0,0,0,0,0,0,0,0,0,0,0.03396,0,0,0,0,0,0,0,0,0.01766,0.00593,0,0
"k__Bacteria|p__Firmicutes|c__Clostridia|o__Eubacteriales|f__Oscillospiraceae|g__Ruminococcus|s__Ruminococcus_bicirculans|t__SGB4262",0.03987,0.05396,0.05969,0,0.05494,0,0,0.20735,0.13955,0,0,0.05694,0.64056,0,0,0.51354,0.17161,0.00768,0.02121,0,0,0.62229,0.75933,0.12129,0.05065,4.28875,0.16686,0,0,0.02971,0,0,0,0,0.10545,0,0,0,0.21274,0,0,0
"k__Bacteria|p__Firmicutes|c__Clostridia|o__Eubacteriales|f__Oscillospiraceae|g__Ruminococcus|s__Ruminococcus_bovis|t__SGB4272",0,0,0,0,0,0,0,0,0,0,0,0,0,0,0,0,0,0,0,0,0,0,0,0,0,0,0,0,0,0,0,0,0,0,0,0,0,0,2.72248,8.05071,0,0
"k__Bacteria|p__Firmicutes|c__Clostridia|o__Eubacteriales|f__Oscillospiraceae|g__Ruminococcus|s__Ruminococcus_bromii|t__SGB4285",0.68276,2.10745,0,0,0,10.04518,11.36092,6.78629,2.42901,0.13162,0.00042,0.07071,0.77218,2.37507,0.00498,1.7517,0.01639,1.79749,2.96618,0,0,1.03924,0.00016,0.35236,2.9372,0,0,0.33178,0,0,0.09405,0.28239,0,0,0,0.00186,0,0,0.96882,0.13067,3.36389,0
"k__Bacteria|p__Firmicutes|c__Clostridia|o__Eubacteriales|f__Oscillospiraceae|g__Ruminococcus|s__Ruminococcus_bromii|t__SGB4290",0,0,0,0,0,0,0,0.03873,1.60983,0,0,0,0,0,0,0,0,0,0,0,0,0,0,0,0,3.11611,1.55149,0,0,5.01288,0,0,0,0,0,0,0.01523,3.29197,0.32763,0,0,4.13709
"k__Bacteria|p__Firmicutes|c__Clostridia|o__Eubacteriales|f__Oscillospiraceae|g__Ruminococcus|s__Ruminococcus_callidus|t__SGB4420",0,0,0,0,0,0,0,0.06289,0.14338,0,0,0,0,0,0,0,1.49156,0,0,0,0,0,0,0,0,0,0,0,0,0,0,0,0,0,0,0,0,0,0,0,0,0
"k__Bacteria|p__Firmicutes|c__Clostridia|o__Eubacteriales|f__Oscillospiraceae|g__Ruminococcus|s__Ruminococcus_callidus|t__SGB4422",0,0,0.08579,0,0,0,0,0.34101,0.32539,0,0,0,0,0,0,0,0,2.21719,1.10318,0,0,0,0,0,0,3.45976,0.39677,0,0,0.03509,0,0.61235,0,0,0.89321,0,0,0,0,0,0,0.63324
"k__Bacteria|p__Firmicutes|c__Clostridia|o__Eubacteriales|f__Oscillospiraceae|g__Ruminococcus|s__Ruminococcus_gauvreauii|t__SGB29375",0,0,0,0,0,0,0,0.00112,0,0,0,0.00259,0.01515,0,0,0.02411,0,0,0,0.00816,0.01624,0.00411,0.00258,0,0,0.00344,0.02752,0,0,0,0.00623,0.00257,0,0,0,0,0,0,0,0,0.00723,0
"k__Bacteria|p__Firmicutes|c__Clostridia|o__Eubacteriales|f__Oscillospiraceae|g__Ruminococcus|s__Ruminococcus_SGB4421|t__SGB4421",2.88528,0.66157,0,0,0,0,0,0.0579,0.03564,0,0,0,0,0,0,0.00655,0,0,0,0,0,0.49542,1.37301,0,0,0,0,0,0,0,0.23099,0.01611,0,0,0,0,0,0,0,0,1.18228,0
"k__Bacteria|p__Firmicutes|c__Clostridia|o__Eubacteriales|f__Oscillospiraceae|g__Ruminococcus|s__Ruminococcus_sp_AF13_28|t__SGB4834",0,0,0.38089,0,0,0.05179,0.12662,0.66259,0.48171,0.30963,0.20244,0.0141,1.51729,0.23919,0.35544,0,1.54646,0.21665,0.24684,0,0,0.05861,0.06867,0.00068,0,0.02394,0.21076,0.02317,0,0.23043,0.13022,0.14036,0,0,0.09032,0,1.3757,1.6304,0.02263,1.01872,0,0.18009
"k__Bacteria|p__Firmicutes|c__Clostridia|o__Eubacteriales|f__Oscillospiraceae|g__Ruminococcus|s__Ruminococcus_sp_AF41_9|t__SGB25497",0,0,0.00616,0,0,0,0,0.03188,0.06755,0,0,0,0,0,0,0,0.0153,0.00489,0.01234,0,0,0,0,0,0,0.0338,0.0195,0,0,0.00653,0,0.00276,0,0,0.10011,0,0.35876,0.04107,0,0,0,0
"k__Bacteria|p__Firmicutes|c__Clostridia|o__Eubacteriales|f__Oscillospiraceae|g__Ruthenibacterium|s__Ruthenibacterium_lactatiformans|t__SGB15271",0.04846,0.04053,0.00428,0.16496,0.03582,0.12401,0.06485,0.02763,0.0082,0.03379,0.00582,0.31254,0.32131,0.05433,7e-04,0.18971,0.03758,0.02054,0.02936,0.19203,1.14692,0.79487,0.7376,0.00639,0.03168,0.15126,0.2418,0.75991,6e-05,1.09488,0.26904,0.03291,0.37382,0.18205,0.06095,0.33683,0.0823,0.4392,0.07754,0.10596,0.04929,0.54063
"k__Bacteria|p__Firmicutes|c__Clostridia|o__Eubacteriales|f__Oscillospiraceae|g__Vescimonas|s__Vescimonas_coprocola|t__SGB15089",0.03014,0.08067,0.16518,0,0,0.00186,0.02304,0.02095,0.01826,0.33381,0.07638,0.3087,0.56849,0,0,0.08409,0.05843,0.0928,0.07709,0.40899,0.17702,4.40358,0.96088,0.03212,0.05762,0.13894,0.0539,0,0,0.01308,0.00509,0.06979,0.00981,0.01593,0.1179,0.06002,0,0,0.06706,0.49574,0.12584,0
"k__Bacteria|p__Firmicutes|c__Clostridia|o__Eubacteriales|f__Oscillospiraceae|g__Vescimonas|s__Vescimonas_fastidiosa|t__SGB15085",0.10538,0.0013,0,0,0,0,0,0,0,0,0,0,0,0,0,0,0.12491,0,0,0,0,0,0,0,0,0,0,0,0,0.01574,0,0,0,0,0.00497,0,0,0,0,0,0,0
"k__Bacteria|p__Firmicutes|c__Clostridia|o__Eubacteriales|f__Oscillospiraceae|g__Vescimonas|s__Vescimonas_SGB15086|t__SGB15086",0,0,0,0,0,0,0,0.00116,0,0,0,0,0,0,0,0,0,0,0,0,0,0,0,0,0,0,0,0,0,0,0,0,0,0,0,0,0,0,0,0,0,0
"k__Bacteria|p__Firmicutes|c__Clostridia|o__Eubacteriales|f__Oscillospiraceae|g__Vescimonas|s__Vescimonas_SGB15087|t__SGB15087",0.68029,0.46186,0.11319,0,0,0,0,0,0,0,0,0,0,0,0,0,0,0,0,0,0,0,0,0,0,0,0,0,0,0.13561,0,0,0,0,0.00138,0.08354,0,0,0.05247,0.00582,0,0
"k__Bacteria|p__Firmicutes|c__Clostridia|o__Eubacteriales|f__Oscillospiraceae|g__Youxingia|s__Youxingia_wuxianensis|t__SGB82503",0.00043,0,0,0,0,0,0,0.0026,0,0,0,0,0,0,0,0,0.00801,0,0,0,0,0,0,0,0,0,0,0,0,0.00209,0,0,0,0,0,0,0,0,0,0,0,0
"k__Bacteria|p__Firmicutes|c__Clostridia|o__Eubacteriales|f__Peptostreptococcaceae|g__Criibacterium|s__Criibacterium_bergeronii|t__SGB6645",0,0,0,0,0,0,0,0,0,0,0,0,0,0,0,0,0,0,0,0,0,0,0,0,0,0,0,0,0,0,0,0,0,0,0.07242,0,0,0,0,0,0,0
"k__Bacteria|p__Firmicutes|c__Clostridia|o__Eubacteriales|f__Peptostreptococcaceae|g__GGB4456|s__GGB4456_SGB6141|t__SGB6141",0,0,0.28168,0,0,0.00674,0,0.01289,0.02823,0,0,0,0,0,0,0,0,0.07583,0,0,0,0.00181,0.00044,0,0,0,0,0,0,0.08567,0.12908,0.01087,0.00737,0,0.03578,0,0,0.18819,0.00522,0,0,0.67067
"k__Bacteria|p__Firmicutes|c__Clostridia|o__Eubacteriales|f__Peptostreptococcaceae|g__Intestinibacter|s__Intestinibacter_bartlettii|t__SGB6140",0,0.41753,0.00746,0.00418,0,0,0,0.02328,0,0,0,0.06318,0.09017,0.3135,0,0.06501,0,0.00705,0.05896,0,0,0.05697,0.30379,0.02168,0.0394,0,0,0.018,0,0.06394,1.02203,0.0548,0.27028,0.04376,0,0,0.89196,0.54207,0.10463,0,0.02743,0.69107
"k__Bacteria|p__Firmicutes|c__Clostridia|o__Eubacteriales|f__Peptostreptococcaceae|g__Paeniclostridium|s__Paeniclostridium_sordellii|t__SGB6146",0,0,0,0,0,0,0,0,0,0,0,0,0,0,0,0,0,0,0,0,0,0,0,0,0,0,0,0,0,0,0.00036,0,0,0,0,0,0,0,0,0,0,0
"k__Bacteria|p__Firmicutes|c__Clostridia|o__Eubacteriales|f__Peptostreptococcaceae|g__Peptostreptococcus|s__Peptostreptococcus_anaerobius|t__SGB746",0,0,0,0.10199,0,0,0,0,0,0.21872,0,0,0,0,0,0,0,0,0,6e-05,0,0.01421,0,0,0,0.02973,0,0,0,0.11628,0,0,0,0,0.00297,0,0,0,0,0,0,0.14313
"k__Bacteria|p__Firmicutes|c__Clostridia|o__Eubacteriales|f__Peptostreptococcaceae|g__Peptostreptococcus|s__Peptostreptococcus_SGB749|t__SGB749",0,0.00053,0,0,0,0,0,0,0,0,0.00276,0,0,0,0.00047,0,0,0,0,0,0,0,0,0.00188,0,0,0,0,0,0.00033,0,0,0,0,0,0.01397,0,0,0,0,0,0
"k__Bacteria|p__Firmicutes|c__Clostridia|o__Eubacteriales|f__Peptostreptococcaceae|g__Peptostreptococcus|s__Peptostreptococcus_stomatis|t__SGB748",0,0,0.18023,0.00086,0,0.00786,0,0.05874,0.00483,0,0,2.66241,0.05814,0.20079,0,0.2215,0,0.11028,0,0.0625,0,1.80082,0.68134,0.02058,0.00061,0.02738,0.01271,0,19.26417,0.23739,0.36443,0.00879,0,0.00511,0.56992,0.01882,0.22184,0.17219,0.50418,0.06324,0,0.43637
"k__Bacteria|p__Firmicutes|c__Clostridia|o__Eubacteriales|f__Peptostreptococcaceae|g__Romboutsia|s__Romboutsia_ilealis|t__SGB24891",0,0,0,0,0,0,0,0,0,0,0,0,0,0,0,0,0,0,0,0,0,0,0,0,0,0,0,0,0,0,0.00096,0,0,0,0,0,0,0,0,0,0,0
"k__Bacteria|p__Firmicutes|c__Clostridia|o__Eubacteriales|f__Peptostreptococcaceae|g__Romboutsia|s__Romboutsia_timonensis|t__SGB6148",0.52786,0.12808,0.95741,0.32425,1.12548,0.19074,0.26721,0.5464,0.04405,0.00178,0.39293,0.09063,0.15503,0.2283,0.05235,0.15725,0.30514,0.39209,0.18509,0.26246,0.10738,0.46793,1.23452,2.48481,0.21277,0.16088,1.01839,0.09121,0,1.06939,0.6636,0.09311,0.3994,0.5391,0.82396,0.00745,0.2485,0.60373,0.38874,0.40127,0.02718,0.44089
"k__Bacteria|p__Firmicutes|c__Clostridia|o__Eubacteriales|f__Peptostreptococcaceae|g__Terrisporobacter|s__Terrisporobacter_glycolicus|t__SGB29068",0,0,0,0.00025,0,0,0,0,0,0,0,0,0,0,0,0,0,0,0,0,0,0,0,0,0,0,0,0,0,0,0,0,0,0,0,0,0,0,0,0,0,0
"k__Bacteria|p__Firmicutes|c__Clostridia|o__Eubacteriales|f__Yeguiaceae|g__Yeguia|s__Yeguia_hominis|t__SGB72336",0.01307,0.02536,0,0,0,0,0,0.00187,0,0,0,0,0,0,0,0,0.00281,0.00039,0,0,0,0,0,0,0,0,0,0,0,0.00237,0.0034,0.00087,0,0,0,0,0,0,0,0,0,0
"k__Bacteria|p__Firmicutes|c__Erysipelotrichia|o__Erysipelotrichales|f__Coprobacillaceae|g__Catenibacterium|s__Catenibacterium_mitsuokai|t__SGB6778",0,0,0,0,0,0,0,0,0,0,0,0,0,0,0,0,0,0,0,0,0,0,0,0,0,0,0,0,0,0,0,0,0,0,0.65652,0,0,0,0,0,0,0
"k__Bacteria|p__Firmicutes|c__Erysipelotrichia|o__Erysipelotrichales|f__Coprobacillaceae|g__Catenibacterium|s__Catenibacterium_tridentinum|t__SGB6783",0,0,4.66624,0,0,0,0,0,0,0,0,0,0,0,0,0,5.58841,4.16992,3.99861,0,0,0,0,0,0,0,0,0,0,1.25742,0,0,0,0,0.39474,0,0,0,0,0,0,0
"k__Bacteria|p__Firmicutes|c__Erysipelotrichia|o__Erysipelotrichales|f__Coprobacillaceae|g__Coprobacillus|s__Coprobacillus_cateniformis|t__SGB6771",0,0,0,0.23514,0,0.00668,0,0,0,0.00179,0,0.58495,0,0,0,0.03152,0.02259,0,0,0.02477,0.02496,0.0657,0.00618,0,0,0.00986,0,0,0,0,0.00666,0,0,0,0.09372,0,0.00724,0.03199,0,0,0.00105,0.00319
"k__Bacteria|p__Firmicutes|c__Erysipelotrichia|o__Erysipelotrichales|f__Coprobacillaceae|g__Coprobacillus|s__Coprobacillus_sp_AF33_1AC|t__SGB6765",0,0,0,0,0,0,0,0.00102,0,0,0,0,0,0,0,0,0,0,0,0,0,0,0,0,0,0,0,0,0,0,0,0,0,0,0,0,0,0,0,0,0,0
"k__Bacteria|p__Firmicutes|c__Erysipelotrichia|o__Erysipelotrichales|f__Erysipelotrichaceae|g__Amedibacillus|s__Amedibacillus_dolichus|t__SGB4035",0,0,0,0.00957,0.02332,0,0,0,0,0,0,0,0.0021,0.04626,0.09655,0,0,0,0,0,0,0,0,0.00287,0,0,0,0.11855,0,0,0,0,0,0,0,0,0,0.00627,0,0,0,0
"k__Bacteria|p__Firmicutes|c__Erysipelotrichia|o__Erysipelotrichales|f__Erysipelotrichaceae|g__Amedibacterium|s__Amedibacterium_intestinale|t__SGB4042",0,0,0,0.33373,0,0,0,0,0,0,0,0,0,0.14478,0.03788,0,0,0,0,0,0,0,0,0,0,0,0,0.28133,0,0,0,0,0,0,0,0.35183,0.00774,0.01051,0,0,0,0
"k__Bacteria|p__Firmicutes|c__Erysipelotrichia|o__Erysipelotrichales|f__Erysipelotrichaceae|g__Bulleidia|s__Bulleidia_extructa|t__SGB6820",0,0,0,0,0,0,0,0,0,0,0,0,0,0,0,0,0,0,0,0,0,0,0,0,0,0,0,0,0,0,0,0,0,0,0,0.00017,0,0,0,0,0,0
"k__Bacteria|p__Firmicutes|c__Erysipelotrichia|o__Erysipelotrichales|f__Erysipelotrichaceae|g__Dielma|s__Dielma_fastidiosa|t__SGB4031",0,0,0,0,0,0,0,0,0,0.01206,0.02018,0,0,0,0,0,0.00244,0,0,0,0,0,0,0,0,0,0,0,0,0,0,0,0,0,0,0,0,0,0,0.00062,0,0
"k__Bacteria|p__Firmicutes|c__Erysipelotrichia|o__Erysipelotrichales|f__Erysipelotrichaceae|g__Erysipelatoclostridium|s__Clostridium_innocuum|t__SGB4036",0,0,0,0.0019,0,0,0,0,0,0,0,0,0,0,0,0.62645,0,0,0,0,0,0,0,0,0,0,0.00167,0,0,0.00761,0,0,0,0,0,0,0,0,0,0.00399,0,0
"k__Bacteria|p__Firmicutes|c__Erysipelotrichia|o__Erysipelotrichales|f__Erysipelotrichaceae|g__Erysipelatoclostridium|s__Clostridium_innocuum|t__SGB4037",0,0,0,0.0165,0.0029,0.00844,0.01472,0.00529,0,0.00396,0.00986,0.0012,0.06239,0.00319,0,0.47203,0,0.01353,0.00196,0.03414,0.17725,0.03602,0.04199,0.05277,0.04841,0.00203,0.00032,0.05134,0,0.02311,0.04172,2e-04,0.03408,0.04009,0.00112,0.78647,0.06058,0.04761,0.00138,0.02595,0.01529,0.1136
"k__Bacteria|p__Firmicutes|c__Erysipelotrichia|o__Erysipelotrichales|f__Erysipelotrichaceae|g__Erysipelatoclostridium|s__Clostridium_innocuum|t__SGB4038",0.00237,0,0,0,0,0,0,0,0,0,0,0.1111,0.00428,0,0,0,0.00181,0,0,0,0,0,0,0,0,0,0.06314,0,0,0,0,0,0,0,0,0,0,0,0,0,0,0
"k__Bacteria|p__Firmicutes|c__Erysipelotrichia|o__Erysipelotrichales|f__Erysipelotrichaceae|g__Erysipelatoclostridium|s__Clostridium_saccharogumia|t__SGB6749",0,0,0,0,0,0,0,0,0,0,0,0,0,0,0,0,0,0,0,0.08203,0.03471,0,0,0.00557,0.0097,0,0,0,0,0,0,0,0,0,0,0,0,0,0,0,0,0
"k__Bacteria|p__Firmicutes|c__Erysipelotrichia|o__Erysipelotrichales|f__Erysipelotrichaceae|g__Erysipelatoclostridium|s__Clostridium_spiroforme|t__SGB6747",0,0,0,0,0,0,0,0,0,0,0,0,0,0,0,0.02312,0,0,0,0,0,0,0,0.06869,0.02656,0.00013,0.00349,0.04551,0,0,0,0,0,0,0,0.17819,0.01461,0,0,0,0,0.21454
"k__Bacteria|p__Firmicutes|c__Erysipelotrichia|o__Erysipelotrichales|f__Erysipelotrichaceae|g__Erysipelatoclostridium|s__Erysipelatoclostridium_ramosum|t__SGB6744",0.00278,0,0,0.38796,0.00086,0,0,0,0,0,0,1.17009,0.00022,0,0,0,0.0243,0,0,0.05913,0.81979,0.00186,0,0.00755,0,0,0,0.04876,0.01297,0.02643,0.02852,0,0.005,0.00815,0,0.23657,0.00555,0.00364,0.00401,0.04442,0.02652,0.14059
"k__Bacteria|p__Firmicutes|c__Erysipelotrichia|o__Erysipelotrichales|f__Erysipelotrichaceae|g__Erysipelatoclostridium|s__Erysipelatoclostridium_SGB66626|t__SGB66626",0,0,0,0,0,0,0,0,0,0,0,0,0,0.01575,0.00223,0,0,0,0,0,0,0,0,0,0,0,0,0,0,0,0,0,0,0,0,0,0,0,0,0,0,0
"k__Bacteria|p__Firmicutes|c__Erysipelotrichia|o__Erysipelotrichales|f__Erysipelotrichaceae|g__Erysipelatoclostridium|s__Erysipelatoclostridium_sp_An15|t__SGB6746",0,0,0,0,0,0,0,0,0,0,0,0,0,0,0,0,0,0,0,0,0,0,0,0,0,0,0,0,0,0,0,0,0,0,0,0,0,0,0,0.00142,0,0
"k__Bacteria|p__Firmicutes|c__Erysipelotrichia|o__Erysipelotrichales|f__Erysipelotrichaceae|g__Erysipelotrichaceae_unclassified|s__Erysipelotrichaceae_bacterium_7770_A6|t__SGB6836",0,0,0.86576,0,0,0,0,0,0,0,0,0,0,0,0,0,0.35446,0,0,0,0,0,0,0,0,0,0,0,0,0,0,0,0,0,0,0,0,0,0,0,0,0
"k__Bacteria|p__Firmicutes|c__Erysipelotrichia|o__Erysipelotrichales|f__Erysipelotrichaceae|g__Faecalibacillus|s__Faecalibacillus_faecis|t__SGB6750",0.4209,0.10001,0,0,0,0,0,0.10439,0.34374,0,0,0.00226,0.88499,0,0,0,0,0,0,0,0,0,0,1.06498,5.02805,0.03158,0.03899,0,0,0,0,0,0,0,0,0,2.38335,4.8328,0,0,0,0
"k__Bacteria|p__Firmicutes|c__Erysipelotrichia|o__Erysipelotrichales|f__Erysipelotrichaceae|g__Faecalibacillus|s__Faecalibacillus_intestinalis|t__SGB6754",0.36667,1.35292,0.00678,2.75014,1.51833,1.88411,0.99467,0.79655,0.92929,0.20277,1.29622,0,0.29534,1.81202,2.63144,0.00222,0.36034,0.05387,0.25584,0,0,0.39596,1.58831,2.16289,11.65818,1.49287,5.23879,0.87697,0,0.07939,2.17447,0.83603,3.08208,2.13805,0.17881,1.23465,0.87083,0.13878,0.33616,0.30215,3.46788,0
"k__Bacteria|p__Firmicutes|c__Erysipelotrichia|o__Erysipelotrichales|f__Erysipelotrichaceae|g__Faecalicoccus|s__Faecalicoccus_pleomorphus|t__SGB6791",0,0,0,0,0,0,0,0.0344,0.01562,0,0,0,0,0,0,0,0,0,0,0,0,0,0,0,0,0,0,0,0,0,0,0,0,0,0,0,0,0,0.35965,0.0437,0,0
"k__Bacteria|p__Firmicutes|c__Erysipelotrichia|o__Erysipelotrichales|f__Erysipelotrichaceae|g__Faecalicoccus|s__Faecalicoccus_pleomorphus|t__SGB6792",0,0,0,0,0,0.01402,0.00241,0.03704,0.00484,0,0,0.01675,4.50385,0,0,0,0,0,0,0,0,0,0,0,0,0.01846,0.01864,0,0,0,0.57863,0.04209,0,0,0,0,0,0,0,0,0,0.41325
"k__Bacteria|p__Firmicutes|c__Erysipelotrichia|o__Erysipelotrichales|f__Erysipelotrichaceae|g__Faecalitalea|s__Faecalitalea_cylindroides|t__SGB6790",0,0,0,0,0,0,0,0,0,0,0,0,0,0.00035,0,0,0,0,0,0,0,0,0,0,0,0,0,0,0,0,0,0,0,0,0,0.94303,0,0,0.08267,0.01108,0,0
"k__Bacteria|p__Firmicutes|c__Erysipelotrichia|o__Erysipelotrichales|f__Erysipelotrichaceae|g__GGB31183|s__GGB31183_SGB44477|t__SGB44477",0,0,0,0,0,0,0,0,0,0,0,0,0,0,0,0,0,0,0,0,0,0,0,0,0,0,0,0,0,0,0,0,0,0,0,0,0,0,0,0,0,0.00084
"k__Bacteria|p__Firmicutes|c__Erysipelotrichia|o__Erysipelotrichales|f__Erysipelotrichaceae|g__GGB4888|s__GGB4888_SGB6837|t__SGB6837",0,0,0.074,0,0,0,0,0,0,0,0,0,0,0,0,0,0,0,0,0,0,0,0,0,0,0,0,0,0,0,0,0,0,0,0,0,0,0,0,0,0,0
"k__Bacteria|p__Firmicutes|c__Erysipelotrichia|o__Erysipelotrichales|f__Erysipelotrichaceae|g__Holdemanella|s__Holdemanella_biformis|t__SGB6806",0,0,0.84735,0,0,0,0,0,0,0,0,0,0,0,0,0,0.46172,0.54904,0.22259,0,0,0,0,0,0,0,0,0,0,0,3.52999,3.80239,0,0,1.14818,3.39481,0,0,0,0,0,0
"k__Bacteria|p__Firmicutes|c__Erysipelotrichia|o__Erysipelotrichales|f__Erysipelotrichaceae|g__Holdemanella|s__Holdemanella_porci|t__SGB6796",0,0,5.82055,0,0,0,0,0,0,0,0,0,0,1.62238,2.70901,0,3.13185,0.33621,0.56966,0,0,0,0,0,0,0,0,0,0,0,0,0,0,0,7.77272,18.92184,0,0,0,0,0,0
"k__Bacteria|p__Firmicutes|c__Erysipelotrichia|o__Erysipelotrichales|f__Erysipelotrichaceae|g__Holdemania|s__Holdemania_filiformis|t__SGB4046",0.0213,0.02761,0,0,0,0.03471,0.03119,0.00733,0.0016,0.00141,0.00777,0.01925,0.08688,0.02053,0,0,0.03682,0,0,0,0,0.02914,0.0215,0,0,0.03137,0.0293,0.1923,0,0.05885,0.00297,0.03399,0.09281,0.09736,0,0.07631,0,0,0.00145,0.00317,0,0
"k__Bacteria|p__Firmicutes|c__Erysipelotrichia|o__Erysipelotrichales|f__Erysipelotrichaceae|g__Holdemania|s__Holdemania_massiliensis|t__SGB4044",0,0,0,0,0,0.00465,0.00589,0.00177,0.00045,0.03101,0.03158,0.01114,0.01233,0,0,0.01729,0,0.04143,0.05669,0.1251,0.21922,0,0,0,0,0,0,0,0,0,0.02231,0.02125,0,0,0.01209,0.00052,0.00042,0.06007,0,0,0,0
"k__Bacteria|p__Firmicutes|c__Erysipelotrichia|o__Erysipelotrichales|f__Erysipelotrichaceae|g__Holdemania|s__Holdemania_sp_1001095H_141210_F2|t__SGB4045",0,0,0,0,0,0,0,0,0,0,0,0,0,0,0,0,0,0,0,0,0,0,0,0,0,0,0,0,0,0,0,0,0,0,0,0.20537,0,0,0,0,0,0
"k__Bacteria|p__Firmicutes|c__Erysipelotrichia|o__Erysipelotrichales|f__Erysipelotrichaceae|g__Longicatena|s__Longicatena_caecimuris|t__SGB4041",0,0,0,0,0,0.02357,0.0221,0,0,0,0,0,0,0,0,0,0,0,0,0,0,0.05812,0.0031,0,0,0.0888,0,0,0,0,0,0,0,0,0,0.14793,0,0.02899,0,0,0,0
"k__Bacteria|p__Firmicutes|c__Erysipelotrichia|o__Erysipelotrichales|f__Erysipelotrichaceae|g__Massilicoli|s__Massilicoli_timonensis|t__SGB4026",0,0,0,0,0,0,0,0,0,0,0,0,0.00047,0,0,0,0,0,0,0,0,0,0.0577,0,0,0,0,0,0,0,0,0,0,0,0,0,0,0,0,0,0,0
"k__Bacteria|p__Firmicutes|c__Erysipelotrichia|o__Erysipelotrichales|f__Erysipelotrichaceae|g__Massilimicrobiota|s__Massilimicrobiota_timonensis|t__SGB6767",0,0,0,0.04242,0.00466,0.00177,0,0,0,0,0,0,0.02075,0,0,0,0,0,0,0,0,0,0,0,0,0,0,0.02452,0,0,0,0,0.00623,0,0,0,0,0.0031,0.09148,0.15901,0.00111,0.10012
"k__Bacteria|p__Firmicutes|c__Erysipelotrichia|o__Erysipelotrichales|f__Erysipelotrichaceae|g__Massilimicrobiota|s__Massilimicrobiota_timonensis|t__SGB6768",0,0,0,0,0,0,0,0,0,0,0,0,0.01774,0,0,0.00529,0,0,0,0,0,0.0215,0.05074,0,0.00449,0,0,0,0,0,0,0,0,0,0,0.00603,0,0.0189,0.00098,0,0.00358,0.00332
"k__Bacteria|p__Firmicutes|c__Erysipelotrichia|o__Erysipelotrichales|f__Erysipelotrichaceae|g__Solobacterium|s__Solobacterium_moorei|t__SGB6826",0,0,0,0.00315,0,0.00885,0,0,0,0,0,0.90221,0.00218,0,0,0.15276,0,0.01344,0,0.03088,0,0.08695,0,0,0,0,0,0,1.78499,0,0.00711,0.00248,0,0,0.26751,0.0495,0,0,0.01627,0.02229,0,0.1145
"k__Bacteria|p__Firmicutes|c__Erysipelotrichia|o__Erysipelotrichales|f__Erysipelotrichaceae|g__Solobacterium|s__Solobacterium_SGB6828|t__SGB6828",0,0,0.0042,0,0,0,0,0,0,0,0,0,0,0,0,0,0.00425,0,0,0,0,0,0,0,0,0,0,0.00272,0,0,0.0257,0.00906,0,0,0.00266,0,0,0,0,0,0,0.00682
"k__Bacteria|p__Firmicutes|c__Erysipelotrichia|o__Erysipelotrichales|f__Erysipelotrichaceae|g__Solobacterium|s__Solobacterium_SGB6829|t__SGB6829",0,0,0.00166,0.00171,0.00079,0,0.00043,0,0,0,0.00056,0,0,0.00031,0.01263,0.00277,0.00305,0,0.00076,0.00084,0.00486,0,0,0.00352,0,0,0,0.00373,0,0.01814,0.00498,0.00305,0,0,0.00155,0.01643,0,0,0,0,0.00132,0.00227
"k__Bacteria|p__Firmicutes|c__Erysipelotrichia|o__Erysipelotrichales|f__Erysipelotrichaceae|g__Solobacterium|s__Solobacterium_SGB6833|t__SGB6833",0,0,0.00461,0,0,0,0,0,0,0,0,0,0,0,0,0,0,0,0,0,0,0,0,0,0,0,0,0,0,0,0,0,0,0,0,0,0,0,0.00046,0,0,0
"k__Bacteria|p__Firmicutes|c__Erysipelotrichia|o__Erysipelotrichales|f__Erysipelotrichaceae|g__Solobacterium|s__Solobacterium_SGB6834|t__SGB6834",0,0,0,0,0,0,0,0,0,0,0,0,0,0,0.00541,0,0,0,0,0,0,0,0,0.01769,0.00247,0,0,0,0,0,0,0,0,0,0,0.01006,0,0,0,0,0,0
"k__Bacteria|p__Firmicutes|c__Erysipelotrichia|o__Erysipelotrichales|f__Turicibacteraceae|g__Turicibacter|s__Turicibacter_bilis|t__SGB6847",0,0,0.06762,0,0,0.12265,0.11206,0.00723,0,0,0,0,0,0,0,0,0,0.00033,0,0,0,0.04815,0.02406,0,0,0,0.00973,0.00047,0,0.0013,0.0059,0,0.00609,0,0,0,0,1.58846,0,0,0.00651,0.07802
"k__Bacteria|p__Firmicutes|c__Erysipelotrichia|o__Erysipelotrichales|f__Turicibacteraceae|g__Turicibacter|s__Turicibacter_sanguinis|t__SGB6846",0,0,0.01363,0,0,0,0,0,0,0,0,0,0.00705,0,0,0,0,0.00722,0,0,0,0,0,0,0,0,0,0.10503,0,0.00375,0.19654,0.00079,0,0,0,0,0,0,0.04082,0,0,0.00417
"k__Bacteria|p__Firmicutes|c__Erysipelotrichia|o__Erysipelotrichales|f__Turicibacteraceae|g__Turicibacter|s__Turicibacter_SGB106351|t__SGB106351",0,0.00822,0,0,0,0,0,0,0,0,0,0,0,0,0,0,0,0,0,0,0,0,0.01806,0,0,0,0,0,0,0,0,0,0,0,0,0,0,0,0,0,0,0
"k__Bacteria|p__Firmicutes|c__Erysipelotrichia|o__Erysipelotrichales|f__Turicibacteraceae|g__Turicibacter|s__Turicibacter_sp_TJ11|t__SGB71037",0,0,0.0014,0,0,0,0,0,0,0,0,0,0,0,0,0,0,0,0,0,0,0,0,0,0,0,0,0,0,0,0,0,0,0,0,0,0,0,0,0,0.00807,0
"k__Bacteria|p__Firmicutes|c__Firmicutes_unclassified|o__Firmicutes_unclassified|f__Firmicutes_unclassified|g__Firmicutes_unclassified|s__Firmicutes_bacterium|t__SGB4791",0,0,0,0,0,0,0,0,0,0,0,0,0,0,0,0,0,0,0,0,0,0,0,0,0,0,0,0,0,0,0,0,0,0,0,0,0.29812,0.26693,0,0,0,0
"k__Bacteria|p__Firmicutes|c__Firmicutes_unclassified|o__Firmicutes_unclassified|f__Firmicutes_unclassified|g__GGB9509|s__GGB9509_SGB14906|t__SGB14906",0,0,0,0,0,0,0,0,0,0,0,0.00797,0.04332,0,0,0,0,0,0,0,0,0.17679,0.04076,0,0,0,0,0,0,0,0,0,0,0,0,0,0,0,0,0,0,0.26219
"k__Bacteria|p__Firmicutes|c__Firmicutes_unclassified|o__Firmicutes_unclassified|f__Firmicutes_unclassified|g__GGB9511|s__GGB9511_SGB14908|t__SGB14908",0,0,0,0,0,0,0,0,0,0,0,0,0,0,0,0,0.15667,0,0,0,0,0,0,0,0,0,0,0,0,0,0,0,0,0,0,0,0,0,0,0,0,0
"k__Bacteria|p__Firmicutes|c__Firmicutes_unclassified|o__Firmicutes_unclassified|f__Firmicutes_unclassified|g__GGB9512|s__GGB9512_SGB14909|t__SGB14909",0,0,0,0,0,0,0,0,0,0,0,0,0,0,0,2.9627,0,0,0,0,0,0,0,0,0,0,0,0,0,0.78137,0,0,0,0,0,0,0,0,0,0,0,0
"k__Bacteria|p__Firmicutes|c__Firmicutes_unclassified|o__Firmicutes_unclassified|f__Firmicutes_unclassified|g__Negativibacillus|s__Negativibacillus_massiliensis|t__SGB14912",0,0,0.03088,0,0,0,0.00693,0.08802,0.00933,0,0,0.3592,0.38962,0.00506,0,0.25849,0,0,0,0,0,0.20007,0.05938,0,0,0.02716,0.0156,0,0,0,0.04152,0.03767,0,0,0.03092,0,0,0.00223,0.032,0.00484,0.05696,0
"k__Bacteria|p__Firmicutes|c__Negativicutes|o__Acidaminococcales|f__Acidaminococcaceae|g__Acidaminococcus|s__Acidaminococcus_fermentans|t__SGB5743",0,0,0,0,0,0,0,0,0,0,0,0,0,0,0,0,0.008,0,0,0,0,0,0,0,0,0,0,0,0,0,0.00182,0.03668,0,0,0,0,0,0,0,0,0,0
"k__Bacteria|p__Firmicutes|c__Negativicutes|o__Acidaminococcales|f__Acidaminococcaceae|g__Acidaminococcus|s__Acidaminococcus_massiliensis|t__SGB5742",0,0,0,0,0,0,0,0,0,0,0,0,0,0,0,0,0,0,0.00199,0,0,0,0,0,0,0,0,0,0,0,0,0,0,0,0,0,0,0,0,0,0,0
"k__Bacteria|p__Firmicutes|c__Negativicutes|o__Acidaminococcales|f__Acidaminococcaceae|g__Phascolarctobacterium|s__Phascolarctobacterium_faecium|t__SGB5792",0.00298,0.68695,0.01308,0.02073,0,0.06936,0.04315,0.01452,0.04073,0.9889,1.05625,0.66913,0.63758,0.00444,0,1.73114,0,0,0.0156,0.01501,0.60464,0.01252,0.04343,0,0,0,0,0,0,0.03588,0,0,0,0,0.1061,0,0.24603,1.95079,0,0,0,0
"k__Bacteria|p__Firmicutes|c__Negativicutes|o__Acidaminococcales|f__Acidaminococcaceae|g__Phascolarctobacterium|s__Phascolarctobacterium_succinatutens|t__SGB5763_group",0,0,0,0,0,0,0,0,0,0,0,0,0,0.75002,0.00325,0,0.50526,0,0,0,0,0.10325,0.04551,0,0,0,0,0,0.00035,0,0.04087,0.36402,0.0596,0.17892,0,0,0,0,0,0,0,0
"k__Bacteria|p__Firmicutes|c__Negativicutes|o__Selenomonadales|f__Selenomonadaceae|g__Megamonas|s__Megamonas_funiformis|t__SGB6962",0,0,8.32841,0.00696,0.0043,0,0,0.31999,0.06214,0,0.0052,0.01588,0.14486,8.96455,27.32246,0,1.32141,0,0,0,0,0,0,0,0,0,0,0,0,0,0.85294,1.22161,0.3255,0.04953,9.65945,0.0123,0,0,0,0,0,0
"k__Bacteria|p__Firmicutes|c__Negativicutes|o__Selenomonadales|f__Selenomonadaceae|g__Mitsuokella|s__Mitsuokella_jalaludinii|t__SGB5904",0,0,0,0,0,0,0,0.01886,0,0,0,0,0,0,0,0,0,0,0,0,0,0,0,0,0,0.00094,0,0.01197,0,0,0,0.00889,0,0,0,0,0,0,0,0,0,0
"k__Bacteria|p__Firmicutes|c__Negativicutes|o__Selenomonadales|f__Selenomonadaceae|g__Mitsuokella|s__Mitsuokella_multacida|t__SGB5906",0,0,0,0,0,0,0,0,0,0,0,0,0,0,0,0,0.00693,0,0,0,0,0,0,0,0,0,0,0,0,0,0,0,0,0,0,0.00086,0,0,0,0,0,0
"k__Bacteria|p__Firmicutes|c__Negativicutes|o__Selenomonadales|f__Selenomonadaceae|g__Selenomonas|s__Selenomonas_SGB69112|t__SGB69112",0,0,0,0,0,0,0,0,0,0,0,0,0,0,0,0.16678,0,0,0,0,0,0,0,0,0,0,0,0,0,0.00469,0,0,0,0,0.01228,0,0,0,0,0,0,0
"k__Bacteria|p__Firmicutes|c__Negativicutes|o__Veillonellales|f__Veillonellaceae|g__Allisonella|s__Allisonella_histaminiformans|t__SGB5843",0,0,0.03144,0,0,0,0,0.03057,0.027,0,0,0,0,0.11697,0,0,0.04439,0,0,0,0,0,0,0,0,0.12154,0,0,0,0,0.01874,0.03539,0,0,0.03144,0.00288,0.00353,0.00752,0,0,0,0
"k__Bacteria|p__Firmicutes|c__Negativicutes|o__Veillonellales|f__Veillonellaceae|g__Dialister|s__Dialister_hominis|t__SGB5803_group",6.19674,4.74653,1.11048,0,0,0,0.00157,0,0.0021,0,0,0,0,0,0,0,0,0,0,0,0,1.29792,0.99733,0,0,0,0,0,0,0,0,0,0,0,0,0,0,0,0,0,0,0
"k__Bacteria|p__Firmicutes|c__Negativicutes|o__Veillonellales|f__Veillonellaceae|g__Dialister|s__Dialister_invisus|t__SGB5825_group",0,0,1.33524,0,0,0,0,0,0,0,0,0,0.03257,0,0,0.01086,0,0,0,0,0,0,0,0.74594,0.11488,1.61957,0.0799,0,0,0,0,0,0,0,0.00049,0,0,0,1.42484,1.94238,4.46991,2.87942
"k__Bacteria|p__Firmicutes|c__Negativicutes|o__Veillonellales|f__Veillonellaceae|g__Dialister|s__Dialister_micraerophilus|t__SGB5840",0,0,0,0,0,0,0,0,0,0.00018,0,0,0,0,0,0,0,0,0,0,0,0,0,0,0,0,0,0,0,0,0,0,0,0,0,0,0,0,0,0,0,0
"k__Bacteria|p__Firmicutes|c__Negativicutes|o__Veillonellales|f__Veillonellaceae|g__Dialister|s__Dialister_pneumosintes|t__SGB5842",0,0,0.02474,0,0,0,0,0,0,0,0,0,0,0,0,0.03994,0,0.00252,0,0,0,0.02418,0.01473,0,0,0,0,0,1.29504,0.01868,9e-04,0,0,0,0.06825,0,0,0,0.00355,0,0,0.09776
"k__Bacteria|p__Firmicutes|c__Negativicutes|o__Veillonellales|f__Veillonellaceae|g__Dialister|s__Dialister_succinatiphilus|t__SGB5818",0,0,0,0,0,0,0,3.9304,2.33872,0,0,0,0,0,0,0,0,5.56947,7.7242,0,0,0,0,0,0,0,0,0,0,1.83077,0,0,0,0,0,5.51535,0,0,0,0,0,0
"k__Bacteria|p__Firmicutes|c__Negativicutes|o__Veillonellales|f__Veillonellaceae|g__GGB4266|s__GGB4266_SGB5809|t__SGB5809",0,0,0,0,0,0,0,0,0,0,0,0,0,0,0,0,0,0,0,0,0,0,0,0,0,0,0,0.76705,0,0,0,0,0,0,0,0,0,0,0,0,0,0
"k__Bacteria|p__Firmicutes|c__Negativicutes|o__Veillonellales|f__Veillonellaceae|g__GGB4277|s__GGB4277_SGB5832|t__SGB5832",0,0,0,0,0,0,0,0,0,0,0,0,0,0,0,0,0,0,0,0,0,0,0,0.00017,0,0,0,0,0,0,0,0,0,0,0,0,0,0,0,0,0,0
"k__Bacteria|p__Firmicutes|c__Negativicutes|o__Veillonellales|f__Veillonellaceae|g__Megasphaera|s__Megasphaera_elsdenii|t__SGB5862",0,0,0,0,0,0,0,0.10037,0.00878,0,0,0,0,0,0,0,0.0868,0,0,0,0,0,0,0,0,0.10755,0.00163,0,0,0,0,0,0,0,0,0,0,0,0,0,0,0
"k__Bacteria|p__Firmicutes|c__Negativicutes|o__Veillonellales|f__Veillonellaceae|g__Megasphaera|s__Megasphaera_hominis|t__SGB5851",0,0,0,0,0,0,0,0,0,0,0,0,0.01102,0,0,0,0,0,0,0,0,0,0,0,0,0,0,0,0,0,0,0,0,0,0,0,0,0,0,0,0,0
"k__Bacteria|p__Firmicutes|c__Negativicutes|o__Veillonellales|f__Veillonellaceae|g__Megasphaera|s__Megasphaera_micronuciformis|t__SGB5868",0,0,0,0,0,0,0,0,0,0,0,0,0,0,0.00128,0,0,0,0,0,0,0,0,0,0,0,0,0,0,0,0,0,0,0,0,0,0,0,0,0,0,0.00628
"k__Bacteria|p__Firmicutes|c__Negativicutes|o__Veillonellales|f__Veillonellaceae|g__Megasphaera|s__Megasphaera_sp_DJF_B143|t__SGB5852",0,0,0,0,0,0,0,0.04792,0.00749,0,0,0,0,0,0,0,0,0,0,0,0,0,0,0,0,0,0,0,0,0.0259,0.06891,0.04725,0,0,0,0,0,0,0,0,0,0
"k__Bacteria|p__Firmicutes|c__Negativicutes|o__Veillonellales|f__Veillonellaceae|g__Megasphaera|s__Megasphaera_sp_NM10|t__SGB5858",0,0,0,0,0,0,0,0,0,0,0,0,0,0,0,0,0,0,0,0,0,0,0,0,0,0,0,0,0,0,0.16028,0.00176,0,0,0,0.34396,0,0,0,0,0,0
"k__Bacteria|p__Firmicutes|c__Negativicutes|o__Veillonellales|f__Veillonellaceae|g__Megasphaera|s__Megasphaera_stantonii|t__SGB5854",0,0,0,0,0,0,0,0,0,0,0,0,0,0.11325,0,0,0,0,0,0,0,0,0,0,0,0,0,0,0,0,0,0,0,0,0,0,0,0,0,0,0,0
"k__Bacteria|p__Firmicutes|c__Negativicutes|o__Veillonellales|f__Veillonellaceae|g__Veillonella|s__Veillonella_atypica|t__SGB6936",0,0,0.03506,0,0,0,0,0,0,0.9442,0.21064,0,0,0,0.00285,0.01416,0,0.02691,0.22491,0.02813,0.00052,0,0,0,0,0,0,0.00906,0,0,0,0,0,0,0.01097,0,0.00289,0,0,0,0.00135,0.19054
"k__Bacteria|p__Firmicutes|c__Negativicutes|o__Veillonellales|f__Veillonellaceae|g__Veillonella|s__Veillonella_dispar|t__SGB6952",0,0,0.02506,0,0.002,0,0,0,0.00044,2.58298,1.04396,0,0,0,0,0.05535,0,0.08871,0.25693,0.0911,0,0,0,0.00115,0,0,0,0.00762,0,0.00524,0.00226,0,0,0,0.01563,0,0.08751,0.00438,0,0,0,0.07199
"k__Bacteria|p__Firmicutes|c__Negativicutes|o__Veillonellales|f__Veillonellaceae|g__Veillonella|s__Veillonella_parvula|t__SGB6939",0,0.00388,0.02952,0,0.00017,0,0.02772,0,0,0.15547,0.10942,0.00201,0,0,0.00016,0.04783,0,0.02107,0.03582,0.08954,0,0,0,0.01534,0,0,0,0.01789,0,0.00063,0.01401,0,0,0,0.0581,0,0.23407,0.00914,0,0,0,0.43099
"k__Bacteria|p__Firmicutes|c__Negativicutes|o__Veillonellales|f__Veillonellaceae|g__Veillonella|s__Veillonella_rogosae|t__SGB6956",0.00775,0.00894,0,0,0,0,7e-05,0,0,0.08011,0.04873,0,0,0,0,0,0,0,0.02089,0,0,0,0,0.00144,0,0,0,0,0,0,0,0,0,0.0015,0,0,0.00408,0.00067,0,0,0,0
"k__Bacteria|p__Firmicutes|c__Tissierellia|o__Tissierellales|f__Peptoniphilaceae|g__Anaerococcus|s__Anaerococcus_lactolyticus|t__SGB6669",0,0,0,0,0,0,0,0,0,0,0,0,0,0,0,0,0,0,0,0,0,0,0,0,0,0,0,0,0.64131,0,0,0,0,0,0,0,0,0,0,0,0,0.0504
"k__Bacteria|p__Firmicutes|c__Tissierellia|o__Tissierellales|f__Peptoniphilaceae|g__Anaerococcus|s__Anaerococcus_mediterraneensis|t__SGB29507",0,0,0,0,0,0,0,0,0,0,0,0,0,0,0,0,0,0,0,0,0,0,0,0,0,0,0,0,0.02334,0,0,0,0,0,0,0,0,0,0,0,0,0
"k__Bacteria|p__Firmicutes|c__Tissierellia|o__Tissierellales|f__Peptoniphilaceae|g__Anaerococcus|s__Anaerococcus_murdochii|t__SGB6671",0,0,0,0,0,0,0,0,0,0,0,0.00073,0,0,0,0,0,0,0,0,0,0,0,0.00239,0,0,0,0,0,0,0.02351,0,0,0,0,0,0,0,0,0,0,0
"k__Bacteria|p__Firmicutes|c__Tissierellia|o__Tissierellales|f__Peptoniphilaceae|g__Anaerococcus|s__Anaerococcus_obesiensis|t__SGB6661",0,0,0.00041,0.02548,0,0.0028,0,0,0,0,0,0,0,0.03596,0,0.07558,0,0.00638,0,0,0,0,0,0,0,0,0,0,12.24159,0.0158,0.01187,0,0,0,0,0,0,0,0,0,0,0
"k__Bacteria|p__Firmicutes|c__Tissierellia|o__Tissierellales|f__Peptoniphilaceae|g__Anaerococcus|s__Anaerococcus_prevotii|t__SGB6679",0,0,0,0,0,0,0,0,0,0,0,0,0,0,0,0.00698,0,0,0,0,0,0,0,0,0,0,0,0,0,0,0,0,0,0,0,0,0,0,0,0,0,0
"k__Bacteria|p__Firmicutes|c__Tissierellia|o__Tissierellales|f__Peptoniphilaceae|g__Anaerococcus|s__Anaerococcus_sp_Marseille_P3625|t__SGB29504",0,0,0,0,0,0,0,0,0,0,0,0,0,0,0,0,0,0,0,0,0,0,0,0,0,0,0,0,0,0,0,0.00013,0,0,0,0,0,0,0,0,0,0
"k__Bacteria|p__Firmicutes|c__Tissierellia|o__Tissierellales|f__Peptoniphilaceae|g__Anaerococcus|s__Anaerococcus_tetradius|t__SGB6674",0,0,0,0,0,0,0,0,0,0,0,0,0,0,0,0,0,0,0,0.00052,0,0,0,0,0,0,0,0,0,0,0,0,0,0,0,0,0,0,0,0,0,0
"k__Bacteria|p__Firmicutes|c__Tissierellia|o__Tissierellales|f__Peptoniphilaceae|g__Finegoldia|s__Finegoldia_magna|t__SGB6683",0,0,0,0,0,0,0,0,0,0,0,0,0,0,0,0,0,0,0,0.00275,0,0,0,0,0,0,0,0,0.06428,0,0,0,0,0,0,0,0,0,0,0,0,0
"k__Bacteria|p__Firmicutes|c__Tissierellia|o__Tissierellales|f__Peptoniphilaceae|g__Finegoldia|s__Finegoldia_magna|t__SGB6686_group",0,0,0,0.00139,0,0.00054,0,0,0,0,0,0,0,0.00098,0,0.00073,0,0,0,0,0,0,0,0,0,0,0,0,0,0,0,0,0,0,0,0,0,0,0,0,0,0
"k__Bacteria|p__Firmicutes|c__Tissierellia|o__Tissierellales|f__Peptoniphilaceae|g__Helcococcus|s__Helcococcus_sueciensis|t__SGB29519",0,0,0,0,0,0,0,0,0,0,0,0,0,0,0,0,0,0,0,0,0,0,0,0,0,0,0,0,0,0,0,0,0.00077,0,0,0,0,0,0,0,0,0
"k__Bacteria|p__Firmicutes|c__Tissierellia|o__Tissierellales|f__Peptoniphilaceae|g__Parvimonas|s__Parvimonas_micra|t__SGB6649",0,0,0,0,0,0,0,0,0,0,0,0,0,0,0.00208,0,0,0,0,0,0,0,0,0,0,0,0,0,0,0,0,0,0,0,0,0.00178,0,0,0,0,0,0
"k__Bacteria|p__Firmicutes|c__Tissierellia|o__Tissierellales|f__Peptoniphilaceae|g__Parvimonas|s__Parvimonas_micra|t__SGB6653",0.00146,0.00141,0.1964,0.34447,0,0.04629,0.00294,0.21535,0,0.00017,0.00075,5.38385,0.06991,0.03528,0.00584,0.77126,0,0.25853,0,0.57215,0,1.77556,0.02492,0.02972,0.00396,0,0,0.00265,13.46018,0.33051,0.76266,0.00665,0.00398,0.01674,0.7281,0.04427,0.27283,0.29491,0.08199,0.04668,0,0.22533
"k__Bacteria|p__Firmicutes|c__Tissierellia|o__Tissierellales|f__Peptoniphilaceae|g__Parvimonas|s__Parvimonas_parva|t__SGB6648",0,0,0,0,0,0,0,0,0,0,0,0,0,0,0,0,0,0,0,0,0,0,0,0,0,0,0,0,0,0,0,0,0,0.00051,0,0,0,0,0,0,0,0
"k__Bacteria|p__Firmicutes|c__Tissierellia|o__Tissierellales|f__Peptoniphilaceae|g__Parvimonas|s__Parvimonas_sp_oral_taxon_110|t__SGB6654",0,0,0,0,0,0,0,0,0,0,0,0,0,0,0,0,0,0,0,0,0,0,0,0,0,0.00177,0,0,0,0,0,0,0,0,0,0,0,0,0,0,0,0
"k__Bacteria|p__Firmicutes|c__Tissierellia|o__Tissierellales|f__Peptoniphilaceae|g__Peptoniphilus|s__Peptoniphilus_gorbachii|t__SGB6699",0,0,0,0,0,0,0,0,0,0,0,0,0,0,0,0,0,0,0,0,0,0,0,0,0,0,0,0,0.03758,0,0,0,0,0,0,0,0,0,0,0,0,0
"k__Bacteria|p__Firmicutes|c__Tissierellia|o__Tissierellales|f__Peptoniphilaceae|g__Peptoniphilus|s__Peptoniphilus_grossensis|t__SGB6701",0,0,0,0,0,0,0,0,0,0,0,0,0,0,0,0,0,0,0,0,0,0,0,0,0,0,0,0,0.00021,0.00261,0,0.00231,0,0,0,0,0,0,0,0,0,0
"k__Bacteria|p__Firmicutes|c__Tissierellia|o__Tissierellales|f__Peptoniphilaceae|g__Peptoniphilus|s__Peptoniphilus_harei|t__SGB6697",0,0,0,0,0,0,0,0,0,0,0,0,0,0,0,0,0,0,0,0,0,0.01569,0,0,0,0,0,0,0,0,0,0,0,0,0,0,0,0,0,0,0,0
"k__Bacteria|p__Firmicutes|c__Tissierellia|o__Tissierellales|f__Peptoniphilaceae|g__Peptoniphilus|s__Peptoniphilus_lacrimalis|t__SGB6705",0,0,0,0,0,0,0,0,0,0,0,0,0,0,0,0,0,0,0,0,0,0,0,0,0,0,0,0,0,0,0.00015,0.00355,0,0,0,0,0,0,0,0,0,0
"k__Bacteria|p__Firmicutes|c__Tissierellia|o__Tissierellales|f__Peptoniphilaceae|g__Peptoniphilus|s__Peptoniphilus_phoceensis|t__SGB29491",0,0,0,0,0,0,0,0,0,0,0,0,0,0,0,0.00033,0,0,0,0,0,0,0,0,0,0,0,0,0,0,0,0,0,0,0,0,0,0,0,0,0,0
"k__Bacteria|p__Firmicutes|c__Tissierellia|o__Tissierellales|f__Peptoniphilaceae|g__Peptoniphilus|s__Peptoniphilus_sp_Marseille_P3761|t__SGB29485",0,0,0,0,0,0,0,0,0,0,0,0,0,0.00011,0,0,0,0,0,0,0,0,0,0,0,0,0,0,0,0.00085,0,0,0,0,0,0,0,0,0,0,0,0
"k__Bacteria|p__Firmicutes|c__Tissierellia|o__Tissierellales|f__Peptoniphilaceae|g__Urinicoccus|s__Urinicoccus_massiliensis|t__SGB29501",0,0,0,0,0,0,0,0,0,0,0,0,0,0,0,0,0,0.0567,0,0,0,0,0,0,0,0,0,0,0,0,0,0,0,0,0,0,0,0,0,0,0,0
"k__Bacteria|p__Firmicutes|c__Tissierellia|o__Tissierellia_unclassified|f__Tissierellia_unclassified|g__Ezakiella|s__Ezakiella_coagulans|t__SGB6728",0,0,0,0,0,0,0,0,0,0,0,0,0,0,0,0,0,0,0,0,0,0,0,0.00186,0,0,0,0,0,0.00306,0,0,0,0,0,0,0,0,0,0,0,0
"k__Bacteria|p__Fusobacteria|c__Fusobacteriia|o__Fusobacteriales|f__Fusobacteriaceae|g__Fusobacterium|s__Fusobacterium_gonidiaformans|t__SGB5985",0,0,0,0,0,0,0,0,0,0,0,0,0,0,0,0,0,0,0,0,0,0,0,0,0,0,0,0,0,0.02323,0,0,0,0,0,0,0,0,0,0,0,0
"k__Bacteria|p__Fusobacteria|c__Fusobacteriia|o__Fusobacteriales|f__Fusobacteriaceae|g__Fusobacterium|s__Fusobacterium_mortiferum|t__SGB6031",0,0,0,0,0,0,0,0,0,0,0,0,0,0.03865,0.00918,0,0,0,0,0,0,0,0,0,0,0,0,0,0,0,0,0,0,0,0,0,0,0,0,0,0,0
"k__Bacteria|p__Fusobacteria|c__Fusobacteriia|o__Fusobacteriales|f__Fusobacteriaceae|g__Fusobacterium|s__Fusobacterium_necrophorum|t__SGB5986",0,0,0,0,0,0.02217,0,0,0,0,0,22.17497,0.0193,0,0,0,0,0,0,0,0,0,0,0,0,0,0,0,0,0,0,0,0,0,0,0,0,0,0,0,0,0
"k__Bacteria|p__Fusobacteria|c__Fusobacteriia|o__Fusobacteriales|f__Fusobacteriaceae|g__Fusobacterium|s__Fusobacterium_nucleatum|t__SGB6001",0,0,0,0,0,0,0,0,0,0,0,0,0,0,0,0.00127,0,0,0,0,0,0.00244,0,0,0,0,0,0,0.00068,0.00308,0,0,0,0,0,0,0,0,0,0,0,0
"k__Bacteria|p__Fusobacteria|c__Fusobacteriia|o__Fusobacteriales|f__Fusobacteriaceae|g__Fusobacterium|s__Fusobacterium_nucleatum|t__SGB6007",0,0,0,0,0,0,0,0,0,0,0,0,0,0.00136,0,0,0,0,0,0,0,0,0,0,0,0,0,0,0.38964,0,0,0,0,0,0.06184,0,0,0,0,0,0,0.02655
"k__Bacteria|p__Fusobacteria|c__Fusobacteriia|o__Fusobacteriales|f__Fusobacteriaceae|g__Fusobacterium|s__Fusobacterium_nucleatum|t__SGB6011",0,0,0,0,0,0,0,0,0,0,0,0,0,0,0,0.10653,0,0,0,0.00971,0,0.00037,0,0,0,0,0,0,0.00982,0.2951,0,0,0,0,0.0036,0,0,0,0,0,0,0.00305
"k__Bacteria|p__Fusobacteria|c__Fusobacteriia|o__Fusobacteriales|f__Fusobacteriaceae|g__Fusobacterium|s__Fusobacterium_nucleatum|t__SGB6013",0,0,0,0,0,0,0,0.00965,0,0,0,0,0,0,0,0,0,0,0,0,0,0.00787,0,0,0,0,0,0,0.74457,0,0,0,0,0,0.01436,0,0,0,0.00085,0.00591,0,0
"k__Bacteria|p__Fusobacteria|c__Fusobacteriia|o__Fusobacteriales|f__Fusobacteriaceae|g__Fusobacterium|s__Fusobacterium_nucleatum|t__SGB6014",0,0,0,0,0,0,0,0.00038,0,0,0,0,0,0,0,0.00229,0,0,0,0,0,0,0,0,0,0,0,0,0.07557,0.01609,0,0,0,0,0.00193,0,0,0,0,0,0,0.00058
"k__Bacteria|p__Fusobacteria|c__Fusobacteriia|o__Fusobacteriales|f__Fusobacteriaceae|g__Fusobacterium|s__Fusobacterium_periodonticum|t__SGB5989_group",0,0,0.00495,0,0,0,0,0,0,0,0,0,0,0,0,0,0,0.00169,0,0.00061,0,0,0,0,0,0,0,0,0,0,0.01019,0,0,0,0,0,0.00472,0.00287,0,0,0,0
"k__Bacteria|p__Fusobacteria|c__Fusobacteriia|o__Fusobacteriales|f__Fusobacteriaceae|g__Fusobacterium|s__Fusobacterium_ulcerans|t__SGB6039",0,0,0,0,0,0,0,0,0,0,0,0,0,0,0,0,0,0,0,0,0,0.04141,0.05555,0,0,0,0,0,0,0,0,0,0.09291,0,0,0,0,0,0,0,0,0
"k__Bacteria|p__Fusobacteria|c__Fusobacteriia|o__Fusobacteriales|f__Fusobacteriaceae|g__Fusobacterium|s__Fusobacterium_varium|t__SGB6038",0,0,0,0,0,0,0,0,0,0,0,0.0213,0.00245,0,0,0,0,0,0,0,0,0,0,0,0,0,0,0.03053,0,0,0,0,0,0,0,0,0,0,0,0,0,0
"k__Bacteria|p__Fusobacteria|c__Fusobacteriia|o__Fusobacteriales|f__Fusobacteriaceae|g__GGB4386|s__GGB4386_SGB6036|t__SGB6036_group",0,0,0,0,0,0,0,0,0,0,0.00187,0,0,6.01556,1.26783,0,0,0,0,0,0,0,0,0,0,0,0,0,0,0,0,0,0,0,0,0,0,0,0,0,0,0
"k__Bacteria|p__Lentisphaerae|c__CFGB2345|o__OFGB2345|f__FGB2345|g__GGB6470|s__GGB6470_SGB9153|t__SGB9153",0,0,0,0,0,0,0,0,0,0,0,0.02151,0,0,0,0,0,0,0,0,0,0,0,0,0,0,0,0,0,0,0,0,0,0,0,0,0,0,0,0,0,0
"k__Bacteria|p__Lentisphaerae|c__Lentisphaeria|o__Victivallales|f__Victivallaceae|g__Victivallis|s__Victivallis_lenta|t__SGB9203",0,0,0,0,0,0,0,0,0,0,0,0,0,0,0,0,0,0,0,0,0,0,0,0,0,0,0,0,0,0.0031,0,0,0,0,0,0,0,0,0,0,0,0
"k__Bacteria|p__Proteobacteria|c__Betaproteobacteria|o__Burkholderiales|f__Comamonadaceae|g__Comamonas|s__Comamonas_kerstersii|t__SGB12676",0,0,0,0,0,0,0,0,0,0,0,0,0,0,0,0,0,0,0,0,0,0,0,0,0,0,0,0,0,0.00192,0,0,0,0,0,0,0,0.0045,0,0,0,0
"k__Bacteria|p__Proteobacteria|c__Betaproteobacteria|o__Burkholderiales|f__Oxalobacteraceae|g__GGB6649|s__GGB6649_SGB9391|t__SGB9391",0,0.00297,0,0,0,0,0,0.00068,0,0,0,0.00467,0.00093,0,0,0,0.01658,0,0,0,0,0.01394,0.0125,0,0,0,0,0.0201,0,0,0,0.02142,0,0,0,0,0,0,0,0,0,0
"k__Bacteria|p__Proteobacteria|c__Betaproteobacteria|o__Burkholderiales|f__Sutterellaceae|g__Duodenibacillus|s__Duodenibacillus_massiliensis|t__SGB9273",0,0,0,0,0,0,0,0,0,0,0,0,0,0,0,0,0,0,0,0,0,0,0,0,0,0,0,0,0,0.00989,0,0,0,0,0,0,0,0,0,0,0,0.00297
"k__Bacteria|p__Proteobacteria|c__Betaproteobacteria|o__Burkholderiales|f__Sutterellaceae|g__GGB6554|s__GGB6554_SGB9257|t__SGB9257",0,0,0,0,0,0,0,0,0,0,0,0,0,0,0,0,0,0,0,0,0,0,0,0,0,0,0,0,0,0,0,0,0,0,0,0,0,0,0,0,0,0.00066
"k__Bacteria|p__Proteobacteria|c__Betaproteobacteria|o__Burkholderiales|f__Sutterellaceae|g__GGB6567|s__GGB6567_SGB9277|t__SGB9277",0,0,0,0,0,0,0,0,0,0,0,0,0,0,0,0,0,0,0,0,0.00317,0,0,0,0,0,0,0,0,0,0,0,0,0,0,0,0,0,0,0,0,0
"k__Bacteria|p__Proteobacteria|c__Betaproteobacteria|o__Burkholderiales|f__Sutterellaceae|g__Mesosutterella|s__Mesosutterella_multiformis|t__SGB9272",0,0,0,0,0,0,0,0,0,0,0,0,0,0,0,0,0,0,0,0,0,0.00598,0,0,0,0,0,0,0,0,0,0,0,0,0,0,0,0,0,0,0,0
"k__Bacteria|p__Proteobacteria|c__Betaproteobacteria|o__Burkholderiales|f__Sutterellaceae|g__Parasutterella|s__Parasutterella_excrementihominis|t__SGB9262",0,0.00137,0.00052,0,0,0,0,0,0,0,0,0,0.00495,0,0,0,0,0,0,0,0,0,0,0.20145,0.04011,0,0,0,0,0,0,0,0.01181,0.06215,0,0.00885,0,0,0,0,0,0.00436
"k__Bacteria|p__Proteobacteria|c__Betaproteobacteria|o__Burkholderiales|f__Sutterellaceae|g__Parasutterella|s__Parasutterella_SGB9260|t__SGB9260",0,0,0,0,0,0,0,0,0,0,0,0,0,0,0,0,0,0,0,0.00077,0.04215,0,0,0,0,0,0,0,0,0,0,0,0,0,0,0,0,0,0,0,0,0
"k__Bacteria|p__Proteobacteria|c__Betaproteobacteria|o__Burkholderiales|f__Sutterellaceae|g__Sutterella|s__Sutterella_faecalis|t__SGB9295",0.1535,0.00437,0,0,0,0,0,0,0,0,0,0,0,0,0,0,0,0,0,0,0,0.05126,0,0,0,0.01685,0.00562,0,0,0,0,0,0,0,0.00293,0,0,0,0.01255,0.02858,0.00033,0
"k__Bacteria|p__Proteobacteria|c__Betaproteobacteria|o__Burkholderiales|f__Sutterellaceae|g__Sutterella|s__Sutterella_SGB9281|t__SGB9281",0,0,0,0,0,0,0,0,0,0,0,0,0,0,0,1e-04,0,0,0,0,0,0,0,0,0,0,0,0,0,0,0,0,0,0,0,0,0,0,0,0.00045,0,0
"k__Bacteria|p__Proteobacteria|c__Betaproteobacteria|o__Burkholderiales|f__Sutterellaceae|g__Sutterella|s__Sutterella_SGB9298|t__SGB9298",0,0,0,0,0,0,0,0,0,0,0,0.0101,0.00885,0,0,0,0,0,0,0,0,0,0,0,0,0,0,0,0,0,0,0,0,0,0,0,0,0,0,0,0,0
"k__Bacteria|p__Proteobacteria|c__Betaproteobacteria|o__Burkholderiales|f__Sutterellaceae|g__Sutterella|s__Sutterella_wadsworthensis|t__SGB9283",0,0.00239,0.017,0,0,0,0,0.00191,0,0.42582,0.09434,0,0,0.00081,0,0,0,0.00574,0.00038,0.00187,0.00842,6e-05,0.00339,0,0,0,0,0,0.12176,0,0,0.02538,0.01612,0.0286,0,0,0,0,0,0.00059,0,0
"k__Bacteria|p__Proteobacteria|c__Betaproteobacteria|o__Burkholderiales|f__Sutterellaceae|g__Sutterella|s__Sutterella_wadsworthensis|t__SGB9286",0,0,0,0,0,0,0,0.00775,0.00179,0,0,0,0,0.0459,0.00166,0.44918,0.00502,0.05783,0.00428,0,0,0.0942,0.0911,0,0,0.00891,0.00132,0,0,0,0,0.029,0,0,0.04222,0,0.00144,0,0,8e-04,0,0
"k__Bacteria|p__Proteobacteria|c__Betaproteobacteria|o__Neisseriales|f__Chromobacteriaceae|g__Microvirgula|s__Microvirgula_aerodenitrificans|t__SGB22508",0,0,0,0,0,0,0,0,0,0,0,0,0,0,0,0,0,0,0,0,0,0,0,0,0,0,0,0,0,0,0,0,0,4e-05,0,0,0,0,0,0,0,0
"k__Bacteria|p__Proteobacteria|c__Betaproteobacteria|o__Neisseriales|f__Neisseriaceae|g__Neisseria|s__Neisseria_elongata|t__SGB9447",0,0,0.008,0,0,0,0,0,0,0,0,0,0,0,0,0,0,0,0,0,0,0,0,0,0,0,0,0,0,0,0,0,0,0,0,0,0,0,0,0,0,0
"k__Bacteria|p__Proteobacteria|c__Betaproteobacteria|o__Neisseriales|f__Neisseriaceae|g__Neisseria|s__Neisseria_subflava|t__SGB9450_group",0,0.00149,0.05882,0,0,0,0,0,0,0,0.03296,0,0,0,0,0,0,0,6e-04,0,0,0,0,0,0,0,0,0,0,0,0,0,0,0,0,0,0,0,0,0,0,0
"k__Bacteria|p__Proteobacteria|c__CFGB2404|o__OFGB2404|f__FGB2404|g__GGB6613|s__GGB6613_SGB9347|t__SGB9347",0,0,0,0,0,0,0,0,0,0,0,0,0.02078,0,0,0,0,0,0,0,0,0,0,0,0,0,0,0,0,0,0,0,0,0,0,0,0,0,0,0,0,0
"k__Bacteria|p__Proteobacteria|c__Deltaproteobacteria|o__Desulfovibrionales|f__Desulfovibrionaceae|g__Bilophila|s__Bilophila_SGB15451|t__SGB15451",0.02788,0.01466,0,0,0,0,0,0,0,0,0,0,0,0,0,0,0,0,0,0,0,0,0,0,0,0,0,0,0,0,0,0,0,0,0,0,0,0,0,0.00448,0,0
"k__Bacteria|p__Proteobacteria|c__Deltaproteobacteria|o__Desulfovibrionales|f__Desulfovibrionaceae|g__Bilophila|s__Bilophila_wadsworthia|t__SGB15452",0.00676,0.00889,0.01441,0.04659,0.01341,0.00521,0.05623,0.02193,0.00334,0.01491,0.20122,0.79869,0.07947,0.01969,0.05399,0.27883,0.04183,0,0.04022,0,0,0.16253,0.08274,0,0,0.02564,0.00768,0.56999,0.70494,0.00908,0.0527,0.08267,0.04601,0.00067,0.00078,0.02292,0,0.13763,0,0,0,0.00178
"k__Bacteria|p__Proteobacteria|c__Deltaproteobacteria|o__Desulfovibrionales|f__Desulfovibrionaceae|g__Desulfovibrio|s__Desulfovibrio_desulfuricans|t__SGB15462",0,0,0,0.24505,0,0,0,0,0,0,0,0,0,0,0,0.49055,0,0,0,0,0,0.09696,0.02329,0,0,0,0.01129,0,0,0.04267,0.14312,0.02298,0,0,0.03632,0,0,0,0.008,0.00121,0,0
"k__Bacteria|p__Proteobacteria|c__Deltaproteobacteria|o__Desulfovibrionales|f__Desulfovibrionaceae|g__Desulfovibrio|s__Desulfovibrio_desulfuricans|t__SGB15463",0,0,0,0,0,0,0,0,0,0,0,0.00651,0.00924,0,0,0,0,0,0,0,0,0.06064,0.0216,0,0,0,0,0,0,0,0,0,0,0,0,0,0,0,0,0,0,0
"k__Bacteria|p__Proteobacteria|c__Deltaproteobacteria|o__Desulfovibrionales|f__Desulfovibrionaceae|g__Desulfovibrio|s__Desulfovibrio_piger|t__SGB15467",0.2099,0.08584,0,0,0,0,0,0,0,0,0,0,0,0.04553,0.01917,0,0.09435,0,0,0,0,0,0,0,0,0,0,0,0,0,0,0,0.21161,0.21922,0,0,0,0,0,0,0,0
"k__Bacteria|p__Proteobacteria|c__Deltaproteobacteria|o__Desulfovibrionales|f__Desulfovibrionaceae|g__Desulfovibrio|s__Desulfovibrio_porci|t__SGB15471",0,0,0,0,0,0,0,0,0,0,0,0,0,0,0,0,0,0,0,0,0,0,0,0,0,0,0,0,0.00204,0,0,0,0,0,0,0.55739,0,0,0.0195,0.16096,0,0
"k__Bacteria|p__Proteobacteria|c__Deltaproteobacteria|o__Desulfovibrionales|f__Desulfovibrionaceae|g__GGB9813|s__GGB9813_SGB15447|t__SGB15447",0,0,0,0,0,0,0,0,0,0,0,0,0,0,0,0,0,0.1346,0.00137,0,0,0,0,0,0,0,0,0,0,0.32085,0,0,0,0,0,0,0,0,0,0,0,0
"k__Bacteria|p__Proteobacteria|c__Deltaproteobacteria|o__Desulfovibrionales|f__Desulfovibrionaceae|g__GGB9819|s__GGB9819_SGB15460|t__SGB15460",0,0,0,0,0,0,0,0,0,0,0,0,0,0,0,0,0,0,0,0,0,0,0,0,0,0,0,0,0,0,0,0.00168,0,0,0,0,0,0,0,0,0,0
"k__Bacteria|p__Proteobacteria|c__Epsilonproteobacteria|o__Campylobacterales|f__Campylobacteraceae|g__Campylobacter|s__Campylobacter_ureolyticus|t__SGB19431",0,0,0,0,0,0,0,0,0,0,0,0.01207,0,0,0,0.00466,0,0,0,0,0,0,0,0,0,0,0,0,0.02905,0.0016,0,0,0,0,0,0,0,0,0,0,0,0
"k__Bacteria|p__Proteobacteria|c__Gammaproteobacteria|o__Aeromonadales|f__Aeromonadaceae|g__Aeromonas|s__Aeromonas_hydrophila|t__SGB9954",0,0,0,0,0,0,0,0,0,0,0,0,0,0,0,0,0,0,0,0,0,0,0,0,0,0,0,0,0,0,0,0,0.28241,0,0,0,0,0,0,0,0,0
"k__Bacteria|p__Proteobacteria|c__Gammaproteobacteria|o__Enterobacterales|f__Enterobacteriaceae|g__Atlantibacter|s__Atlantibacter_hermannii|t__SGB10047",0,0,0,0,0,0,0.054,0,0,0,0,0,0,0,0,0,0,0,0,0,0,0,0,0,0,0,0,0,0,0,0,0,0,0,0,0,0,0,0,0,0,0
"k__Bacteria|p__Proteobacteria|c__Gammaproteobacteria|o__Enterobacterales|f__Enterobacteriaceae|g__Citrobacter|s__Citrobacter_braakii|t__SGB10086",0,0,0,0,0,0,0.0323,0,0,0,0,0,0,0,0,0,0,0,0,0,0,0,0,4e-04,0,0,0,0.00585,0,0,0,0,0,0.02456,0,0,0,0,0,0,0,0
"k__Bacteria|p__Proteobacteria|c__Gammaproteobacteria|o__Enterobacterales|f__Enterobacteriaceae|g__Citrobacter|s__Citrobacter_freundii|t__SGB10083",0,0,0,0,0,0,0.10877,0,0,0,0,0,0,0,0,0,0,0,0,0,0,0,0.00071,0,0,0,0,0,0,0,0.02649,0,1.73321,0.15306,0,0,0,0,0,0,0,0.23542
"k__Bacteria|p__Proteobacteria|c__Gammaproteobacteria|o__Enterobacterales|f__Enterobacteriaceae|g__Citrobacter|s__Citrobacter_koseri|t__SGB10079",0,0.15815,0,0,0,0,0,0,0,0,0,0,0,0,0,0,0,0,0,0,0,0,0,0,0,0,0,0,0,0,0,0,0,0,0,0,0,0,0,0,0,0
"k__Bacteria|p__Proteobacteria|c__Gammaproteobacteria|o__Enterobacterales|f__Enterobacteriaceae|g__Citrobacter|s__Citrobacter_portucalensis|t__SGB10084",0,0,0,0,0,0,0.00586,0,0,0,0,0,0,0,0,0,0,0,0,0,0,0,0.0023,0,0,0,0,0.00049,0,0,0.01874,0,0.034,0.26315,0,0,0,0,0,0,0,0.01122
"k__Bacteria|p__Proteobacteria|c__Gammaproteobacteria|o__Enterobacterales|f__Enterobacteriaceae|g__Enterobacter|s__Enterobacter_asburiae|t__SGB10141",0,0,0.00588,0,0,0,0.04372,0,0,0,0,0,0,0,0,0,0,0,0,0,0,0,0,0,0,0,0,0.00962,0,0,0.01279,0,0,0.00103,0,0,0,0,0,0,0,0.00177
"k__Bacteria|p__Proteobacteria|c__Gammaproteobacteria|o__Enterobacterales|f__Enterobacteriaceae|g__Enterobacter|s__Enterobacter_bugandensis|t__SGB10135",0,0,0,0,0,0,0,0,0,0,0,0,0,0,0,0,0,0,0,0,0,0,0,0,0,0,0,0,0,0,0,0,0,0,0,0,0,0,0,0,0,0.00554
"k__Bacteria|p__Proteobacteria|c__Gammaproteobacteria|o__Enterobacterales|f__Enterobacteriaceae|g__Enterobacter|s__Enterobacter_hormaechei|t__SGB10130",0,0,0.04168,0,0,0,0,0,0,0,0,0,0,0,0,0,0,0,0,0,0,0,0,0,0,0,0,0.00116,0,0,0.00194,0,0,0.00836,0,0.01186,0,0,0,0,0,0.00087
"k__Bacteria|p__Proteobacteria|c__Gammaproteobacteria|o__Enterobacterales|f__Enterobacteriaceae|g__Enterobacter|s__Enterobacter_kobei|t__SGB10133",0,0,0,0,0,0,0.00514,0,0,0.02116,0,0,0,0,0,0,0,0,0,0,0,0,0.02374,0.00125,0,0,0,0,0,0,0,0,0.01341,7e-05,0,0,0,0,0,0,0,0.00804
"k__Bacteria|p__Proteobacteria|c__Gammaproteobacteria|o__Enterobacterales|f__Enterobacteriaceae|g__Enterobacter|s__Enterobacter_ludwigii|t__SGB10127",0,0,0.03444,0,0,0,0.05209,0,0,0.45033,0,0,0,0,0,0,0,0,0,0,0,0,0,0,0,0,0,0,0,0.0019,0.00043,0,0,0.01696,0,0,0,0,0,0,0,0.06557
"k__Bacteria|p__Proteobacteria|c__Gammaproteobacteria|o__Enterobacterales|f__Enterobacteriaceae|g__Enterobacter|s__Enterobacter_mori|t__SGB10132",0,0,0,0,0,0,0.05675,0,0,0,0,0,0,0,0,0,0,0,0,0,0,0,0,0,0,0,0,0,0,0,0,0,0,0,0,0,0,0,0,0,0,0.00255
"k__Bacteria|p__Proteobacteria|c__Gammaproteobacteria|o__Enterobacterales|f__Enterobacteriaceae|g__Enterobacter|s__Enterobacter_roggenkampii|t__SGB10139",0,0,0,0,0,0,0,0,0,0,0,0,0,0,0,0,0,0,0,0,0,0,0,0,0,0,0,0,0,0,0.06417,0,0,0.01076,0,0,0,0,0,0,0,0.01466
"k__Bacteria|p__Proteobacteria|c__Gammaproteobacteria|o__Enterobacterales|f__Enterobacteriaceae|g__Escherichia|s__Escherichia_coli|t__SGB10068",0,0.00177,2.03032,0.00466,0,0.046,0.17443,0.01605,0,0.009,0.32183,0.02454,4.61803,3.58873,37.13203,0,0.25386,0.015,0,0.00066,0.00114,0.04174,0.05736,0.00457,0,0.00228,0.11788,0.2628,0.86651,0.01274,0.02667,0.01554,4.79195,0.37771,0.00325,1.57202,0,0.01388,0.00385,0,0,0.38578
"k__Bacteria|p__Proteobacteria|c__Gammaproteobacteria|o__Enterobacterales|f__Enterobacteriaceae|g__Klebsiella|s__Klebsiella_aerogenes|t__SGB10116",0,0,0,0,0,0,0,0,0,0,0,0,0,0,0,0,0,0,0,0,0,0,0,0.0046,0,0,0,0,0,0,0.01024,0,0,0.00583,0,0,0,0,0,0,0,0
"k__Bacteria|p__Proteobacteria|c__Gammaproteobacteria|o__Enterobacterales|f__Enterobacteriaceae|g__Klebsiella|s__Klebsiella_grimontii|t__SGB10120",0,0,0,0,0,0,0,0,0,0,0,0,0,0,0,0,0,0,0,0,0,0,0,0,0,0,0,0,0,0,0,0,0,0.12422,0,0,0,0,0,0,0,0
"k__Bacteria|p__Proteobacteria|c__Gammaproteobacteria|o__Enterobacterales|f__Enterobacteriaceae|g__Klebsiella|s__Klebsiella_michiganensis|t__SGB10119",0,0,0,0,0,0,0.35913,0,0,0,0,0,0,0,0,0,0,0,0,0,0,0,0.00567,0,0,0,0,0,0,0,0,0,0,0.00646,0,0.00097,0,0,0,0,0,0
"k__Bacteria|p__Proteobacteria|c__Gammaproteobacteria|o__Enterobacterales|f__Enterobacteriaceae|g__Klebsiella|s__Klebsiella_oxytoca|t__SGB10118",0,0,0,0,0,0,0,0,0,0,0,0,0,0,0,0,0,0,0,0,0,0,0.01966,0,0,0,0,0,0,0,0.00034,0,0,0.02336,0,0,0,0,0,0,0,0
"k__Bacteria|p__Proteobacteria|c__Gammaproteobacteria|o__Enterobacterales|f__Enterobacteriaceae|g__Klebsiella|s__Klebsiella_pneumoniae|t__SGB10115_group",0,0,2.95124,0,0,0,0.02622,0.01203,0,0,0,0,0,0,0,0.72645,0.10633,0,0,0,0,0.00662,0.00545,0.00655,0,0,0,0,0,0,0.27254,0,0,0.02149,0.28746,0.00067,0,0,0,0,0,0.00202
"k__Bacteria|p__Proteobacteria|c__Gammaproteobacteria|o__Enterobacterales|f__Enterobacteriaceae|g__Klebsiella|s__Klebsiella_quasipneumoniae|t__SGB10112",0,0,0,0,0,0.08039,0.29513,0,0,0,0,0,0,0,0,0,0,0,0,0,0,0,0,0,0,0,0,0,0,0,0,0,0,0,0,0,0,0,0,0,0,0.0294
"k__Bacteria|p__Proteobacteria|c__Gammaproteobacteria|o__Enterobacterales|f__Enterobacteriaceae|g__Klebsiella|s__Klebsiella_sp_WP3_S18_ESBL_05|t__SGB23240",0,0,0,0,0,0,0,0,0,0,0,0,0,0,0,0,0,0,0,0,0,0,0,0,0,0,0,0,0,0,0,0,0,0,0,0,0,0,0,0,0,0.00023
"k__Bacteria|p__Proteobacteria|c__Gammaproteobacteria|o__Enterobacterales|f__Enterobacteriaceae|g__Klebsiella|s__Klebsiella_variicola|t__SGB10114",0,0,0,0,0,0,0.14069,0,0,0,0,0,0,0,0,0,0,0,0,0,0,0.00171,0.00038,0,0,0,0,0,0,0,0.04173,0,0,0.04158,0,0,0,0,0,0,0,0
"k__Bacteria|p__Proteobacteria|c__Gammaproteobacteria|o__Enterobacterales|f__Enterobacteriaceae|g__Kluyvera|s__Kluyvera_ascorbata|t__SGB110047",0,0,0,0,0,0,0,0,0,0,0,0,0,0,0,0,0,0,0,0,0,0,0.00275,0,0,0,0,0,0,0,0,0,0,0,0,0,0,0,0,0,0,0
"k__Bacteria|p__Proteobacteria|c__Gammaproteobacteria|o__Enterobacterales|f__Enterobacteriaceae|g__Kluyvera|s__Kluyvera_cryocrescens|t__SGB23242",0,0,0,0,0,0,0,0,0,0,0,0,0,0,0,0,0,0,0,0,0,0,0.002,0.00339,0,0,0,0,0,0,0,0,0,0.00315,0,0,0,0,0,0,0,0.00312
"k__Bacteria|p__Proteobacteria|c__Gammaproteobacteria|o__Enterobacterales|f__Enterobacteriaceae|g__Kluyvera|s__Kluyvera_sichuanensis|t__SGB81752",0,0,0,0,0,0,0,0,0,0,0,0,0,0,0,0,0,0,0,0,0,0,0,0,0,0,0,0,0,0,0,0,0.11714,0,0,0,0,0,0,0,0,0
"k__Bacteria|p__Proteobacteria|c__Gammaproteobacteria|o__Enterobacterales|f__Enterobacteriaceae|g__Leclercia|s__Leclercia_adecarboxylata|t__SGB10147",0,0,0,0,0,0,0,0,0,0,0,0,0,0,0,0,0,0,0,0,0,0,0,0,0,0,0,0,0,0,0,0,0,0,0,0,0,0,0,0,0,0.00072
"k__Bacteria|p__Proteobacteria|c__Gammaproteobacteria|o__Enterobacterales|f__Enterobacteriaceae|g__Pseudescherichia|s__Pseudescherichia_SGB23273|t__SGB23273",0,0,0,0,0,0,0.00536,0,0,0,0,0,0,0,0,0,0,0,0,0,0,0,0,0,0,0,0,0,0,0,0,0,0,0,0,0,0,0,0,0,0,0
"k__Bacteria|p__Proteobacteria|c__Gammaproteobacteria|o__Enterobacterales|f__Enterobacteriaceae|g__Raoultella|s__Raoultella_ornithinolytica|t__SGB10124",0,0,0,0,0,0,0.00085,0,0,0,0,0,0,1.23174,0,0,0,0,0,0,0,0,0.00143,0,0,0,0.01328,0,0,0,0.0019,0,0.02845,0.00716,0,0,0,0,0,0,0,0.1504
"k__Bacteria|p__Proteobacteria|c__Gammaproteobacteria|o__Enterobacterales|f__Hafniaceae|g__Hafnia|s__Hafnia_paralvei|t__SGB10207",0,0,0,0,0,0,0,0,0,0,0,0,0,0,0,0,0,0,0,0,0,0,0.00176,0,0,0,0,0,0,0,0,0,0,0,0,0,0,0,0,0,0,0
"k__Bacteria|p__Proteobacteria|c__Gammaproteobacteria|o__Enterobacterales|f__Morganellaceae|g__Providencia|s__Providencia_alcalifaciens|t__SGB10003",0,0,0,0,0,0,0,0,0,0,0,0,0,0,0,0,0,0,0,0,0,0,0,0,0,0,0,0,0,0,0,0,0,0.01336,0,0,0,0,0,0,0,0
"k__Bacteria|p__Proteobacteria|c__Gammaproteobacteria|o__Pasteurellales|f__Pasteurellaceae|g__Aggregatibacter|s__Aggregatibacter_segnis|t__SGB9737_group",0,0,0.00785,0,0,0,0,0,0,0,0,0,0,0,0,0,0,0,0,0,0,0,0,0.00012,0,0,0,0,0.79958,0,0,0,0,0,0,0,0,0,0,0,0,0
"k__Bacteria|p__Proteobacteria|c__Gammaproteobacteria|o__Pasteurellales|f__Pasteurellaceae|g__Haemophilus|s__Haemophilus_parainfluenzae|t__SGB9712",0,0.01628,0.71124,0,0,0,0.00623,0,0,0,0,0,0,0,0,0,0,0.07632,0.04368,0.00309,0,0,0,0.00624,0,0,0,0.392,0.00072,0,0,0,0.00131,0,0,0,0,0,0,0,0,0
"k__Bacteria|p__Proteobacteria|c__Gammaproteobacteria|o__Pasteurellales|f__Pasteurellaceae|g__Haemophilus|s__Haemophilus_pittmaniae|t__SGB9656",0,0,0,0,0,0,0,0,0,0,0.00818,0,0,0,0,0,0,0,0,0,0,0,0,0,0,0,0,0,0,0,0,0,0,0,0,0,0,0,0,0,0,0
"k__Bacteria|p__Proteobacteria|c__Gammaproteobacteria|o__Pasteurellales|f__Pasteurellaceae|g__Haemophilus|s__Haemophilus_sputorum|t__SGB9631_group",0,0,0,0,0,0,0,0,0,0.05006,0.14803,0,0,0,0,0,0,0,0,0,0,0,0,0,0,0,0,0.01357,0,0,0,0,0,0,0,0,0,0,0,0,0,0
"k__Bacteria|p__Proteobacteria|c__Gammaproteobacteria|o__Pseudomonadales|f__Pseudomonadaceae|g__Pseudomonas|s__Pseudomonas_aeruginosa|t__SGB12320",0,0,0,0,0,0,0,0,0,0,0,0,0,0,0,0,0,0,0,0,0,0,0,0,0,0,0,0,0,0,0,0,7.13708,0,0,0,0,0,0,0,0,0
"k__Bacteria|p__Proteobacteria|c__Gammaproteobacteria|o__Pseudomonadales|f__Pseudomonadaceae|g__Pseudomonas|s__Pseudomonas_fragi|t__SGB12107",0,0,0,0,0,0,0,0,0,0,0,0,0,0,0,0,0,0,0,0,0,0,0,0,0,0,0,0,0,0,0,0,0,0,0.00025,0,0,0,0,0,0,0
"k__Bacteria|p__Synergistetes|c__Synergistia|o__Synergistales|f__Synergistaceae|g__Cloacibacillus|s__Cloacibacillus_evryensis|t__SGB15506",0,0,0,0.0136,0,0,0,9e-04,0,0,0,0.05531,0.09152,0,0,0.00549,0,0,0,0,0,0,0,0,0,0,0,0,0,0.04956,0,0,0,0,0,0,0,0,0.00287,0.00288,0,0
"k__Bacteria|p__Synergistetes|c__Synergistia|o__Synergistales|f__Synergistaceae|g__Cloacibacillus|s__Cloacibacillus_porcorum|t__SGB15507",0,0,7e-05,0,0,0,0,0.0199,0,0,0,0.14271,0.31254,0,0,0,0.10119,0,0,0,0,0.01062,0.29521,0,0,0,0.00682,0,0,0.36287,0,0.00259,0,0,0,0.00011,0,0,0,0,0,0
"k__Bacteria|p__Synergistetes|c__Synergistia|o__Synergistales|f__Synergistaceae|g__Fretibacterium|s__Fretibacterium_fastidiosum|t__SGB17525",0,0,0,0,0,0,0,0,0,0,0,0,0,0,0,0,0,0,0,0,0,0,0,0,0,0,0,0,0,0,0,0,0,0,0.00713,0,0,0,0,0,0,0
"k__Bacteria|p__Synergistetes|c__Synergistia|o__Synergistales|f__Synergistaceae|g__GGB10852|s__GGB10852_SGB17521|t__SGB17521",0,0,0,0,0,0,0,0,0,0,0,0,0,0,0,0,0,0,0,0,0,0,0,0,0,0,0,0,0,0,0,0,0,0,0.00573,0,0,0,0,0,0,0
"k__Bacteria|p__Synergistetes|c__Synergistia|o__Synergistales|f__Synergistaceae|g__Pyramidobacter|s__Pyramidobacter_piscolens|t__SGB15497",0,0,0.00015,0,0,0,0,0,0,0,0,0,0.14093,0,0,0,0,0,0,0,0,0,0,0,0,0,0,0,0,0,0,0,0,0,0,0,0,0,0,0,0,0
"k__Bacteria|p__Tenericutes|c__CFGB1787|o__OFGB1787|f__FGB1787|g__GGB4745|s__GGB4745_SGB6570|t__SGB6570",0,0,0,0,0,0,0,0,0,0,0,0,0,0,0,0,0,0,0,0,0,0,0,0,0,0,0,0,0,0,0,0,0,0,0,0,0,0,0.00839,0.01274,0,0
"k__Bacteria|p__Tenericutes|c__CFGB1787|o__OFGB1787|f__FGB1787|g__GGB4750|s__GGB4750_SGB6579|t__SGB6579",0,0.04887,0,0,0,0,0,0,0,0,0,0,0,0,0,0,0,0,0,0,0,0,0,0,0,0,0,0,0,0,0,0,0,0,0,0,0,0,0,0,0,0
"k__Bacteria|p__Tenericutes|c__CFGB1800|o__OFGB1800|f__FGB1800|g__GGB13818|s__GGB13818_SGB6606|t__SGB6606",0.00934,0.01209,0,0,0,0,0,0,0,0,0,0,0,0,0,0,0,0,0,0,0,0,0,0,0,0,0,0,0,0,0,0,0,0,0,0,0,0,0,0,0,0
"k__Bacteria|p__Verrucomicrobia|c__Opitutae|o__Puniceicoccales|f__Puniceicoccaceae|g__GGB6128|s__GGB6128_SGB8774|t__SGB8774",0,0,0,0,0,0,0,0,0,0,0,0,0,0,0,0,0,0,0,0,0,0,0,0,0,0,0,0,0,0,0,0,0,0,0,0.00392,0,0,0,0,0,0
"k__Bacteria|p__Verrucomicrobia|c__Verrucomicrobiae|o__Verrucomicrobiales|f__Akkermansiaceae|g__Akkermansia|s__Akkermansia_muciniphila|t__SGB9226",0,0,0,0,0,0,0,0,0,0,0,12.70682,10.55949,0,0,0,0.06771,0,0,0,0,1.87939,3.03915,0,0,0,0,0,0,1.32728,0,0,3.15391,4.05796,0,0,0.68573,10.73254,1.01342,0.11855,0,0
"k__Bacteria|p__Verrucomicrobia|c__Verrucomicrobiae|o__Verrucomicrobiales|f__Akkermansiaceae|g__Akkermansia|s__Akkermansia_muciniphila|t__SGB9228",0,0,0,0,0,0,0,0,0,0,0,0,0,0.00078,0,2.3005,0,0,0.00791,0,0,0,0,0.00117,0.04778,0,0,0,0,0,0,0,0,0,0,0,0,0,0,0,0,0
