"clade_name","Sample_7","Sample_10","Sample_8","Sample_9","Sample_12","Sample_11","Sample_14","Sample_13","Sample_15","Sample_16","Sample_17","Sample_19","Sample_22","Sample_18","Sample_20","Sample_21","Sample_23","Sample_24","Sample_26","Sample_27","Sample_29","Sample_25","Sample_28","Sample_31","Sample_35","Sample_33","Sample_34","Sample_32","Sample_36","Sample_37","Sample_38","Sample_39","Sample_41","Sample_42","Sample_40","Sample_43","Sample_44","Sample_45","Sample_2","Sample_3","Sample_4","Sample_5"
"k__Archaea|p__Euryarchaeota|c__Methanobacteria|o__Methanobacteriales|f__Methanobacteriaceae|g__Methanobrevibacter",0,0,0,0,0,0,0,1.98338,0.10165,0,0,0,0,0,0,0,1.71584,0,0,0,0,0,0,0,0,0,0,0,0,1.99205,0,0,0,0,0,0,0,0,2.26785,1.35888,0,0
"k__Archaea|p__Euryarchaeota|c__Methanobacteria|o__Methanobacteriales|f__Methanobacteriaceae|g__Methanosphaera",0,0,0.15853,0,0,0,0,0.75039,0.03121,0,0,0,0,0,0,0,0.24136,0,0,0,0,0,0,0,0,0,0,0,0,1.07369,0,0,0,0,0,0,0,0,0.80152,0,0,0
"k__Bacteria|p__Actinobacteria|c__Actinomycetia|o__Actinomycetales|f__Actinomycetaceae|g__Actinobaculum",0,0,0,0,0,0,0,0,0,0,0,0,0,0,0,0.00159,0,0,0,0.01137,0.01004,0,0,0,0,0.00188,0.00815,0,0,0,0.00183,0.00016,0,0,0,0.00122,0,0,0,0,0,0
"k__Bacteria|p__Actinobacteria|c__Actinomycetia|o__Actinomycetales|f__Actinomycetaceae|g__Actinomyces",0.00102,0.00152,0.23204,0.21639,0.10436,0.01348,0.04334,0.00913,0.00438,0.06066,0.02619,0.00103,0.00696,0.05395,0.23303,0.0386,0.13889,0.00249,0.05042,0.11454,0.13107,0,0.01459,0.29192,0.02888,0.00049,0.01258,0.05915,0,0.01327,0.94007,0.17928,0.00268,0.01278,0.1817,0.03767,0.02107,0.01949,0.01909,0.04537,0.03672,0.1173
"k__Bacteria|p__Actinobacteria|c__Actinomycetia|o__Actinomycetales|f__Actinomycetaceae|g__Actinotignum",0,0,0,0,0,0,0,0,0,0,0,0,0,0,0,0,0,0,0,0.02035,0,0,0,0,0,0,0,0,0,0,0,0,0,0,0,0,0,0,0,0,0,0
"k__Bacteria|p__Actinobacteria|c__Actinomycetia|o__Actinomycetales|f__Actinomycetaceae|g__GGB9832",0,0,0,0,0,0,0,0,0,0,0,0,0,0,0,0,0,0,0,0,0,0.0046,0,0,0,4e-05,0,0,0.05255,0,0,0,0,0,0,0,0,0,0,0,0,0
"k__Bacteria|p__Actinobacteria|c__Actinomycetia|o__Actinomycetales|f__Actinomycetaceae|g__Mobiluncus",0,0,0,0,0,0,0,0,0,0,0,0,0,0,0,0.00435,0,0,0,0,0,0,0,0,0,0,0,0,0,0.00159,0,0,0,0,0,0,0,0,0,0,0,0
"k__Bacteria|p__Actinobacteria|c__Actinomycetia|o__Actinomycetales|f__Actinomycetaceae|g__Pauljensenia",0,0,0,0,0,0,0,0,0,0,0,0,4e-04,0,0,0,0.00058,0,0,0.00753,0.02231,0,0,0.00015,0,0,0,0.00037,0,0,0.01494,0.00368,0,0,0,0,0,0,0,0,0,0
"k__Bacteria|p__Actinobacteria|c__Actinomycetia|o__Actinomycetales|f__Actinomycetaceae|g__Peptidiphaga",0,0,0,0,0.00031,0,0,0,0,0,0,0,0.00597,0,0,0.0139,0,0,0,0,0,0,0,0.00033,0,0,0.00159,0,0,0,0.01011,0.00723,0,0,0.00418,0,0,0,0,0,0,0
"k__Bacteria|p__Actinobacteria|c__Actinomycetia|o__Actinomycetales|f__Actinomycetaceae|g__Schaalia",0.03271,0.04724,0.23291,0.17457,0.04737,0.00168,0.00576,0.03431,0.02212,0.04899,0.02485,0.00104,0.00461,0.00459,0.06586,0.02903,0.17579,0.04014,0.02342,0.09748,0.05298,0.01074,0.03198,0.46764,0.03116,0.00314,0.0335,0.00574,0.00461,0.06554,0.54946,0.09326,0.00817,0.04439,0.7668,0.03231,0.00142,0.00037,0.00802,0.01647,0.00105,0.12967
"k__Bacteria|p__Actinobacteria|c__Actinomycetia|o__Bifidobacteriales|f__Bifidobacteriaceae|g__Alloscardovia",0,0,1e-04,0,0.00068,0,0,0,0.00061,0,0,0,0,0.00645,0.0079,0,0.00125,0,0,0,0,0,0,0,0,0,0,0,0,0,0.02714,0.00024,0,0,0.00095,0,0,0,0,0,0,0.02895
"k__Bacteria|p__Actinobacteria|c__Actinomycetia|o__Bifidobacteriales|f__Bifidobacteriaceae|g__Bifidobacterium",5.90216,13.4303,6.24843,8.41995,41.55351,20.80186,8.7281,5.60031,3.97241,0.36552,0.03116,0.88592,12.15493,0.03091,0.03262,1.48126,0.80279,3.12921,1.24113,11.90523,0.28664,14.78876,26.55692,0.01755,0,11.55055,12.4667,2.48935,0.01072,0.39951,14.41097,5.68977,10.92734,0.38714,4.02632,0.90011,16.85033,6.81613,4.52722,0.30505,10.4102,6.64813
"k__Bacteria|p__Actinobacteria|c__Actinomycetia|o__Bifidobacteriales|f__Bifidobacteriaceae|g__Gardnerella",0,0,0,0,0,0,0,0,0,0,0,0,0,0,0,0,0,0,0,0,0,0,0,0,0,0,0,0,0,0.00092,0,0,0,0,0,0,0,0,0,0,0,0
"k__Bacteria|p__Actinobacteria|c__Actinomycetia|o__Bifidobacteriales|f__Bifidobacteriaceae|g__Parascardovia",0,0,0,0,0,0,0,0,0,0,0,0,0,0,0,0,0,0,0,0,0,0,0,0.00239,0,0,0,0,0,0,0.02547,0.00482,0,0,0,0,0,0,0,0,0,0.02339
"k__Bacteria|p__Actinobacteria|c__Actinomycetia|o__Bifidobacteriales|f__Bifidobacteriaceae|g__Scardovia",0,0,0,0.00021,0.00177,0,0,0,0,0,0,0,0,0,0,0,0,0,0,0,0,0,0,0,0,0,0,0,0,0,0.01152,0,0,0,0,0,0,0,0,0,0,0.00846
"k__Bacteria|p__Actinobacteria|c__Actinomycetia|o__Corynebacteriales|f__Corynebacteriaceae|g__Corynebacterium",0,0,0,0.009,0.00456,0,0.00067,0.00279,0.00089,0,0,0,0.0011,0.00184,0.00804,0.00194,0,0,0.00025,0.00258,0.00158,0.00062,0.00263,0.02478,0.00318,0,6e-05,0,0,0,0.00897,0.00346,0,0.00272,0,0,0,0,0,0.00051,0.00704,0.00018
"k__Bacteria|p__Actinobacteria|c__Actinomycetia|o__Micrococcales|f__Microbacteriaceae|g__Leucobacter",0,0,0,0,0,0,0,0,0,0,0,0,0,0,0,0,0,0,0,0,0,0,0,0,0,0,0,0,0,0,0,0,0,0,0,0,0,0,0,0,0,0.00129
"k__Bacteria|p__Actinobacteria|c__Actinomycetia|o__Micrococcales|f__Micrococcaceae|g__Rothia",0.00211,0.00566,0.07939,0.00543,0.00081,0,0.03516,0.01061,0.00666,0.08885,0.23159,0,0,0.00121,0.02204,0,0.01581,0.00162,2e-04,0.03062,0,0.00197,0.00113,0.01016,0,0,0.00287,0.00067,0,0,0.06987,0.01656,0.00023,0.03355,0.01171,0.09375,0,0,0,0,0,0.0357
"k__Bacteria|p__Actinobacteria|c__Actinomycetia|o__Propionibacteriales|f__Propionibacteriaceae|g__Arachnia",0,0,0,0,0,0,0.00275,0,0,0,0,0,0.00613,0,0,0,0,0,0,0.00185,0,0,0.00187,0.00241,0,0,0,0,0,0,0,0,0,0,0,0.02344,0,0,0,0,5e-04,0
"k__Bacteria|p__Actinobacteria|c__Actinomycetia|o__Propionibacteriales|f__Propionibacteriaceae|g__Cutibacterium",0,0,0,0,0,0,0,0,0,0,0,0,0,0,0,0,0,0,0,0,0.0078,0,0,0,0,0,0,0,0,0,0,0,0,0,0,0,0,0,0,0,0,0
"k__Bacteria|p__Actinobacteria|c__Actinomycetia|o__Propionibacteriales|f__Propionibacteriaceae|g__Propionibacterium",0,0,0.00187,0.00014,0,0,0,0,0,0.00153,0,0,0,0,0,0,0,0,0,0,0,0,0,0.0102,0.00192,0,0,0,0,0,0.0097,0.00721,0,0,0,0,0,0,0,0,0,5e-04
"k__Bacteria|p__Actinobacteria|c__CFGB12107|o__OFGB12107|f__FGB12107|g__GGB34797",0,0,0.48319,0,0,0,0,0,0,0,0,0,0,0,0,0,0.02691,0.6231,0.06937,0,0,0,0,0,0,0,0,0,0,0,0.0032,0.23193,0,0,1.3622,0.07113,1.53234,0.2605,0,0,0,0
"k__Bacteria|p__Actinobacteria|c__CFGB2992|o__OFGB2992|f__FGB2992|g__GGB9411",0,0,0.24119,0,0,0,0,0.25977,0.22663,0,0,0,0,0,0,0,0,1.10688,0.0605,0,0,0,0,0,0,0,0,0,0,0,0,0,0,0,0,0,0,0,0,0,0,0
"k__Bacteria|p__Actinobacteria|c__CFGB2992|o__OFGB2992|f__FGB2992|g__GGB9412",0,0,0,0,0,0,0,0,0,0,0,0.06058,2.85849,0,0,0,0.01901,0,0,0,0,0,0,0,0,0,0,0,0,0,0.00279,0.00123,0,0,0,0,0,0,0,0,0,0
"k__Bacteria|p__Actinobacteria|c__CFGB77156|o__OFGB77156|f__FGB77156|g__GGB9421",0,0,0,0,0,0,0,0.0731,0.00969,0,0,0,0,0,0,0,0,0,0,0,0,0,0,0,0,0,0,0,0,0,0,0,0,0,0,0,0,0,0,0,0,0
"k__Bacteria|p__Actinobacteria|c__CFGB77988|o__OFGB77988|f__FGB77988|g__GGB9359",0,0,0,0,0,0,0,0,0,0,0,0.05941,2.06006,0,0,0,0,0,0,0,0,0,0,0,0,0,0,0,0,0.23515,0.29823,0.02087,0,0,0,0,0,0,0,0,0,0
"k__Bacteria|p__Actinobacteria|c__CFGB77988|o__OFGB77988|f__FGB77988|g__GGB9361",0,0,0,0,0,0,0,0,0,0,0,0,0,0,0,0,0,0,0,0,0,0,0,0,0,0,0,0,0,0.12455,0,0,0,0,0,0,0,0,0,0,0,0
"k__Bacteria|p__Actinobacteria|c__CFGB77988|o__OFGB77988|f__FGB77988|g__GGB9364",0,0,0,0,0,0,0,0,0,0,0,0,0,0,0,0,0,0,0,0,0,0.18435,0.60041,0,0,0,0,0,0,0,0,0,0,0,0,0,0,0,0,0,0,0
"k__Bacteria|p__Actinobacteria|c__Coriobacteriia|o__Coriobacteriales|f__Atopobiaceae|g__Atopobium",0,0,0,0,0,0,0,0,0,0,0,0,0,0,0,0,0,0,0,0,0,0,0,0,0,0,0,0,0.04808,0,0,0,0,0,0,0,0,0,0,0,0,0
"k__Bacteria|p__Actinobacteria|c__Coriobacteriia|o__Coriobacteriales|f__Atopobiaceae|g__Lancefieldella",0,0,0.0264,0.01186,0.00607,0,0,0,0,9e-04,0,0,0,0.00271,0.03347,0,0.00893,0.00035,0.00137,0.00278,0.00126,0,0,0.00519,0,0,0,0.00649,0,0,0.0244,0.00963,0,0,0.00831,0.00413,0,0,0,0,0,0.00304
"k__Bacteria|p__Actinobacteria|c__Coriobacteriia|o__Coriobacteriales|f__Atopobiaceae|g__Olsenella",0,0,0.00285,0.00239,0.00089,0,0.00189,0,0,0,0,0,0.00209,0,0,0.00029,0,0,0,0.00237,0.00816,0,0.00462,0.00527,0.00013,0,0.00039,0.00855,0,0,0.0066,0.00111,0,0.00026,0.03752,0,0,0,0,0.00059,0,0.02011
"k__Bacteria|p__Actinobacteria|c__Coriobacteriia|o__Coriobacteriales|f__Atopobiaceae|g__Paratractidigestivibacter",0,0,0,0,0,0,0,0,0,0,0,0,0,0,0,0,0.54513,0,0,0,0,0,0,0,0,0,0,0,0,0,0,0,0,0,0,0,0.38624,0.23383,0,0,0,0
"k__Bacteria|p__Actinobacteria|c__Coriobacteriia|o__Coriobacteriales|f__Atopobiaceae|g__Thermophilibacter",0,0,0,0,0,0,0,0,0,0,0,0,0,0,0,0,0,0,0,0,0,0.67014,0.12454,0,0,0,0,0,0,0,0,0,0,0,0,0,0,0,0,0,0,0
"k__Bacteria|p__Actinobacteria|c__Coriobacteriia|o__Coriobacteriales|f__Coriobacteriaceae|g__Collinsella",3.41959,3.30935,0,2.41094,2.05554,0,0.00181,0,0.00896,1.4369,3.07128,0.24736,0.34542,5.5101,4.18305,0.5769,1.02687,1.01228,0.71721,0.0364,0.8905,0.96866,0.98617,0,0,4.49071,9.43535,5.11654,0.04085,1.44557,6.77727,0.95734,0.2576,0.06081,1.19282,2.23421,0.55047,0.18914,5.78708,3.24925,0,0.40901
"k__Bacteria|p__Actinobacteria|c__Coriobacteriia|o__Coriobacteriales|f__Coriobacteriaceae|g__Enorma",0,0,0,0,0,0,0,0,0,0,0,0,0,0.00089,0,0,0,0,0,0,0,0,0,0,0,0,0,0,0,0,0,0,0,0,0,0,0,0,0,0,0,0
"k__Bacteria|p__Actinobacteria|c__Coriobacteriia|o__Coriobacteriales|f__Coriobacteriaceae|g__GGB51959",0,0,0,0,0,0,0,0.02154,0.01858,0,0,0,0,0,0,0.00174,0.0355,0,0,0,0,0,0,0,0,0,0,0,0,0.03991,0.04424,0.03493,0,0,0.03803,0.1578,0,0,0,0,0,0
"k__Bacteria|p__Actinobacteria|c__Coriobacteriia|o__Coriobacteriales|f__Coriobacteriaceae|g__Senegalimassilia",1.89256,0.34093,0.64739,0,0,0,0,0.35904,0.87104,0,0,0,0,0.02942,0.02476,0.23094,0.68622,0,0,0,0,0,0,0,0,0,0,0,0,0,0,0,0,0,0.73753,0.50417,0,0,0,0,0,0.35993
"k__Bacteria|p__Actinobacteria|c__Coriobacteriia|o__Eggerthellales|f__Eggerthellaceae|g__Adlercreutzia",0.01088,0.02082,0.09969,0,0,2.43656,0.96369,0.08171,0.20082,0.42915,0.05933,0.00213,0.4059,0.02759,0.00041,0.03961,0,0.92734,0.38556,0,0,0.3157,0.62071,0,0,0,0,0,0,0.00475,0.43329,0.26747,0,0,0.00964,0.17073,0,0,0.14619,0.11124,0.977,0
"k__Bacteria|p__Actinobacteria|c__Coriobacteriia|o__Eggerthellales|f__Eggerthellaceae|g__Cryptobacterium",0,0,0.00046,0,0,0,0,0,0,0,0,0,0,0,0,0,0,0,0,0,0,0,0,0,0,0,0,0.00078,0,0,0.00924,0,0,0,0,0,0,0,0,0,0,0
"k__Bacteria|p__Actinobacteria|c__Coriobacteriia|o__Eggerthellales|f__Eggerthellaceae|g__Eggerthella",1.52973,0.3345,0.01438,3.2179,0.40266,0.16575,0.19615,0.00709,0.01819,0.1434,0.09397,0.22648,0.07454,0.0053,0.0011,0.12561,0.01537,0.0326,0.02462,0.51623,0.52305,0.43483,0.46509,0.10071,1.14048,0.10818,0.54955,0.448,0.21691,0.07165,0.1358,0.08895,2.45185,1.20772,0.0036,0.00062,0.43906,0.26331,0.29926,0.41516,0.49339,0
"k__Bacteria|p__Actinobacteria|c__Coriobacteriia|o__Eggerthellales|f__Eggerthellaceae|g__Ellagibacter",0,0,0,0,0,0,0,0,0,0,0,0,0,0.00873,0.00885,0,0.08243,0,0,0,0,0,0,0,0,0,0,0,0,0.17269,0.29255,0.21283,0,0,0,0.05363,0,0,0,0,0,0
"k__Bacteria|p__Actinobacteria|c__Coriobacteriia|o__Eggerthellales|f__Eggerthellaceae|g__GGB45432",0.0428,0.01502,0,0,0,0.09414,0.04358,0.00792,0.00635,0,0,0,0.03512,0,0,0,0.03596,0.04875,0.00335,0,0,0.13727,0.09443,0,0,0,0,0,0,0.05423,0.14089,0.02832,0,0,0,0,0,0,0,0,0,0
"k__Bacteria|p__Actinobacteria|c__Coriobacteriia|o__Eggerthellales|f__Eggerthellaceae|g__GGB9365",3.96896,1.25277,0.01346,0,0,0,0,0.25645,0.46118,0,0,0,0.4594,0.0047,0,0.05761,0.00099,0,0,0,0,0.08671,0.07674,0,0,0.13442,0.28788,0,0,0,0,0,0,0,0,0,0,0,0,0,0,0
"k__Bacteria|p__Actinobacteria|c__Coriobacteriia|o__Eggerthellales|f__Eggerthellaceae|g__GGB9424",0,0,0,0,0,0,0,0,0,0,0,0,0,0,0,0,0,0,0,0,0,0,0,0,0,0,0,0,0,0,0,0,0,0,0.02425,0,0,0,0,0,0,0
"k__Bacteria|p__Actinobacteria|c__Coriobacteriia|o__Eggerthellales|f__Eggerthellaceae|g__GGB9425",0,0,0,0,0,0,0,0,0,0,0,0,0,0,0,0,0,0,0,0,0,0,0,0,0,0,0,0,0,0,0,0,0,0,0,0,0,0,0.63874,0.4029,0,0
"k__Bacteria|p__Actinobacteria|c__Coriobacteriia|o__Eggerthellales|f__Eggerthellaceae|g__GGB9434",0,0,0,0,0,0,0,0,0,0,0,0,0,0,0,0,0,0,0,0,0,0,0,0,0,0,0,0,0,0.25633,0,0,0,0,0,0,0,0,0,0,0,0
"k__Bacteria|p__Actinobacteria|c__Coriobacteriia|o__Eggerthellales|f__Eggerthellaceae|g__Gordonibacter",0.03742,0.02592,0.00704,0.36776,0.04775,0,0,0.00696,0.03212,0.01306,0.00164,0.02762,0.07051,0,0,0.07656,0.00413,0,0,0.15578,0.05613,0.01838,0.02658,0.0072,0,0.07568,0.14696,0.02403,0,0.03003,0.00257,0,0.13808,0.06586,0,0,0,0,0,0,0.10035,0.08555
"k__Bacteria|p__Actinobacteria|c__Coriobacteriia|o__Eggerthellales|f__Eggerthellaceae|g__Paraeggerthella",0,0,0.00165,0,0,0,0,0,0,0,0,0,0,0,0,0.00673,0,0,0,0,0,0,0,0,0,0,0,0,0,0,0,0,0,0,0,0,0,0,0,0,0,0
"k__Bacteria|p__Actinobacteria|c__Coriobacteriia|o__Eggerthellales|f__Eggerthellaceae|g__Raoultibacter",0.05068,0.01599,0,0,0,0,0,0.02509,0.03116,0,0,0.07633,0.2272,0.003,0,0,0.03547,0,0,0,0,0.11804,0.16933,0,0,0.02439,0.12647,0,0,0.00617,0.08829,0.03093,0,0,0.01888,0.01159,0,0,0.0036,0.17474,0.0328,0
"k__Bacteria|p__Actinobacteria|c__Coriobacteriia|o__Eggerthellales|f__Eggerthellaceae|g__Slackia",0,0,0.00075,0,0,1.3768,0.31428,0.34081,0.33557,0,0,0.03695,0.93231,0.14251,0.19532,0,0.12016,0,0,0,0,0,0,0,0.00179,0,0,0,0.21438,0.24779,0.37658,0.10635,0,0,0.02284,0,0,0,0,0,0,0.06831
"k__Bacteria|p__Bacteria_unclassified|c__Bacteria_unclassified|o__Bacteria_unclassified|f__Bacteria_unclassified|g__Bacteria_unclassified",0.03221,0.01012,0,0,0,0.00102,0.00638,0.01035,0.00464,0.03573,0.03314,0.00788,0.00774,0.02122,0,0,0.00865,0,0,0.02315,0.0666,0,0,0,0,0,0,0.01142,0,0.03187,0,0.00543,0.00219,0.03111,0,0,0.01361,0.01642,0.00924,0.0074,0.00104,0
"k__Bacteria|p__Bacteroidota|c__Bacteroidia|o__Bacteroidales|f__Bacteroidaceae|g__Bacteroides",1.30049,0.87931,0.00267,0.03842,0,0.17268,0.65125,0.31732,0.11503,4.52395,1.63754,16.28545,2.07881,0.03679,0.02115,14.42828,0.25075,0.24924,0.03349,0.8343,0.28983,2.68802,0.58702,0.02144,3.05444,2.38073,0.65385,16.22228,34.40501,1.96898,0.10034,0.63308,2.32847,1.30447,0.09531,0.00527,0.1526,1.8577,0.14632,0.18457,0.1007,0.68058
"k__Bacteria|p__Bacteroidota|c__Bacteroidia|o__Bacteroidales|f__Bacteroidaceae|g__GGB1379",0,0,0,0,0,0,0,0,0,0,0,0,0,0.01035,0.01385,0,0,0,0,0,0,0,0,0,0,0,0,0,0,0,0,0,0,0,0,0,0,0,0,0,0,0
"k__Bacteria|p__Bacteroidota|c__Bacteroidia|o__Bacteroidales|f__Bacteroidaceae|g__GGB1380",0,0,0.03239,0,0,0.03533,0.04217,0,0,0,0,0,0,0,0,0,0,0,0,0,0,0,0,0,0,0,0,0,0,0,0,0,0,0,0,0,0,0,0,0,0,0
"k__Bacteria|p__Bacteroidota|c__Bacteroidia|o__Bacteroidales|f__Bacteroidaceae|g__GGB1385",0,0,0,0,0,0,0,0.0013,0,0,0,0,0,0,0,0,0,0,0,0,0,0,0,0,0,0,0,8.09979,0,0,0,0,0,0,0,0,0,0,0,0,0,0
"k__Bacteria|p__Bacteroidota|c__Bacteroidia|o__Bacteroidales|f__Bacteroidaceae|g__Phocaeicola",1.77692,0.0309,0,0.18937,0,0.60941,1.30232,0.14691,0.07557,3.8942,5.31839,0.09476,2.43221,0.55641,0.387,7.19531,0.34783,0.38507,0.14328,0.63513,0.33245,0.54792,0.24649,0.2882,0.75354,1.76747,0.44465,14.94207,0.04933,0.98331,0.03248,0.61252,2.7834,2.80447,0,0.05675,1.26283,0.45616,0.09283,0.13289,0.03366,0
"k__Bacteria|p__Bacteroidota|c__Bacteroidia|o__Bacteroidales|f__Barnesiellaceae|g__Barnesiella",0,0,0,0,0,0.00294,0.03753,0,0,0,0,0.0814,0.01916,0,0,0.18902,0,0.10031,0.00452,0,0,0.06753,0.07707,0,0,0.04854,0.01437,0,0,0.07483,0,0,0.30327,0.05344,0,0,0,0,0.00047,0,0,0
"k__Bacteria|p__Bacteroidota|c__Bacteroidia|o__Bacteroidales|f__Barnesiellaceae|g__Coprobacter",0.09056,0.00725,0,0,0,0.00207,0.01413,0,0,0,0,0,0,0,0,0,0,0,0,0.00188,0.00905,0,0,0,0,0,0,0,0,0,0,0,0,0,0,0,0,0,0,0,0,0
"k__Bacteria|p__Bacteroidota|c__Bacteroidia|o__Bacteroidales|f__Odoribacteraceae|g__Butyricimonas",0,0,0,0,0,0.00036,0.0026,0,0.00022,0.01475,0.00072,0.84526,0.24073,0,0,0.05583,0.01628,0.00422,0,0,0,0.01441,0.00952,0,0,0.01309,0.01639,0,0,0.00776,0.00437,0.09711,0.05727,0.00605,0,0,0,0,0.00276,0,0,0.01344
"k__Bacteria|p__Bacteroidota|c__Bacteroidia|o__Bacteroidales|f__Odoribacteraceae|g__Odoribacter",0.08946,0.07126,0,0,0,0,0.00661,0.00489,0,0.03694,0.01656,1.31971,0.20979,0,0,0,5e-04,0.00353,0,0,0,0.19848,0.02091,0,0,0.00661,0.00023,0,0.00355,0.07297,0.00296,0.43016,0.09664,0.013,0,0,0,0.02255,0.01508,0.00445,0,0.01226
"k__Bacteria|p__Bacteroidota|c__Bacteroidia|o__Bacteroidales|f__Porphyromonadaceae|g__Porphyromonas",0,0,0.00055,0,0,0.00017,0,0.3542,0,0,0,0,0,0.0029,0,2.82487,0,0,0,0,0,0.56441,0.00545,0.00203,0,0.68854,0,0,0,0.3486,0.22325,0.17805,0,0,1.69937,0,0.34357,1.93504,2.83649,0.5638,0,0
"k__Bacteria|p__Bacteroidota|c__Bacteroidia|o__Bacteroidales|f__Porphyromonadaceae|g__Sanguibacteroides",0,0,0,0,0,0,0,0.00157,0,0,0,0.05578,0.01742,0,0,0,0.00132,0,0,0,0,0,0,0,0,0,0,0,0,0.00981,0.00105,0.01604,0,0,0,0,0,0,0,0,0,0
"k__Bacteria|p__Bacteroidota|c__Bacteroidia|o__Bacteroidales|f__Prevotellaceae|g__Alloprevotella",0,0,0,0,0,0,0,0,0,0,0,0,0,0,0,0,0,0,0,0,0,0,0,0,0,0,0,0,0,0.00165,0,0,0,0,0.01091,0,0,0,0,0,0,0
"k__Bacteria|p__Bacteroidota|c__Bacteroidia|o__Bacteroidales|f__Prevotellaceae|g__GGB1146",0,0,0,0,0,0,0,0,0,0,0,0,0,0,0,0,0,3.9386,0.67058,0,0,0,0,0,0,0,0,0,0,0,0,0,0,0,0,0.0127,0,0,0.40589,0.43452,0,0
"k__Bacteria|p__Bacteroidota|c__Bacteroidia|o__Bacteroidales|f__Prevotellaceae|g__GGB1148",0.348,0.02604,0,0,0,0,0,0,0,0,0,0,0,0,0,0,0,0,0,0,0,0,0,0,0,0,0,0,0,0,0.00179,0.13844,0,0,0,0,0,0,0,0,0,0
"k__Bacteria|p__Bacteroidota|c__Bacteroidia|o__Bacteroidales|f__Prevotellaceae|g__GGB1243",0,0,0.08959,0,0,0,0,0,0,0,0,0,0,0,0,0,0,0,0,0,0,0,0,0,0,0,0,0,0,0,0,0,0,0,0,0,0,0,0,0,0,0
"k__Bacteria|p__Bacteroidota|c__Bacteroidia|o__Bacteroidales|f__Prevotellaceae|g__Paraprevotella",0.37955,0.04466,0,0,0,0,0,0.01911,0.0057,0.15783,0.08387,0.00266,0.00631,0.00098,0.00259,0.07651,0.00482,0.15274,0.03016,0.00272,0.01502,0,0,0,0,0,0,0,0,0.19365,3e-04,0.03998,0.0305,0.4278,0,0,0,0,0.00754,0.00819,0,0
"k__Bacteria|p__Bacteroidota|c__Bacteroidia|o__Bacteroidales|f__Prevotellaceae|g__Prevotella",0.64433,0.0407,1.6688,0,0,0.00745,0,0.62392,0.11123,1.55982,5.37946,0.05188,0.96846,0,0,0.03033,0.01204,0.01383,0,0,0,1.11988,0.12921,0.00085,0,0,0,0,2.68654,0.10118,0.00143,0.31002,0,0,0.24306,0.00274,0,0,0.07015,0.11483,0,0.00261
"k__Bacteria|p__Bacteroidota|c__Bacteroidia|o__Bacteroidales|f__Prevotellaceae|g__Prevotellamassilia",0,0,9.77534,0,0,0,0,0,0,0,0,0,0,0,0,0,0.07204,0,0,0,0,0.00093,0,0,0,0,0,0,0,0,0,0,0,0,0.48183,0,0,0,0,0,0,0
"k__Bacteria|p__Bacteroidota|c__Bacteroidia|o__Bacteroidales|f__Prevotellaceae|g__Segatella",5.51579,0.44849,9.17665,0.02542,0.00326,0,0,0,0,8.76239,8.62782,0,0.01202,0.38912,0.03275,4.94079,0.09698,1.98513,4.06214,0,0,0.10205,0.00157,0,0,0,0,5.7426,0,0.04168,0.16033,4.69126,0,0,1.00127,0.01644,0,0,0,0,0,0.07072
"k__Bacteria|p__Bacteroidota|c__Bacteroidia|o__Bacteroidales|f__Rikenellaceae|g__Alistipes",0.50323,0.24089,0.0107,0.00127,0,0.18953,0.17035,0.2494,0.12006,1.98855,0.56975,6.26449,3.81129,0.04398,0.01355,8.24096,0.15807,1.44628,0.25958,0.92498,0.15907,0.84725,0.49645,0,0,1.81623,0.38734,0.00281,0,1.98267,0.77793,1.24532,0.87537,0.06147,0.01966,0.01596,0.00576,0.15785,0.07209,0.05418,0.00782,0
"k__Bacteria|p__Bacteroidota|c__Bacteroidia|o__Bacteroidales|f__Rikenellaceae|g__GGB1691",0,0,0,0,0,0,0,0,0,0,0,0.01643,0.00568,0,0,0,0,0,0,0,0,0,0,0,0,0,0,0,0,0,0,0,0,0,0,0,0,0,0,0,0,0
"k__Bacteria|p__Bacteroidota|c__Bacteroidia|o__Bacteroidales|f__Tannerellaceae|g__GGB1405",0,0,0,0,0,0,0,0,0,0,0,0,0,0,0,0,0,0,0,0,0,0,0,0,0,0,0,0,0,0.12775,0,0,0,0,0,0,0,0,0,0,0,0
"k__Bacteria|p__Bacteroidota|c__Bacteroidia|o__Bacteroidales|f__Tannerellaceae|g__Parabacteroides",0.24472,0.04515,0.01756,0.00092,0,0.02835,0.10079,0.06371,0.01232,0.4942,0.37527,0.90279,0.41554,0.00233,0.00687,2.76819,0.22587,0.26014,0.02678,0.09221,0.15962,0.70329,0.31181,0.00225,0.14928,0.87034,0.06282,0.68769,0.023,0.4251,0.01685,0.38745,0.41253,0.22266,0.01751,0.00538,0.01096,0.12161,0.02656,0.01045,0.01377,0.06785
"k__Bacteria|p__Bacteroidota|c__CFGB11479|o__OFGB11479|f__FGB11479|g__GGB1630",0,0,0,0,0,0,0,0,0,0,0,0,0,0,0,0,0,0,0,0,0,0,0,0,0,0,0,0,0,0,0,2.3678,0,0,0,0,0,0,0,0,0,0
"k__Bacteria|p__Bacteroidota|c__CFGB1458|o__OFGB1458|f__FGB1458|g__GGB1458",0,0,0,0,0,0,0,0,0,0,0,0,0,0,0,0,0,0,0,0,0,0,0,0,0,0,0,0,0,0.14111,0,0,0,0,0,0,0,0,0,0,0,0
"k__Bacteria|p__Bacteroidota|c__CFGB1670|o__OFGB1670|f__FGB1670|g__GGB47687",0,0,0,0,0,0,0,0.1198,0.03213,0,0,8e-04,0.04957,0,0,0,0,0,0,0,0,0,0,0,0,0,0,0,0,0,0,0,0,0,0,0,0.00146,0.39364,0,0,0,0
"k__Bacteria|p__Bacteroidota|c__CFGB4405|o__OFGB4405|f__FGB4405|g__GGB1266",0,0,0,0,0,0,0,0,0,0,0,0,0,0,0,0,0,0,0,0,0,0,0,0,0,0,0,0,0,0,0,6.99125,0,0,0,0,0,0,0,0,0,0
"k__Bacteria|p__Bacteroidota|c__CFGB544|o__OFGB544|f__FGB544|g__GGB1123",0,0,0,0,0,0,0,0,0,0,0,0,0,0,0,0,0,0,0,0,0,0,0,0,0,0,0,0,0,0,0,0,0,0,0,0,0,0,0.00641,0.00669,0,0
"k__Bacteria|p__Bacteroidota|c__CFGB602|o__OFGB602|f__FGB602|g__GGB1420",0,0,0,0,0,0,0,0,0,0,0,0,0,0,0,0,0,0.00082,0,0,0,0,0,0,0,0,0,0,0,0.07209,0,0,0,0,0,0,0,0,0,0,0,0
"k__Bacteria|p__Bacteroidota|c__CFGB618|o__OFGB618|f__FGB618|g__GGB1455",0,0,0,0,0,0,0,0,0,0,0,0,0,0,0,0,0,0,0,0,0,0,0,0,0,0,0,0,0,0,0,0,0,0,0,0,0,0,0.0071,0,0,0
"k__Bacteria|p__Bacteroidota|c__CFGB629|o__OFGB629|f__FGB629|g__GGB1495",0,0,0.10863,0,0,0,0,0.12963,0.02173,0.23658,0.30678,0,0,0,0,0,0.04989,0.2663,0.02435,0,0,0,0,0,0,0,0,0,0,0.02528,0.07204,0.2796,0.23128,0.35986,0.02869,0.01069,0,0,0.1385,0.20247,0,0
"k__Bacteria|p__Bacteroidota|c__CFGB629|o__OFGB629|f__FGB629|g__GGB1496",0,0,0,0,0,0,0,0,0,0,0,0,0.03544,0,0,0,0,0,0,0,0,0,0,0,0,0,0,0,0,0,0,0,0,0,0,0,0,0,0,0,0,0
"k__Bacteria|p__Bacteroidota|c__CFGB658|o__OFGB658|f__FGB658|g__GGB1627",3.67745,5.07768,0,0,0,0,0.00102,0,0.00047,0,0,0,0,0,0,0,0,0,0,0,0,0,0,0,0,0,0,0,0,3.48813,0,0,0,0,0.02222,0,0,0,0.32227,0,0,0
"k__Bacteria|p__Bacteroidota|c__CFGB667|o__OFGB667|f__FGB667|g__GGB1661",0,0,0,0,0,0,0,0,0,0,0,0,0,0,0,0,0.00763,0,0,0,0,0,0,0,0,0,0,0,0,0,0,0,0,0,0,0,0,0,0,0,0,0
"k__Bacteria|p__Bacteroidota|c__CFGB668|o__OFGB668|f__FGB668|g__GGB1663",0,0,0,0,0,0,0,0,0,0,0,0,0,0,0,0,0.01032,0,0,0,0,0,0,0,0,0,0,0,0,0,0,0,0,0,0,0,0,0,0,0,0,0
"k__Bacteria|p__Candidatus_Melainabacteria|c__CFGB2102|o__OFGB2102|f__FGB2102|g__GGB5973",0,0,0,0,0,0,0,0,0,0,0,0,0,0,0,0,0,0,0,0,0,0,0,0,0,0,0,0,0,0,0,0,0,0,0,0,0,0,0.00091,0.00102,0,0
"k__Bacteria|p__Candidatus_Saccharibacteria|c__Candidatus_Nanoperiomorbia|o__Candidatus_Nanoperiomorbales|f__Candidatus_Nanoperiomorbaceae|g__Candidatus_Nanoperiomorbus",0,0,0,0,0,0,0,0,0,0,0,0,0,0,0,0,0,0,0,0,0.00089,0,0.00025,0,0,0,0,0.0042,0,0,0,0,0,0,0,0,0,0,0,0,0,0
"k__Bacteria|p__Candidatus_Saccharibacteria|c__Candidatus_Nanosyncoccalia|o__Candidatus_Nanogingivales|f__Candidatus_Nanogingivalaceae|g__Candidatus_Nanogingivalis",0,0,0,0,0,0,0,0,0,0,0,0,0,0,0.00071,0,0,0,0,0,0,0,0,0,0,0,0,0,0,0,0,0,0,0,0,0,0,0,0,0,0,0
"k__Bacteria|p__Candidatus_Saccharibacteria|c__Candidatus_Nanosyncoccalia|o__Candidatus_Nanogingivales|f__Candidatus_Nanogingivalaceae|g__GGB12785",0,0,0,0,0,0,0,0,0,0.00466,0.00134,0,0,0.00092,0.04723,0.00316,0,0,0.00102,0.00419,0.00282,0,0,0.01501,0.00168,0,0,0,0,0,0,0,0,0,0,0,0,0,0,0,0,0
"k__Bacteria|p__Candidatus_Saccharibacteria|c__Candidatus_Saccharibacteria_unclassified|o__Candidatus_Saccharibacteria_unclassified|f__Candidatus_Saccharibacteria_unclassified|g__Candidatus_Saccharibacteria_unclassified",0,0,0.06034,0.05222,0.01681,0.01077,0.01443,0.00209,0.00166,0.00331,0.00117,0,0.00204,0.02346,0.23411,0,0.00035,0.00091,0.02068,0.01125,0.03621,0.00238,0.01132,0.188,0.01132,0,0.00121,0.00445,0,0,0.03675,0.01372,0,0.00285,0.04581,0.00554,0.00469,0.00261,0.002,0.0126,0,0
"k__Bacteria|p__Candidatus_Saccharibacteria|c__Candidatus_Saccharibacteria_unclassified|o__Candidatus_Saccharibacteria_unclassified|f__Candidatus_Saccharibacteria_unclassified|g__GGB12798",0,0,0,0,0,0,0,0,0,0,0,0,0,0,0,0,0,0,0,0,0.00614,0,0,0,0,0,0.0025,0,0,0,0,0,0,0,0,0,0,0,0,0.00067,0,0
"k__Bacteria|p__Candidatus_Saccharibacteria|c__Candidatus_Saccharimonadia|o__Candidatus_Nanosynbacterales|f__Candidatus_Nanosynbacteraceae|g__Candidatus_Nanosynbacter",0,0,0,0,0,0,0,0,0,0,0,0,0,0,0.00126,0,0,0,0,0,0.00085,0,0,0.00425,0,0,0,0.00058,0,0,0,0,0,0,0,0.01442,0,0,0,0,0,0
"k__Bacteria|p__Candidatus_Saccharibacteria|c__Candidatus_Saccharimonadia|o__Candidatus_Saccharimonadales|f__Candidatus_Saccharimonadaceae|g__Candidatus_Nanosynsacchari",0,0,0.0033,0,0,0.00711,0.01081,0,0,0,0,0,0.00176,0,0.01141,0.00285,9e-05,0,0,0,0.00153,0,0.00034,0.01454,0,0,0,0.01998,0,0,0.00526,0.00141,0,0,0.00147,0,0,0,0,0,0,3e-04
"k__Bacteria|p__Firmicutes|c__Bacilli|o__Bacillales|f__Bacillaceae|g__Bacillus",0,0,0.02657,0,0,0,0,0,0.00063,0,0,0,0,0,0,0,0,0,0.00163,0,0,0,0,0.00246,0,0,0,0,0,0,0,0.00023,0,0,0,0,0,0.00033,0.00573,0.02902,0.00839,2e-04
"k__Bacteria|p__Firmicutes|c__Bacilli|o__Bacillales|f__Bacillaceae|g__Calditerricola",0,0,0,0,0,0,0,0,0,0,0,0,0,0,0,0,0.00041,0,0,0,0,0,0,0,0,0,0,0,0,0,0,0,0,0,0,0,0,0,0,0,0,0
"k__Bacteria|p__Firmicutes|c__Bacilli|o__Bacillales|f__Bacillales_unclassified|g__Gemella",0.00876,0.01079,0.1178,0.10813,0.00273,0.0023,0.00689,0.01246,0.00082,0.00057,0.0742,1.04203,0.03892,0.01033,0.05188,0,0,0.06523,0.00268,0.18726,0.00133,0.05592,0.00172,0.04953,0.00605,0,0,0,6.9313,0.05828,0.32537,0.00039,0.00836,0.02413,0.37709,0.07198,0,0,0.05986,0.07082,0.00335,0.15909
"k__Bacteria|p__Firmicutes|c__Bacilli|o__Bacillales|f__Paenibacillaceae|g__Brevibacillus",0,0,0,0,0,0,0,0,0,0,0,0,4e-05,0,0,0,0,0,0,0,0,0,0,0,0,0,0,0,0,0,0,0,0,0,0,0,0,0,0,0,0,0
"k__Bacteria|p__Firmicutes|c__Bacilli|o__Bacillales|f__Staphylococcaceae|g__Macrococcus",0,0,0,0,0,0,0,0,0,0,0,0,0,0,0,0,0,0,0,0,0,0,0,0,0,0,0,0,0,0,0,0,0,0.00156,0,0,0,0,0,0,0,0
"k__Bacteria|p__Firmicutes|c__Bacilli|o__Bacillales|f__Staphylococcaceae|g__Staphylococcus",0,0,0,0,0,0,0,0,0.00781,0,0,0,0,0,0,0.00054,0,0,0,0,0,0,0,0,0,0,0,0,0,0,0,0,0,0,0,0,0.03377,0,0,0,0,0.00296
"k__Bacteria|p__Firmicutes|c__Bacilli|o__Lactobacillales|f__Aerococcaceae|g__Abiotrophia",0,0,0.00915,0,0,0,0,0,0,0,0,0,0,0,0.00028,0,0,0,0,0,0,0,0,0.0031,0,0,0,0,0,0,0,0,0,0,0,0,0,0,0,0,0,0
"k__Bacteria|p__Firmicutes|c__Bacilli|o__Lactobacillales|f__Carnobacteriaceae|g__Carnobacterium",0,0,0,0,0,0,0,0,0,0,0,0,0,0,0,0,0,0,0,0,0,0,0,0,0,0,0,0,0,0,0,0,0,0,0.00153,0,0,0,0,0,0,0
"k__Bacteria|p__Firmicutes|c__Bacilli|o__Lactobacillales|f__Carnobacteriaceae|g__Granulicatella",0,0.00304,0.04297,0.0394,0.00432,0.00434,0.0126,0.05143,0.00408,0.04191,0.05039,0,8e-04,0.01445,0.1104,0,0.01217,0,0.00486,0.00967,0.00182,0.00112,0.00104,0.05737,0.00721,0,0.00225,5e-04,0.01838,0.00115,0.00344,0.00055,0.00349,0.00797,0.01259,0.05722,0,0,0,0.00589,0.01258,0
"k__Bacteria|p__Firmicutes|c__Bacilli|o__Lactobacillales|f__Enterococcaceae|g__Enterococcus",0,0,0,1.84543,0.00048,0.118,0.03548,0.00108,0,0.02546,0.00899,0.62119,0,10.93377,0,0,0,0,0,0,0.42307,0.1011,0.13693,0.00634,0.08534,0,0.08002,0.00043,0,1.85151,0.00033,0,0.03445,0.18651,0.02032,0.70871,0,0.27176,0,0,1.55279,0.16018
"k__Bacteria|p__Firmicutes|c__Bacilli|o__Lactobacillales|f__Enterococcaceae|g__Vagococcus",0,0,0,0,0,0,0,0,0,0,0,0,0,0,0,0,0,0,0,0,0,0,0,0,0,0,0,0,0,0,0,0,0,0.00349,0.00026,0,0,0,0,0,0,0
"k__Bacteria|p__Firmicutes|c__Bacilli|o__Lactobacillales|f__Lactobacillaceae|g__Fructilactobacillus",0,0,0,0,0,0,0,0,0,0,0,0,0,0,0,0,0,0,0,0,0,0,0,0,0,0,0,0,0,0,0,0,0,0,0,0,0,0,0,0.00648,0,0
"k__Bacteria|p__Firmicutes|c__Bacilli|o__Lactobacillales|f__Lactobacillaceae|g__Lacticaseibacillus",0.004,0,0,0.12047,0,0,0,0,0,0,0,0,0.00245,0,0,0,0,0,0.9767,0.02653,0,0.03406,0,0.00081,0,0,0,0,0,0.00065,0,0,0,0,0,0.02111,0,0,0,0,0,0.01039
"k__Bacteria|p__Firmicutes|c__Bacilli|o__Lactobacillales|f__Lactobacillaceae|g__Lactiplantibacillus",0,0,0,0.0092,0.08779,0,0,0.00214,0,0,0,0,0,0,0,0,0,0,0,0,0,0,0.64937,0,0,0,0,0,0,0.02465,0.00803,0.00584,0,0,0,0.03658,0,0,0,0,0,0.01199
"k__Bacteria|p__Firmicutes|c__Bacilli|o__Lactobacillales|f__Lactobacillaceae|g__Lactobacillus",0.00076,9e-05,0.04041,0,0,0,0,0,0,0.06928,0.24154,0,0,0,0,0.70379,0,0,0,0.05991,0,0,0.00298,2.04563,0,0,0,0,0,0.01842,0.52746,0.01003,0.01969,0.00606,0,0,0,0,0,0,0,0.20372
"k__Bacteria|p__Firmicutes|c__Bacilli|o__Lactobacillales|f__Lactobacillaceae|g__Latilactobacillus",0,0.00129,0,0.14276,0.01375,0,0,0.03406,0.00185,0,0,0.61249,0.00787,0.09457,0.02093,3e-04,0.01947,0,0,0.00079,0,0.01246,0.01425,0,0.03206,0.00603,0.01025,0.0042,0,0.02698,0.07279,0.00844,0.07431,0.07516,0,1.42582,0,0.00075,0,0,0.00402,0.95997
"k__Bacteria|p__Firmicutes|c__Bacilli|o__Lactobacillales|f__Lactobacillaceae|g__Leuconostoc",0.03415,0.11889,0.01088,0.01368,0.004,0.32323,0,0.01199,0,0.17594,0.00041,0,0.00328,0.01283,0.0051,0,0,0.0199,0,0.3764,0,0.01228,0.30912,0.01415,0.2039,0.0149,0.241,0.0181,0,0.01987,0.0124,0.2378,0.0221,0.00337,0.06794,0.47362,0.03592,0.00478,0.00116,0.00463,0.04334,0.38325
"k__Bacteria|p__Firmicutes|c__Bacilli|o__Lactobacillales|f__Lactobacillaceae|g__Levilactobacillus",0,0,0,0,0,0,0,0.00019,0,0,0,0,0,0,0,0,0,0,5e-04,0,0,0,0,0,0,0,0,0,0,0.0018,0,0,0,0,0,0,0,0,0,0,0,0
"k__Bacteria|p__Firmicutes|c__Bacilli|o__Lactobacillales|f__Lactobacillaceae|g__Ligilactobacillus",0,0,5.06369,0,0,0,0,0,0,0,0,0,0,0,0,0.16844,0,0.78273,0.16537,0,0,13.33583,25.59745,0.0256,0.00728,0,0,0,0,0.00856,8.90866,0.93863,0,0,0,0,0.00093,0,0,0,0,1.22748
"k__Bacteria|p__Firmicutes|c__Bacilli|o__Lactobacillales|f__Lactobacillaceae|g__Limosilactobacillus",0,0,0.14624,0.0054,0.01097,0,0,0,0,0.12728,0.07715,0,0,0,0,0.46891,0,0.01709,0,0.02109,0,0.58722,0.21099,0.00019,0,0,0,0,0,0.00451,0.55502,0.06372,0.01865,0.00853,0,0,0,0,0,0,0,0.19893
"k__Bacteria|p__Firmicutes|c__Bacilli|o__Lactobacillales|f__Lactobacillaceae|g__Pediococcus",0,0,0.04482,0,0.01139,0,0,0.00815,0,0,0,0,0,0,0,0,0,0,0,0,0,0,0,0,0,0,0,0,0,0.0011,0.00088,0.03459,0,0.00051,0,0,0,0,0,0,0,0.00677
"k__Bacteria|p__Firmicutes|c__Bacilli|o__Lactobacillales|f__Lactobacillaceae|g__Weissella",0,0,0.26915,0.09761,0.11618,0.10086,0.05064,0.00816,0,0.11487,0,0,0,0.1033,0.01046,0.03168,0,0,0.08083,0.02288,0,0.00157,0,0.16735,0.17187,0.0036,0.53366,0,0,0.26587,0.37636,0.01087,4.10594,0.02759,0.03793,0.40595,0.00148,0.0027,0.00033,0.00619,0.00086,1.44742
"k__Bacteria|p__Firmicutes|c__Bacilli|o__Lactobacillales|f__Streptococcaceae|g__Lactococcus",0,0,0.03944,0.11959,0.01249,6e-05,3.59439,0,0,0,0,0,0,0,0,0,0,0,0,0.00361,0,0,0.00172,0.01257,0.27,0,0.01023,0.00339,0,0.16327,0.11316,0,0,0.02695,0.0075,5.17992,0,0,0,0,0.00749,1.63124
"k__Bacteria|p__Firmicutes|c__Bacilli|o__Lactobacillales|f__Streptococcaceae|g__Streptococcus",0.11613,0.00614,0.88152,0.36544,0.76342,0.08675,0.248,0.14163,0.26525,20.94757,16.02287,0.26919,0.82901,0.86931,0.92545,0.86929,0.03594,0.90496,1.06777,4.98358,0.10079,0.10546,0.08904,9.68695,0.15249,0.00337,0.25201,0.14331,2.48704,0.03659,0.9394,0.42589,0.30086,1.21021,2.87668,1.82076,0.07459,0.09646,0.00532,0.15412,0.65063,2.99284
"k__Bacteria|p__Firmicutes|c__CFGB1011|o__OFGB1011|f__FGB1011|g__GGB2652",0.0085,0.05233,0,0,0,0,0,0,0,0,0,0,0,0,0,0,0.00393,0,0,0,0,0,0,0,0,0,0,0,0,0,0,0,0,0,0.00756,0,0,0,0,0,0,0
"k__Bacteria|p__Firmicutes|c__CFGB1011|o__OFGB1011|f__FGB1011|g__GGB2653",0,0,0,0.00311,0,0,0,0.00803,0.00305,0,0,0,0.00282,0,0,0.00257,0,0.01208,0.00012,0,0,0.00114,0.00851,0,0,0.02566,0,0.00038,0,0.01134,0.07429,0.02532,0,0,0,0,0,0.0444,0.00627,0.00195,0,0.01219
"k__Bacteria|p__Firmicutes|c__CFGB1012|o__OFGB1012|f__FGB1012|g__GGB2657",0,0,0,0,0,0,0,0,0,0,0,0,0,0,0,0,0,0,0,0,0,0,0,0,0,0,0,0,0,0,0.072,0.08602,0,0,0,0,0,0,0,0,0,0
"k__Bacteria|p__Firmicutes|c__CFGB10309|o__OFGB10309|f__FGB10309|g__GGB4676",0,0,0,0,0,0,0,0,0,0,0,0,0,0,0,0,0,0,0,0,0,0,0,0,0,0,0,0,0,0,0,0,0,0,0,0,0,0,0.22494,0,0,0
"k__Bacteria|p__Firmicutes|c__CFGB10312|o__OFGB10312|f__FGB10312|g__GGB4644",0,0,0.52913,0,0,0,0,0,0,0,0,0,0,0,0,0,0,0,0,0,0,0,0,0,0,0,0,0,0,0,0,0,0,0,0,0,0,0,0,0,0,0
"k__Bacteria|p__Firmicutes|c__CFGB10318|o__OFGB10318|f__FGB10318|g__GGB4641",0.22814,1.07764,0,0,0,0,0,0,0,0,0,0,0,0,0,0,0,0,0,0,0,0,0,0,0,0,0,0,0,0,0,0,0,0,0,0,0,0,0,0,0,0
"k__Bacteria|p__Firmicutes|c__CFGB10318|o__OFGB10318|f__FGB10318|g__GGB4658",0,0,0.00018,0,0,0,0,0,0,0,0,0,0,0,0,0,0,0,0,0,0,0,0,0,0,0,0,0,0,0,0,0,0,0,0,0,0,0,0.00639,0,0,0
"k__Bacteria|p__Firmicutes|c__CFGB10318|o__OFGB10318|f__FGB10318|g__GGB4661",0,0,0,0,0,0,0,0.02887,0,0,0,0,0,0,0,0,0,0,0,0,0,0,0,0,0,0,0,0,0,0,0,0,0,0,0,0,0,0,0,0,0,0
"k__Bacteria|p__Firmicutes|c__CFGB10477|o__OFGB10477|f__FGB10477|g__GGB9345",0.04765,0.78637,0,0,0,0,0,0.79801,0,0,0,0,0,0,0,0,0.47118,0,0,0,0,0.01183,0.12874,0,0,0,0.00584,0,0,0.16673,0.01512,0.01293,0,0,0,0,0,0,0.42248,0.05586,0,0
"k__Bacteria|p__Firmicutes|c__CFGB1126|o__OFGB1126|f__FGB1126|g__GGB2848",0,0,0,0.00022,0,0,0,0,0,0,0,0.00084,0.00445,0,0,0.02365,0,0,0,0,0,0.0043,0.00716,0,0,0,0,0,0,0.00778,0,0,0,0,0,0,0,0,0,0,0,0
"k__Bacteria|p__Firmicutes|c__CFGB1201|o__OFGB1201|f__FGB1201|g__GGB2958",0,0,0,0,0,0,0,0,0,0,0,0,0,0,0,0,0.01064,0,0,0,0,0,0,0,0,0,0,0,0,0.5829,0,0,0,0,0,0,0,0,0,0,0,0
"k__Bacteria|p__Firmicutes|c__CFGB1207|o__OFGB1207|f__FGB1207|g__GGB2964",0,0,0,0,0,0,0,0,0,0,0,0,0,0,0,0,0,0,0,0,0,0,0,0,0,0,0,0,0,0,0.01073,0,0,0,0,0,0,0,0,0,0,0
"k__Bacteria|p__Firmicutes|c__CFGB1211|o__OFGB1211|f__FGB1211|g__GGB2970",0,0,0,0,0,0,0,0,0,0,0,0,0,0,0,0,0,0,0,0,0,0,0,0,0,0,0,0,0,0,0,0,0,0,0,0,0,0,0,0.00091,0,0
"k__Bacteria|p__Firmicutes|c__CFGB1217|o__OFGB1217|f__FGB1217|g__GGB2982",0,0,0,0,0,0,0.01408,0,0,0,0,0.0039,0.00933,0,0,0,0,0.07726,0.00507,0,0,0.01893,0.00618,0,0,0,0,0,0,0.11113,0,0,0,0,0,0,0,0,0.03164,0.00101,0.00024,0
"k__Bacteria|p__Firmicutes|c__CFGB1226|o__OFGB1226|f__FGB1226|g__GGB2996",0.00047,0.11757,0,0,0,0,0,0.00387,0,0,0,0,0,0,0,0,0,0,0,0,0,0,0,0,0,0,0,0,0,0,0,0,0,0,0,0,0,0,0,0,0,0
"k__Bacteria|p__Firmicutes|c__CFGB1226|o__OFGB1226|f__FGB1226|g__GGB2998",0.01706,0.22377,0,0,0,0,0,0.01619,0,0,0,0.01016,0.01725,0,0,0.03099,0.00317,0.0141,0.01411,0,0,0.06294,0.04402,0,0,0.02092,0,0,0,0.31444,0.00356,0.00599,0,0,0.00195,0,0,0,0,0,0,0
"k__Bacteria|p__Firmicutes|c__CFGB1226|o__OFGB1226|f__FGB1226|g__GGB58485",0.00469,0.00054,0,0,0,0.00721,0.0104,0.00241,0.00334,0.03123,0.00397,0,0,0,0,0,0.00133,0,0,0,0,0,0,0,0,0,0,0,0,0,0,0.00543,0,0,0.00695,0.00762,0,0,0,0,0,0
"k__Bacteria|p__Firmicutes|c__CFGB1227|o__OFGB1227|f__FGB1227|g__GGB3000",0,0,0,0,0,0,0,0,0,0,0,0,0,0,0,0.00029,0,0,0,0,0,0,0,0,0,0,0,0,0,0,0,0,0,0,0,0,0,0,0.07259,0.01362,0,0
"k__Bacteria|p__Firmicutes|c__CFGB1227|o__OFGB1227|f__FGB1227|g__GGB3002",0,0,0,0,0,0,0,0,0,0,0,0,0,0,0,0.00136,0,0,0,0,0,0,0,0,0,0,0,0,0,0,0,0,0,0,0,0,0,0.03529,0.02371,0.00086,0,0
"k__Bacteria|p__Firmicutes|c__CFGB1227|o__OFGB1227|f__FGB1227|g__GGB3005",0.00149,0,0,0,0,0.0107,0.00212,0.00294,0,0,0,0,0.00214,0,0,0.36449,0.02736,0,0,0,0,0,0,0,0,0.01425,0.05683,0,0,0,0.73983,0.10225,0,0,0,0,0,0,0.06094,0.02943,0,0
"k__Bacteria|p__Firmicutes|c__CFGB1230|o__OFGB1230|f__FGB1230|g__GGB96297",0,0,0.00217,0,0,0,0,0,0,0,0,0,0,0,0,0,0,0,0,0,0,0.00405,0,0,0,0,0,0,0,0,0.00584,0,0,0,0.02863,0,0,0,0,0,0,0
"k__Bacteria|p__Firmicutes|c__CFGB1249|o__OFGB1249|f__FGB1249|g__GGB3032",0,0,0,0,0,0,0,0,0,0,0,0,0,0,0,0,0,0,0,0,0,0,0,0,0,0,0,0,0,0,0,0,0,0,0,0,0,0,0,0,0,0.02183
"k__Bacteria|p__Firmicutes|c__CFGB1249|o__OFGB1249|f__FGB1249|g__GGB3033",0,0,0,0,0,0,0,0,0,0,0,0,0.04186,0,0,0,0,0,0,0,0,0,0,0,0,0,0,0,0,0,0,0,0,0,0,0,0,0,0,0,0,0.00429
"k__Bacteria|p__Firmicutes|c__CFGB1249|o__OFGB1249|f__FGB1249|g__GGB3034",0,0,0,0,0,0,0,0,0,0,0,0,0.06183,0,0,0,0,0,0,0,0,0,0,0,0.00187,0,0,0,0,0,0,0,0,0,0,0,0,0.0038,0.00238,0.00461,0.01318,0.0666
"k__Bacteria|p__Firmicutes|c__CFGB1258|o__OFGB1258|f__FGB1258|g__GGB3052",0,0,0,0,0,0,0,0,0,0,0,0,0,0,0,0,0,0,0,0,0,0,0,0,0,0,0,0,0,1.34171,0,0,0,0,0,0,0,0,0,0,0,0
"k__Bacteria|p__Firmicutes|c__CFGB1260|o__OFGB1260|f__FGB1260|g__GGB3057",0,0,0,0,0,0,0,0,0,0,0,0,0,0,0,0,0,0,0,0,0,0,0,0,0,0,0,0,0,0,0,0,0,0,0,0,0,0.00312,0,0,0,0
"k__Bacteria|p__Firmicutes|c__CFGB1261|o__OFGB1261|f__FGB1261|g__GGB3059",0,0,0,0,0,0,0,0,0,0,0,0,0,0,0,0,0,0,0,0.02062,0,0,0,0,0,0,0,0,0,0,0.00592,0,0,0,0.00556,0,0,0,0,0,0,0
"k__Bacteria|p__Firmicutes|c__CFGB1262|o__OFGB1262|f__FGB1262|g__GGB3061",0.01891,0.04355,0,0,0,0,0,0.02602,0.00092,0,0,0.00199,0.02014,0,0,0,0.01919,0,0,0,0,0.01815,0.02892,0,0,0,0,0,0,0.03941,0,0,0,0,0,0,0,0,0.04033,0.03446,0,0
"k__Bacteria|p__Firmicutes|c__CFGB1292|o__OFGB1292|f__FGB1292|g__GGB3109",0,0,0,0,0.02477,0,0,0,0,0.02733,0.13813,0.08087,0.05161,0.0809,0.06225,0.11556,0.04403,0,0,0.09741,0.09703,0.03817,0.091,0.08602,0.04988,0.11638,0.05958,0.03902,0.04046,0.00094,0.07395,0,0.14433,0.02563,0,0,0.03322,0.04102,0,0.0425,0.01342,0.00036
"k__Bacteria|p__Firmicutes|c__CFGB1298|o__OFGB1298|f__FGB1298|g__GGB3118",0,0,0,0,0,0,0,0,0,0,0,0,0,0,0,0,0,0,0,0,0,0,0,0,0,0,0,0,0,0.03052,0,0,0,0,0,0,0,0,0,0,0,0
"k__Bacteria|p__Firmicutes|c__CFGB1303|o__OFGB1303|f__FGB1303|g__GGB3124",0,0,0,0,0,0,0,0,0,0,0,0,0,0,0,0,0,0,0,0,0,0,0,0,0,0,0,0,0,0,0,0,0,0,0,0,0,0,0.00307,0,0,0
"k__Bacteria|p__Firmicutes|c__CFGB1311|o__OFGB1311|f__FGB1311|g__GGB3141",0,0,0,0,0,0,0,0.01718,0,0,0,0,0,0,0,0,0,0,0,0,0,0,0,0,0,0,0,0,0,0,0,0,0,0,0,0,0,0,0,0,0,0
"k__Bacteria|p__Firmicutes|c__CFGB1311|o__OFGB1311|f__FGB1311|g__GGB3142",0,0,0,0,0,0,0,0.06075,0.11868,0,0,0.04402,0.03823,0,0,0,0,0,0,0,0,0,0,0,0,0,0,0,0,0,0,0,0,0,0,0,0,0,0,0,0,0
"k__Bacteria|p__Firmicutes|c__CFGB1325|o__OFGB1325|f__FGB1325|g__GGB3175",0,0,0,0,0,0,0,0.01324,0,0,0,0,0,0,0,0,0,0,0,0,0,0,0,0,0,0,0,0,0,0,0,0,0,0,0,0,0,0,0,0.0633,0,0.00256
"k__Bacteria|p__Firmicutes|c__CFGB1325|o__OFGB1325|f__FGB1325|g__GGB3176",0,0,0,0,0,0,0,0.19636,0.05069,0,0,0,0,0,0,0,0,0,0,0,0,0,0,0,0,0,0,0,0,0,0,0,0,0,0,0,0,0,0,0,0,0
"k__Bacteria|p__Firmicutes|c__CFGB1333|o__OFGB1333|f__FGB1333|g__GGB3222",0,0,0,0,0,0,0,0,0,0,0,0,0,0,0,0,0,0,0,0,0,0,0,0,0,0,0,0,0,0,0,0,0,0,0,0,0,0,0,0.00188,0,0
"k__Bacteria|p__Firmicutes|c__CFGB1347|o__OFGB1347|f__FGB1347|g__GGB3286",0,0,0,0,0,0,0,0,0,0,0,0,0,0,0,0,0.00878,0,0,0,0,0,0,0,0,0,0,0,0,0,0,0,0,0,0,0,0,0,0,0,0,0
"k__Bacteria|p__Firmicutes|c__CFGB1347|o__OFGB1347|f__FGB1347|g__GGB3288",0,0,0,0,0,0,0,0.0201,0.02312,0,0,0,0,0,0,0,0.03758,0,0,0,0,0,0,0,0,0,0,0,0,0.00727,0.00304,0.07009,0,0,0,0,0,0,0.01091,0,0,0
"k__Bacteria|p__Firmicutes|c__CFGB1347|o__OFGB1347|f__FGB1347|g__GGB3289",0,0,0.00526,0,0,0,0,0.0019,0,0,0,0,0,0,0,0,0,0,0,0,0,0,0,0,0,0,0,0,0,0,0,0,0,0,0,0,0,0,0,0,0,0
"k__Bacteria|p__Firmicutes|c__CFGB13532|o__OFGB13532|f__FGB13532|g__GGB13532",0,0,0,0,0,0,0,0,0,0,0,0,0,0,0,0,0.03007,0,0,0,0,0,0,0,0,0,0,0,0,0,0,0,0,0,0,0,0,0,0,0,0,0
"k__Bacteria|p__Firmicutes|c__CFGB1354|o__OFGB1354|f__FGB1354|g__GGB3304",0.13393,2.45657,0,0,0,0,0,0.18864,0.01097,0,0,1.1855,3.93198,0,0,2.15794,1.19659,0,0,0,0,2.0742,0.64105,0,0,0,0,0,0,3.39256,3.89121,1.19986,0,0,0,1.03708,0,0,0.01708,0.0335,0,0
"k__Bacteria|p__Firmicutes|c__CFGB1355|o__OFGB1355|f__FGB1355|g__GGB3306",0,0,0.09598,0,0,0,0,0,0,0,0,0,0,0,0,0,0.02491,0,0,0,0,0,0,0,0,0,0,0,0,0,0,0,0,0,0,0.02235,0,0,0.13787,0,0,0
"k__Bacteria|p__Firmicutes|c__CFGB1359|o__OFGB1359|f__FGB1359|g__GGB3321",0,0.00867,0.00778,0,0,0,0,0.01826,0.03124,0,0,0,0,0,0,0.00719,0.07528,0,0,0,0,0.02192,0.07853,0,0,0,0,0,0,0.13533,0.03619,0.00642,0,0,0,0,0,0,0.00824,0,0,0.01174
"k__Bacteria|p__Firmicutes|c__CFGB1359|o__OFGB1359|f__FGB1359|g__GGB39037",0.04308,0.14551,0,0,0,0,0,0.00297,0,0,0,0,0,0,0,0,0,0,0,0,0,0,0,0,0,0,0,0,0,0,0,0,0,0,0,0,0,0,0,0,0,0
"k__Bacteria|p__Firmicutes|c__CFGB1362|o__OFGB1362|f__FGB1362|g__GGB48159",0,0,0,0,0,0,0,0,0,0.00724,0,0,0,0,0,0,0,0,0,0,0,0,0,0,0,0,0,0,0,0,0,0,0,0,0,0,0,0,0,0,0,0
"k__Bacteria|p__Firmicutes|c__CFGB1374|o__OFGB1374|f__FGB1374|g__GGB3351",0.05486,0.08087,0,0,0,0,0,0.01489,0,0,0,0,0,0,0,0,0.00992,0,0,0,0,0,0,0,0,0,0,0,0,0.07844,0,0,0,0,0.01115,0,0,0,0,0,0,0
"k__Bacteria|p__Firmicutes|c__CFGB1374|o__OFGB1374|f__FGB1374|g__GGB3352",0,0,0,0,0,0,0,0,0,0,0,0,0,0,0,0,0,0,0,0,0,0,0,0,0,0,0,0,0,0,0.01814,0.01267,0,0,0,0,0,0,0,0,0,0
"k__Bacteria|p__Firmicutes|c__CFGB1374|o__OFGB1374|f__FGB1374|g__GGB3353",0,0,0,0,0,0,0,0,0,0,0,0,0,0,0,0,0,0,0,0,0,0,0,0,0,0,0,0,0,0,0,0,0,0,0,0,0,0,0.00203,0.00147,0,0
"k__Bacteria|p__Firmicutes|c__CFGB1380|o__OFGB1380|f__FGB1380|g__GGB3363",0,0,0,0,0,3.28988,4.88056,0.06569,0.81204,0,0,0,0.00259,0.18371,0.04454,0,0,0,0,0,0,0,0,0,0,0.67308,0.23089,0,0,0.36812,0,0,0.33656,0.09701,0.14011,0,0,0,0.30965,0.61196,0,0
"k__Bacteria|p__Firmicutes|c__CFGB14224|o__OFGB14224|f__FGB14224|g__GGB38873",0,0,0,0,0,0,0,0,0,0,0,0,0,0,0,0,0,0,0,0.00124,0,0,0,0,0,0,0,0,0,0,0.00286,0,0,0,0,0,0,0,0,0,0,0
"k__Bacteria|p__Firmicutes|c__CFGB1425|o__OFGB1425|f__FGB1425|g__GGB3491",0,0,0,0,0,0,0,0.07866,0.05024,0,0,0,0,0,0,0,0,0,0,0,0,0,0.00058,0,0,0,0,0,0,0.14714,0,0,0,0,0,0,0,0,0,0,0,0
"k__Bacteria|p__Firmicutes|c__CFGB1473|o__OFGB1473|f__FGB1473|g__GGB3730",0,0,0.19767,0,0,0,0,0,0,0,0,0,0,0,0,0,0,0.17961,0.09501,0,0,0,0,0,0,0,0,0.3376,0,0.29487,0.04145,0.06052,0,0,0.24961,0.2064,0,0,0.17012,0.10478,0,0
"k__Bacteria|p__Firmicutes|c__CFGB1479|o__OFGB1479|f__FGB1479|g__GGB3751",0,0,0,0,0,0,0,0,0,0,0,0,0,0,0,0,0.09767,0,0,0,0,0,0,0,0,0,0,0,0,0,0,0,0,0,0,0,0,0,0,0,0,0
"k__Bacteria|p__Firmicutes|c__CFGB14936|o__OFGB14936|f__FGB14936|g__GGB3256",0,0,0.01187,5.60125,1.52209,3.89401,5.78718,0,0,0,0,0,0,0,0,0,1.60956,0,0,0,0,0,0,0,0,0,0,0,0,1.44719,3.17754,1.93558,0,0,8.52104,0.05674,3.72974,3.21145,0.40166,3.30666,0,0
"k__Bacteria|p__Firmicutes|c__CFGB15212|o__OFGB15212|f__FGB15212|g__GGB41458",0.07062,0.12848,0,0,0,0.19903,0.12341,0.07534,0.11089,0,0,0,0,0,0,0,0,0,0,0,0,0,0,0,0,0,0,0,0,0,0,0,0,0,0,0,0,0,0,0,0,0
"k__Bacteria|p__Firmicutes|c__CFGB1538|o__OFGB1538|f__FGB1538|g__GGB3892",0,0,0,0,0,0,0,0,0,0,0,0,0.04314,0,0,0,0,0,0,0,0,0,0,0,0,0,0,0,0,0,0,0,0,0,0,0,0,0,0,0,0,0
"k__Bacteria|p__Firmicutes|c__CFGB16518|o__OFGB16518|f__FGB16518|g__GGB51109",0,0,0,0,0,0,0,0,0,0,0,0,0,0,0,0,0,0,0,0,0,0,0,0,1e-04,0,0,0,0,0,0,0,0,0,0,0,0,0,0,0,0,0
"k__Bacteria|p__Firmicutes|c__CFGB16911|o__OFGB16911|f__FGB16911|g__GGB49418",0,0,0,0,0,0,0,0.0058,0,0,0,0,0,0,0,0,0.03249,0,0,0,0,0,0,0,0,0,0,0,0,0.01161,0,0,0,0,0.03617,0,0,0,0,0,0,0
"k__Bacteria|p__Firmicutes|c__CFGB1765|o__OFGB1765|f__FGB1765|g__GGB4549",0,0,0,0,0,0,0,0,0,0,0,0,0,0,0,0,0,0,0,0,0,0,0,0,0,0,0,0,0,0,1.01046,0.94004,0,0,0,0,0,0,0,0,0,0
"k__Bacteria|p__Firmicutes|c__CFGB1765|o__OFGB1765|f__FGB1765|g__GGB4552",0,0,0,0,0,0,0,0.2575,0.11551,0,0,0,0.01337,0,0,0,0,0,0,0,0,0,0,0,2.52771,0,0,0,0,0,0,0,0,0,0,0,0,0,1.29122,0,0,0
"k__Bacteria|p__Firmicutes|c__CFGB1765|o__OFGB1765|f__FGB1765|g__GGB4559",0,0,0,0,0,0,0,1.39356,0.10556,0,0,0,0,0,0,0,0,0,0,0,0,0,0,0,0,0,0,0,0,0,0,1.62543,0,0,0,0,0,0,0,0,0,0
"k__Bacteria|p__Firmicutes|c__CFGB1765|o__OFGB1765|f__FGB1765|g__GGB4562",0,0,0,0,0,0,0,0,0,0,0,0,0,0,0,0,0,0,0,0,0,0,0,0,0,0,0,0,0,0,0,0,0,0,0,0,0,0,0.01479,0.00222,0,0
"k__Bacteria|p__Firmicutes|c__CFGB1765|o__OFGB1765|f__FGB1765|g__GGB4566",0,0,0,0,0,0,0,0,0,0,0,0,0,0,0,0,0,0,0,0,0,0,0,0,0,0,0,0,0,0,0,0,0,0,0,0,0,0,0.30244,0.07293,0,0
"k__Bacteria|p__Firmicutes|c__CFGB1765|o__OFGB1765|f__FGB1765|g__GGB4567",0.25872,4.4879,0,0,0,0,1e-04,0,0.00057,0,0,0,0,0,0,0,0,0,0,0,0,0,0,0,0,0,0,0,0,0,0,0,0,0,0,0,0,0,2.96713,1.59671,0,0
"k__Bacteria|p__Firmicutes|c__CFGB1765|o__OFGB1765|f__FGB1765|g__GGB4569",0,0,0,0,0,0,0,0.51972,0.39332,0,0,0,0,0,0,0,4.60669,0,0,0,0,0,0,0,0,0,0,0,0,0,0,0,0,0,0,0,0,0,6.46392,0.03054,0,0
"k__Bacteria|p__Firmicutes|c__CFGB1765|o__OFGB1765|f__FGB1765|g__GGB4578",0,0,0,0,0,0,0,0.17009,0.07514,0,0,0,0,0,0,0,0,0,0,0,0,0,0,0,0,0,0,0,0,0,0,0,0,0,0,0,0,0,0,0,0,0
"k__Bacteria|p__Firmicutes|c__CFGB1765|o__OFGB1765|f__FGB1765|g__GGB4579",0,0,0,0,0,0,0,0,0,0,0,0,0,0,0,0,0,0,0,0,0,0,0,0,0,0,0,0,0,0,0,0,0,0,0,0,0,0,0.00481,0,0,0
"k__Bacteria|p__Firmicutes|c__CFGB1765|o__OFGB1765|f__FGB1765|g__GGB4583",0,0,0,0,0,0,0,0,0.04781,0,0,0,0,0,0,0,0,0,0,0,0,0,0,0,0,0,0,0,0,0,0,0,0,0,0,0,0,0,0,0,0,0
"k__Bacteria|p__Firmicutes|c__CFGB1765|o__OFGB1765|f__FGB1765|g__GGB4585",0,0,0,0,0,0,1.32574,0.47563,0.60773,0,0,0,0,0,0,0.00029,0,0,0,0,0,0,0,0,0,0,0,0,0,0.7023,0,0,0,0,0,0,0,0,0.29979,0,0,0
"k__Bacteria|p__Firmicutes|c__CFGB1765|o__OFGB1765|f__FGB1765|g__GGB4586",0,0,0,0,0,0,0,0,0,0,0,0,0,0,0,0,0,0,0,0,0,0,0,0,0,0,0,0,0,0,0.003,1.5635,0,0,0,0,0,0,0,0,0,0
"k__Bacteria|p__Firmicutes|c__CFGB1765|o__OFGB1765|f__FGB1765|g__GGB4588",0,0,0,0,0,0,0,0,0,0,0,0,0,0,0,0,0,0,0,0,0,0,0,0,0,0,0,0,0,0,0.01467,0.05129,0,0,0,0,0,0,0,0,0,0
"k__Bacteria|p__Firmicutes|c__CFGB1765|o__OFGB1765|f__FGB1765|g__GGB4596",0,0,0,0,0,0,0,0.78342,2.76065,0,0,0,0,0,0,0,0.00395,0,0,0,0,0,0,0,0,0,0,0,0,0,0,0,0,0,0,0,0,0,0.02531,0,0,0
"k__Bacteria|p__Firmicutes|c__CFGB1765|o__OFGB1765|f__FGB1765|g__GGB4599",0,0,0,0,0,0,0,1.90403,0,0,0,0,0,0,0,0,0,0,0,0,0,0,0,0,0,0,0,0,0,0,0,0,0,0,0,0,0,0,0,0,0,0
"k__Bacteria|p__Firmicutes|c__CFGB1765|o__OFGB1765|f__FGB1765|g__GGB4603",0,0,0,0,0,0,0,0,0,0,0,0,0,0,0,0,0,0,0,0,0,0,0,0,0,0,0,0,0,0.02064,0,0,0,0,0,0,0,0,0.35996,0,0,0
"k__Bacteria|p__Firmicutes|c__CFGB1765|o__OFGB1765|f__FGB1765|g__GGB4604",0,0,0,0,0,0,0,0,0,0,0,0,0,0,0,0,0,0,0,0,0,0,0,0,0,0,0,0,0,0,0,0,0,0,0,0,0,0,0.0109,0,0,0
"k__Bacteria|p__Firmicutes|c__CFGB1765|o__OFGB1765|f__FGB1765|g__GGB4605",0,0,0,0,0,0,0,0.07623,0.03818,0,0,0,0,0,0,0,0,0,0,0,0,0,0,0,0,0,0,0,0,0,0,0,0,0,0,0,0,0,0.20011,0,0,0
"k__Bacteria|p__Firmicutes|c__CFGB1765|o__OFGB1765|f__FGB1765|g__GGB87334",0.00169,0.10394,0,0,0,0,0,0,0,0,0,0,0,0,0,0,0,0,0,0,0,0,0,0,0,0,0,0,0,0,0,0,0,0,0,0,0,0,0,0,0,0
"k__Bacteria|p__Firmicutes|c__CFGB1776|o__OFGB1776|f__FGB1776|g__GGB4682",0,0,0,0,0,0,0,0,0,0,0,0,0,0,0,0,0,0,0,0,0,0,0,0,0,0,0,0,0,0,0,0,0,0,0,0,0,0,0.13781,0,0,0
"k__Bacteria|p__Firmicutes|c__CFGB1776|o__OFGB1776|f__FGB1776|g__GGB4683",0.08716,0.35384,0.00818,0,0,0,0,0,0,0,0,0,0,0,0,0,0,0,0,0,0,0,0,0,0,0,0,0,0,0,2.0902,0.00941,0,0,0,0,0,0,0.12868,0.15265,0,0
"k__Bacteria|p__Firmicutes|c__CFGB1776|o__OFGB1776|f__FGB1776|g__GGB4684",0.02351,1.95771,0.03533,0,0,0,0,0,0,0,0,0,0,0,0,7.26334,6.4611,0,0,0,0,0,0,0,0,0,0,0,0,0.363,0,0,0,0,0,0.02529,0,0,0,0,0,0
"k__Bacteria|p__Firmicutes|c__CFGB1777|o__OFGB1777|f__FGB1777|g__GGB4694",0,0,0,0,0,0,0,0,0,0,0,0,0,0,0,0,0,0,0,0,0,0,0,0,0,0,0,0,0,0,0,0,0,0,0,0,0,0,0.84034,0,0,0
"k__Bacteria|p__Firmicutes|c__CFGB1778|o__OFGB1778|f__FGB1778|g__GGB4715",0,0,0,0,0,0,0,0,0,0,0,0,0,0,0,0,0,0,0,0,0,0,0,0,0,0,0,0,0,0,0,0,0,0,0,0,0,0,0.20584,0,0,0
"k__Bacteria|p__Firmicutes|c__CFGB1779|o__OFGB1779|f__FGB1779|g__GGB4717",0,0,0,0,0,0,0,0,0.1093,0,0,0,0,0,0,0,0,0,0,0,0,0,0,0,0,0,0,0,0,0,0,0,0,0,0,0,0,0,0,0,0,0
"k__Bacteria|p__Firmicutes|c__CFGB1780|o__OFGB1780|f__FGB1780|g__GGB4723",0,0,0.0764,0,0,0,0,0.25586,0.02297,0,0,0,0,0,0,0,0,0,0,0,0,0,0,0,0,0,0,0,0,5e-05,0,0,0,0,0,0,0,0,0.19489,0,0,0
"k__Bacteria|p__Firmicutes|c__CFGB1838|o__OFGB1838|f__FGB1838|g__GGB4884",0,0,0,0,0,0,0,0,0,0,0,0,0,0,0,0,0.00214,0,0,0,0,0,0,0,0,0,0,0,0,0.08125,0,0,0,0,0,0,0,0,0,0,0,0
"k__Bacteria|p__Firmicutes|c__CFGB1872|o__OFGB1872|f__FGB1872|g__GGB4964",0,0,0.00371,0,0,0,0,0,0,0,0,0,0,0,0,0,0,0.01579,0.00575,0,0,0,0,0,0,0,0,0,0,0,0,0,0,0,0,0,0,0,0,0,0,0
"k__Bacteria|p__Firmicutes|c__CFGB2831|o__OFGB2831|f__FGB2831|g__GGB9052",0,0,0,0,0,0,0,0,0,0,0,0,0,0,0,0,0,0,0,0,0,0.00135,0.00282,0,0,0,0,0,0,0,0,0,0,0,0,0,0,0,0,0,0,0
"k__Bacteria|p__Firmicutes|c__CFGB2834|o__OFGB2834|f__FGB2834|g__GGB9063",0,0,0,0,0,0,0,0,0,0,0,0.00516,0,0,0,0,0,0,0,0,0,0,0,0,0,0,0,0,0,0.00664,0.01561,0.00176,0,0,0,0,0,0,0,0.00094,0,0
"k__Bacteria|p__Firmicutes|c__CFGB2834|o__OFGB2834|f__FGB2834|g__GGB9064",0.00409,0,0,0,0,0,0,0,0,0,0,0,0,0,0,0.09819,0,0,0,0,0,0.00375,0.03446,0,0,0,0,0,0,0,0,0,0,0,0,0,0,0,0.00261,7e-04,0,0
"k__Bacteria|p__Firmicutes|c__CFGB2837|o__OFGB2837|f__FGB2837|g__GGB9076",0,0,0,0,0,0,0,0,0,0,0,0,0,0,0,0,0,0,0,0,0,0,0,0,0,0,0,0,0,0,0,0,0,0,0.00357,0,0,0,0,0,0,0
"k__Bacteria|p__Firmicutes|c__CFGB2875|o__OFGB2875|f__FGB2875|g__GGB9176",0,0,0,0,0,0,0,0,0,0,0,0.01561,0.01016,0,0,0,0,0,0,0,0,0,0,0,0,0,0,0,0,0,0,0,0,0,0,0,0,0,0.06233,0.01595,0,0
"k__Bacteria|p__Firmicutes|c__CFGB28775|o__OFGB28775|f__FGB28775|g__GGB3511",0,0,0,0,0,0,0,0,0,0,0,0,0,0,0,0,0,0,0,0,0,0,0,0,0,0,0,0.08562,0,0,0,0,0,0,0,0,0.03255,0.0315,0,0,0,0
"k__Bacteria|p__Firmicutes|c__CFGB2881|o__OFGB2881|f__FGB2881|g__GGB9189",0.00486,0.02548,0,0,0,0,0,0.00717,0.00564,0,0,0,0,0,0,0.00759,0.00656,0.07595,0.01979,0,0,0,0,0,0,0.0142,0,0,0,0.01431,0.00615,0.01673,0,0,0.00086,0,0,0,0.01155,0.00716,0,0
"k__Bacteria|p__Firmicutes|c__CFGB2889|o__OFGB2889|f__FGB2889|g__GGB9197",0.5099,0.12643,0.00304,0,0,0,0,0,0,0,0,0,0,0,0,0,0,0,0,0,0,0,0,0,0,0,0,0,0,0,0.06518,0.12916,0,0,0,0,0,0,0,0,0,0
"k__Bacteria|p__Firmicutes|c__CFGB2890|o__OFGB2890|f__FGB2890|g__GGB9198",0,0,0,0,0,0,0,0,0,0,0,0,0,0,0,0,0,0,0,0,0,0,0,0,0,0,0.00749,0,0,0,0,0,0,0,0,0,0,0,0,0,0,0
"k__Bacteria|p__Firmicutes|c__CFGB2890|o__OFGB2890|f__FGB2890|g__GGB9199",0,0,0,0,0,0,0,0,0,0,0,0,0,0,0,0,0,0,0,0,0,0.01484,0.01892,0,0,0,0,0,0,0,0,0,0,0,0,0,0,0,0,0,0,0
"k__Bacteria|p__Firmicutes|c__CFGB2890|o__OFGB2890|f__FGB2890|g__GGB9200",0,0,0,0,0,0,0,0,0,0,0,0,0,0,0,0.03413,0,0,0,0,0,0,0,0,0,0,0,0,0,0.00138,0,0,0,0,0,0,0,0,0,0,0,0
"k__Bacteria|p__Firmicutes|c__CFGB2898|o__OFGB2898|f__FGB2898|g__GGB9210",0,0,0,0,0,0,0,0,0,0,0,0,0,0,0,0,0,0,0,0,0,0.02981,0.0269,0,0,0,0,0,0,0,0,0,0,0,0,0,0,0,0.00082,0,0,0
"k__Bacteria|p__Firmicutes|c__CFGB2898|o__OFGB2898|f__FGB2898|g__GGB9211",0,0,0,0,0,0,0,0,0,0,0,0.00049,0.01634,0,0,0,0,0,0,0,0,0,0,0,0,0,0,0,0,0,0,0,0,0,0,0,0,0,0,0,0,0
"k__Bacteria|p__Firmicutes|c__CFGB2906|o__OFGB2906|f__FGB2906|g__GGB9225",0,0,0,0.00113,0,0,0,0,0,0,0,0,0,0,0,0,0,0,0,0,0,0,0,0,0,0,0,0,0,0,0,0,0,0,0,0,0,0,0,0,0,0
"k__Bacteria|p__Firmicutes|c__CFGB2915|o__OFGB2915|f__FGB2915|g__GGB36267",0.00241,0.01037,0,0,0,0,0,0.00136,0,0,0,0,0,0,0,0,0,0,0,0,0,0,0,0,0,0,0.01378,0,0,0.0607,0,0,0,0,0,0,0,0,0,0,0,0
"k__Bacteria|p__Firmicutes|c__CFGB2917|o__OFGB2917|f__FGB2917|g__GGB9238",0,0,0,0,0,0,0,0,0,0,0,0,0,0,0,0,0,0,0,0,0,3e-04,0,0,0,0,0,0,0,0,0,0,0,0,0,0,0,0,0.00769,0,0,0
"k__Bacteria|p__Firmicutes|c__CFGB2918|o__OFGB2918|f__FGB2918|g__GGB9289",0,0,0,0,0,0,0,0,0,0,0,0,0,0,0,0,0,0,0,0,0,0.00338,0.0084,0,0,0,0,0,0,0,0,0,0,0,0,0,0,0,0,0,0,0
"k__Bacteria|p__Firmicutes|c__CFGB2921|o__OFGB2921|f__FGB2921|g__GGB9243",0,0,0,0,0,0,0,0,0,0,0,0,0,0,0,0,0.08392,0,0,0,0,0,0,0,0,0,0,0,0,0,0,0,0,0,0,0,0,0,0,0,0,0
"k__Bacteria|p__Firmicutes|c__CFGB2930|o__OFGB2930|f__FGB2930|g__GGB9253",0.02139,0.14619,0,0,0,0,0,0.00268,0.00096,0,0,0,0,0,0,0,0.00327,0,0,0,0,0,0,0,0,0,0,0,0,0.01917,0,0.01087,0,0,0,0,0,0,0.00183,0,0,0
"k__Bacteria|p__Firmicutes|c__CFGB2932|o__OFGB2932|f__FGB2932|g__GGB9261",0.02274,0,0,0,0,0,0,0.00656,0.00052,0,0,0,0,0,0,0,0,0,0,0,0,0,0,0,0,0,0,0,0,0.00061,0,0,0,0,0,0,0,0,0,0,0,0
"k__Bacteria|p__Firmicutes|c__CFGB2937|o__OFGB2937|f__FGB2937|g__GGB9271",0,0,0,0,0,0,0,0.02946,0,0,0,0,0,0,0,0,0,0,0,0,0,0,0,0,0,0,0,0,0,0,0,0,0,0,0,0.0038,0,0,0,0.00986,0,0
"k__Bacteria|p__Firmicutes|c__CFGB2947|o__OFGB2947|f__FGB2947|g__GGB38716",0,0,0,0,0,0,0,0,0,0,0,0,0,0,0,0,0.00043,0,0,0,0,0,0,0,0,0,0,0,0,0,0,0,0,0,0,0,0,0,0,0,0,0
"k__Bacteria|p__Firmicutes|c__CFGB2947|o__OFGB2947|f__FGB2947|g__GGB9285",0,0,0,0,0,0,0,0,0,0,0,0,0,0,0,0,0.01817,0,0,0,0,0,0,0,0,0,0,0,0,0,0,0,0,0,0,0,0,0,0,0,0,0
"k__Bacteria|p__Firmicutes|c__CFGB2949|o__OFGB2949|f__FGB2949|g__GGB9290",0,0,0,0,0,0,0,0.04467,0.00425,0,0,0,0,0,0,0,0.01025,0,0,0,0,0,0,0,0,0,0,0,0,0,0.00954,0.02255,0,0,0,0,0,0,0.05333,0.00381,0,0
"k__Bacteria|p__Firmicutes|c__CFGB2950|o__OFGB2950|f__FGB2950|g__GGB9291",0.00138,0,0,0,0,0,0,0,0,0,0,0.00238,0.00101,0,0,0,0,0,0,0,0,0,0,0,0,0,0,0,0,0,0,0,0,0,0,0,0,0,0,0,0,0
"k__Bacteria|p__Firmicutes|c__CFGB2952|o__OFGB2952|f__FGB2952|g__GGB9293",0.00333,0.00658,0,0,0,0,0,0.05326,0.01212,0,0,0,0,0,0,0,0.03342,0,0,0,0,0,0,0,0,0,0,0,0,0.10555,0,0,0,0,0,0,0,0,0.12111,0.01257,0,0
"k__Bacteria|p__Firmicutes|c__CFGB2954|o__OFGB2954|f__FGB2954|g__GGB9297",0.0018,0,0,0,0,0,0,0.00168,0.00094,0,0,0,0,0,0,0,0,0,0,0,0,0,0,0,0,0,0,0,0,0,0,0,0,0,0,0,0,0,0,0,0,0
"k__Bacteria|p__Firmicutes|c__CFGB2957|o__OFGB2957|f__FGB2957|g__GGB9299",0,0,0,0,0,0,0,0,0,0,0,0,0,0,0,0,0.01144,0,0,0,0,0,0,0,0,0,0,0,0,0,0,0,0,0,0,0,0,0,0,0,0,0
"k__Bacteria|p__Firmicutes|c__CFGB2959|o__OFGB2959|f__FGB2959|g__GGB9301",8e-05,0.00357,0,0,0,0,0,0,0,0,0,0,0,0,0,0.00079,0,0,0,0,0,0.003,0.0085,0,0,0,0,0,0,0,0,0,0,0,0,0,0,0,0.0089,0.00227,0,0
"k__Bacteria|p__Firmicutes|c__CFGB2960|o__OFGB2960|f__FGB2960|g__GGB9302",0,0,0,0,0,0,0,0.03701,0.00621,0,0,0.0208,0.0685,0,0,0,0.03988,0,0,0,0,0,0,0,0,0,0,0,0,0.01283,0.0823,0.02361,0,0,0,0,0,0,0.09511,0,0,0
"k__Bacteria|p__Firmicutes|c__CFGB2982|o__OFGB2982|f__FGB2982|g__GGB9342",0.87415,0.12499,0,0,0,0,0,0.20012,0.00586,0,0,0,0.02713,0,0,0,0.0028,0,0,0,0,1.56468,3.40544,0,0,0,0,0,0,4.07449,0,0,0,0,0,0,0,0,0.01398,0.00068,0,0
"k__Bacteria|p__Firmicutes|c__CFGB2983|o__OFGB2983|f__FGB2983|g__GGB9343",0,0,0,0,0,0,0,0.00391,0,0,0,0,0,0,0,0,0,0,0,0,0,0.00409,0.06117,0,0,0,0,0,0,0,0,0,0,0,0,0,0,0,0.02092,0,0,0
"k__Bacteria|p__Firmicutes|c__CFGB2984|o__OFGB2984|f__FGB2984|g__GGB9347",0.27728,0.90384,0.04115,0,0,0,0,0.21954,0,0,0,0,0,0,0,0,0.63164,0,0,0,0,0,0.51819,0,0,0,0,0,0,0,0,0,0,0,0,0,0,0,0.02151,0.00675,0,0
"k__Bacteria|p__Firmicutes|c__CFGB2985|o__OFGB2985|f__FGB2985|g__GGB9350",0.00193,0.04164,0,0,0,0,0,0.10636,0,0,0,0,0,0,0,0,0.00829,0,0,0,0,0,0,0,0,0,0,0,0,0,0,0,0,0,0,0,0,0,0,0,0,0
"k__Bacteria|p__Firmicutes|c__CFGB2997|o__OFGB2997|f__FGB2997|g__GGB9444",0.00355,0.00211,0.01465,0,0,0,0,0.00142,0,0,0,0,0,0,0,0,0,0.03219,0.0027,0,0,0,0.0071,0,0,0,0,0,0,0.00059,0,0.01053,0,0,0,0,0,0,0,0,0,0
"k__Bacteria|p__Firmicutes|c__CFGB3004|o__OFGB3004|f__FGB3004|g__GGB58158",0,0,0,0,0,0,0,0,0,0,0,0,0.00045,0,0,0,0,0,0,0,0,0.00032,0.00493,0,0,0,0,0,0,0,0.00069,0.00096,0,0,0,0,0,0,0,0,0,0.01385
"k__Bacteria|p__Firmicutes|c__CFGB3009|o__OFGB3009|f__FGB3009|g__GGB31234",0,0,0,0,0,0,0,0,0,0,0,0,0.00032,0,0,0.00126,0,0,0,0,0,0,7e-05,0,0,0,0,0,0,0,0,0,0,0,0,0,0,0,0,0,0,0
"k__Bacteria|p__Firmicutes|c__CFGB3009|o__OFGB3009|f__FGB3009|g__GGB9474",0,0,0,0,0,0,0,0,0,0,0,0,0,0,0,0,0,0,0,0,0,0,0,0,0,0,0,0,0,0,0.0236,0,0,0,0,0,0,0,0,0,0,0
"k__Bacteria|p__Firmicutes|c__CFGB3009|o__OFGB3009|f__FGB3009|g__GGB9476",0,0,0,0,0,0,0,0,0,0,0,0,0,0,0,0,0,0,0,0,0,0,0,0,0,0,0,0,0,0,0,0,0,0,0,0,0,0,0,0,0,0.0168
"k__Bacteria|p__Firmicutes|c__CFGB3012|o__OFGB3012|f__FGB3012|g__GGB9480",0,0,0,0,0,0,0,0,0,0,0,0,0,0,0,0,0,0,0,0,0,0,0,0,0,0.96435,0.98967,0,0,0,0,0,0,0,0,0,0,0,0,0,0,0
"k__Bacteria|p__Firmicutes|c__CFGB3023|o__OFGB3023|f__FGB3023|g__GGB9501",0,0,0,0,0,0,0,0,0,0,0,0.00726,0.04804,0,0,0,0,0,0,0,0,0.01201,0.00275,0,0,0,0,0,0,0,0,0,0,0,0,0,0,0,0.01866,0.00417,0,0
"k__Bacteria|p__Firmicutes|c__CFGB3023|o__OFGB3023|f__FGB3023|g__GGB9502",0.03431,0.08499,0.0112,0,0,0,0,0.09365,0.07109,0,0,0,0,0,0,0,0.01735,0.00103,0.00221,0,0,0,0,0,0,0.09684,0.01412,0,0,0.03894,0.02254,0.00802,0,0,0,0,0,0,0,0,0,0
"k__Bacteria|p__Firmicutes|c__CFGB3026|o__OFGB3026|f__FGB3026|g__GGB9508",0,0,0.01521,0,0,0,0,0,0,0,0,0,0,0,0,0,0.0018,0,0,0,0,0,0,0,0,0,0,0,0,0,0,0,0,0,0,0,0,0,0,0,0,0
"k__Bacteria|p__Firmicutes|c__CFGB30287|o__OFGB30287|f__FGB30287|g__GGB42378",0.00221,0.01228,0,0,0,0,0,0,0,0,0,0,0,0,0,0,0,0,0,0,0,0,0,0,0,0,0,0,0,0.01111,0,0,0,0,0,0,0,0,0.00433,0,0,0
"k__Bacteria|p__Firmicutes|c__CFGB30328|o__OFGB30328|f__FGB30328|g__GGB52106",0,0,0,0,0,0,0,0,0,0,0,0,0,0,0,0,0,0,0,0,0,0,0,0,0,0.00078,0.0024,0,0,0,0.01667,0.00535,0,0,0,0,0,0,0,0,0,0
"k__Bacteria|p__Firmicutes|c__CFGB3038|o__OFGB3038|f__FGB3038|g__GGB33586",0,0,0,0.00097,0,0,0,0.00068,0,0,0,0.00145,0.00284,0,0,0.00804,0,0,0,0,0,0.00177,0.00086,0,0,0,0.01924,0,0,0.00428,0.01335,0.01652,0,0,0,0,0,0,0.00045,0,0.01411,0
"k__Bacteria|p__Firmicutes|c__CFGB3038|o__OFGB3038|f__FGB3038|g__GGB45640",0,0,0,0,0,0,0,0,0,0,0,0,0.00063,0,0,0,0,0,0,0,0,0,0,0,0,0,0,0,0,0,0,0,0,0,0,0,0,0,0,0,0,0
"k__Bacteria|p__Firmicutes|c__CFGB3038|o__OFGB3038|f__FGB3038|g__GGB9528",0,0,0,0,0,0,0,0,0,0,0,0,0,0,0,0,0,0,0,0,0,0.00197,0.02123,0,0,0,0,0,0,0,0,0,0,0,0,0,0,0,0,0,0,0
"k__Bacteria|p__Firmicutes|c__CFGB3038|o__OFGB3038|f__FGB3038|g__GGB9531",0,0,0,0,0,0,0,0.00071,0,0,0,0.02257,0.00351,0,0,0.05307,0,0,0,0,0,0,0,0,0,0,0,0,0,0.08709,0.00517,0.00037,0,0,0,0,0,0,0,0,0,0
"k__Bacteria|p__Firmicutes|c__CFGB3038|o__OFGB3038|f__FGB3038|g__GGB9532",0,0,0,0,0,0,0,0,0,0,0,0,0.00112,0,0,0,0,0,0,0,0,0,0,0,0,0,0,0,0,0,0,0,0,0,0,0,0,0,0,0,0,0
"k__Bacteria|p__Firmicutes|c__CFGB3038|o__OFGB3038|f__FGB3038|g__GGB9534",0.00414,0.00414,0,0,0,0,0,0,0,0,0,0,0,0,0,0.04037,0,0,0,0,0,0.00796,0.00708,0,0,0.00267,0.00371,0,0,0.01835,0.00014,0.01579,0,0,0,0,0,0.00516,0,0,0,0
"k__Bacteria|p__Firmicutes|c__CFGB3038|o__OFGB3038|f__FGB3038|g__GGB9537",0,0,0,0,0,0,0,0,0,0,0,0,0.0031,0,0,0.01407,0.00341,0,0,0,0,0,0,0,0,0,0,0,0,0.00155,0,0,0,0,0,0,0,0,0,0,0,0
"k__Bacteria|p__Firmicutes|c__CFGB3041|o__OFGB3041|f__FGB3041|g__GGB9547",0,0,0,0,0,0,0,0.03133,0,0,0,0,0,0,0,0,0,0,0,0,0,0.04718,0.03108,0,0,0,0,0,0,0,0,0,0,0,0,0,0,0,0.08689,0,0,0
"k__Bacteria|p__Firmicutes|c__CFGB3043|o__OFGB3043|f__FGB3043|g__GGB9551",0,0,0,0,0,0,0,0,0,0,0,0,0,0,0,0,0,0,0,0,0,0,0,0,0,0,0,0,0,0,0,0,0,0,0,0,0,0,0.00318,0,0,0
"k__Bacteria|p__Firmicutes|c__CFGB3047|o__OFGB3047|f__FGB3047|g__GGB52130",0.01902,0.00299,0,0,0,0,0.00081,0,0.00168,0,0,0,0.00538,0,0,0,0.00184,0,0,0,0,0,0,0,0,0,0,0,0,0.00071,0.01009,0.00375,0,0,0,0,0,0,0,0,0.00469,0
"k__Bacteria|p__Firmicutes|c__CFGB3048|o__OFGB3048|f__FGB3048|g__GGB9559",0,0,0,0,0,0,0,0,0,0,0,0,0,0,0,0.01021,0,0,0,0,0,0,0,0,0,0,0,0,0,0,0,0,0,0,0,0,0,0,0,0,0,0
"k__Bacteria|p__Firmicutes|c__CFGB3048|o__OFGB3048|f__FGB3048|g__GGB9561",0.01648,0.03829,0,0,0,0,0,0.00104,0.00549,0,0,0,0,0,0,0,0.04962,0.04757,3e-04,0,0,0.0074,0,0.00249,0.01406,0,0,0,0,0.08439,0,0,0,0,0,0,0,0,0,0,0,0
"k__Bacteria|p__Firmicutes|c__CFGB3054|o__OFGB3054|f__FGB3054|g__GGB33512",0,0,0,0,0,0,0,0,0,0,0,0.01977,0.35624,0,0,0,0,0,0,0,0,0.22156,0.23291,0,0,0,0,0,0,0.01921,0,0,0,0,0,0.46113,0,0,0.54033,0.05298,0,0
"k__Bacteria|p__Firmicutes|c__CFGB3054|o__OFGB3054|f__FGB3054|g__GGB35551",0,0,0,0,0,0,0,0,0,0,0,0,0,0,0,0,0,0,0,0,0,0,0,0,0,0,0,0,0,0.00254,0,0,0,0,0,0,0,0,0,0,0,0
"k__Bacteria|p__Firmicutes|c__CFGB3054|o__OFGB3054|f__FGB3054|g__GGB9690",0.08562,0.47099,0.03551,0,0,0,0,0.10217,0.00215,0,0,0,0,0,0,0,0.00247,0,0,0,0,0,0,0,0,0,0,0,0,0.26493,0,0,0,0,0,0,0,0,0.09672,0.04002,0,0
"k__Bacteria|p__Firmicutes|c__CFGB3054|o__OFGB3054|f__FGB3054|g__GGB9691",0,0,0,0,0,0,0,0.26315,0.00206,0,0,0,0,0,0,0,0.04965,0,0,0,0,0,0,0,0,0,0,0,0,0.09842,0.12773,0.12208,0,0,0,0,0,0,0.31687,0.01657,0,0
"k__Bacteria|p__Firmicutes|c__CFGB3054|o__OFGB3054|f__FGB3054|g__GGB9694",0,0.00178,0,0,0,0,0,0,0,0,0,0.00812,0.07096,0,0,0,0,0,0,0,0,0.00566,0.05519,0,0,0,0,0,0,0.00164,0,0,0,0,0,0,0,0,0.00542,0.00028,0,0
"k__Bacteria|p__Firmicutes|c__CFGB3057|o__OFGB3057|f__FGB3057|g__GGB9719",0.00524,0.01536,0,0.09728,0.00327,0.04127,0.01024,0,0,0,0,0.04664,0.12253,0.0018,0,0.03503,0.01005,0.00187,0,0.08346,0.04189,0.22603,0.09495,0.00236,0.15845,0.01435,0.03356,0,0,0.00728,0.26428,0.00876,0,0,0,0.03913,0,0.02214,0.03895,0.08373,0.13674,0.10008
"k__Bacteria|p__Firmicutes|c__CFGB3062|o__OFGB3062|f__FGB3062|g__GGB9747",0.6767,2.39751,0.0289,0,0,0.00073,0,0.47305,0.03049,0,0,0,0,0,0,0,0.7659,0.01062,0.041,0,0,0,0,0,0,0,0,0,0,0.83904,0.38882,0.19359,0,0,0.02122,0,0,0,0.06529,0.0691,0,0
"k__Bacteria|p__Firmicutes|c__CFGB3069|o__OFGB3069|f__FGB3069|g__GGB9767",0.05472,0.04533,0,0,0,0,0,0.09378,0.00348,0,0,0,0,0,0,0,0.39743,0,0,0,0,0,0,0,0,0,0,0,0,0,0,0,0,0,0.00147,0,0,0,0,0,0,0
"k__Bacteria|p__Firmicutes|c__CFGB3069|o__OFGB3069|f__FGB3069|g__GGB9770",0,0,0,0,0,0,0,0.03067,0,0,0,0,0,0,0,0.00072,0.0028,0,0,0,0,1.30496,1.07471,0,0,0,0,0,0,0,0,0,0,0,0,0,0,0,0.10844,0.0541,0,0
"k__Bacteria|p__Firmicutes|c__CFGB3069|o__OFGB3069|f__FGB3069|g__GGB9773",0,0,0,0,0,0,0,0,0,0,0,0,0,0,0,0,0.01522,0,0,0,0,0,0,0,0,0,0,0,0,0,0,0,0,0,0,0,0,0,0,0,0,0
"k__Bacteria|p__Firmicutes|c__CFGB3070|o__OFGB3070|f__FGB3070|g__GGB9774",0,0,0,0,0,0,0,0,0,0,0,0,0,0,0,0,0,0.0163,0,0,0,0,0,0,0,0,0,0,0,0,0,0,0,0,0,0,0,0,0,0,0,0
"k__Bacteria|p__Firmicutes|c__CFGB3070|o__OFGB3070|f__FGB3070|g__GGB9775",0.0254,0.00325,0,0,0,0,0,0.01292,0,0,0,0.00343,0.031,0,0,0,0,0,0,0,0,0.08353,0.00912,0,0,0,0,0,0,0,0,0,0,0,0,0,0,0,0,0,0,0
"k__Bacteria|p__Firmicutes|c__CFGB3071|o__OFGB3071|f__FGB3071|g__GGB34197",0.00232,0.0233,0,0,0,0,0,0,0,0,0,0,0,0,0,0,0,0,0,0,0,0,0,0,0,0,0,0,0,0,0,0,0,0,0,0,0,0,0,0,0,0
"k__Bacteria|p__Firmicutes|c__CFGB3071|o__OFGB3071|f__FGB3071|g__GGB9778",0.00506,0.01252,0,0,0,0,0,0,0,0,0,0,0,0,0,0,0.02641,0,0,0,0,0,0,0,0,0,0,0,0,0,0,0,0,0,0,0,0,0,0,0,0,0
"k__Bacteria|p__Firmicutes|c__CFGB3071|o__OFGB3071|f__FGB3071|g__GGB9780",0,0,0,0,0,0,0,0,0,0,0,0,0,0,0,0,0,0,0,0,0,0,0,0,0,0,0,0,0,0,0,0,0,0,0,0,0,0,0.19423,0.28273,0,0
"k__Bacteria|p__Firmicutes|c__CFGB3072|o__OFGB3072|f__FGB3072|g__GGB45491",0,0,0,0,0,0,0,0,0,0,0,0,0,0,0,0.00661,0,0,0,0,0,0.10367,0.05813,0,0,0,0,0,0,0,0,0,0,0,0,0,0,0,0.1489,0.03802,0,0
"k__Bacteria|p__Firmicutes|c__CFGB3072|o__OFGB3072|f__FGB3072|g__GGB45495",0,0,0,0,0,0,0,0.00059,0,0,0,0,0.06721,0,0,0,0,0,0,0,0,0.00547,0.06404,0,0,0,0,0,0,0,0,0,0,0,0,0,0,0,0.10134,0.00106,0,0
"k__Bacteria|p__Firmicutes|c__CFGB3072|o__OFGB3072|f__FGB3072|g__GGB9781",0.01387,0.00961,0,0,0,0,0,0.03934,0.00395,0,0,0,0.287,0,0,0.00153,0.06276,0,0,0,0,0.12198,0.35087,0,0,0,0,0,0,0,0.0518,0.00579,0,0,0,0,0,0,0.19767,0.14327,0,0.00061
"k__Bacteria|p__Firmicutes|c__CFGB3072|o__OFGB3072|f__FGB3072|g__GGB9782",0,0,0,0,0,0,0,0,0,0,0,0,0.01466,0,0,0,0,0,0,0,0,0,0,0,0,0,0,0,0,0,0,0,0,0,0,0,0,0,0.09852,0.02276,0,0
"k__Bacteria|p__Firmicutes|c__CFGB3072|o__OFGB3072|f__FGB3072|g__GGB9783",0,0,0,0,0,0,0,0,0,0,0,0,0,0,0,0,0.01029,0,0,0,0,0,0,0,0,0,0,0,0,0,0,0,0,0,0,0,0,0,0,0,0,0
"k__Bacteria|p__Firmicutes|c__CFGB3072|o__OFGB3072|f__FGB3072|g__GGB9784",0.00022,0,0,0,0,0,0,0,0,0,0,0,0,0,0,0,0.08201,0,0,0,0,0,0,0,0,0,0,0,0,0,0,0,0,0,0,0,0,0,0,0,0,0
"k__Bacteria|p__Firmicutes|c__CFGB3072|o__OFGB3072|f__FGB3072|g__GGB9786",0.02351,0.02578,0,0,0,0,0,0.07883,0.03739,0,0,0,0,0,0,0,0.04767,0,0,0,0,0,0,0,0,0,0,0,0,0,0,0,0,0,0,0,0,0,0,0,0,0
"k__Bacteria|p__Firmicutes|c__CFGB3072|o__OFGB3072|f__FGB3072|g__GGB9787",0.0103,0.1192,0.00186,0,0,0,0,0.028,0.0101,0,0,0.06382,0.01161,0,0,0.04321,0.04678,0.00557,0,0,0,0,0,0,0,0,0,0,0,0.11228,0,0,0,0,0,0,0,0,0,0,0,0
"k__Bacteria|p__Firmicutes|c__CFGB3072|o__OFGB3072|f__FGB3072|g__GGB9788",0.00861,0.00774,0,0,0,0,0,0,0,0,0,0,0,0,0,0,0.22401,0,0,0,0,0.06078,0.08841,0,0,0,0,0,0,0,0,0,0,0,0,0,0,0,0,0,0,0
"k__Bacteria|p__Firmicutes|c__CFGB31455|o__OFGB31455|f__FGB31455|g__GGB4699",0,0,0,0,0,0,0,0,0,0,0,0,0,0,0,0,0,0,0,0,0,0,0,0,0,0,0,0,0,0,0,0,0,0,0,0,0,0,0.386,0.16447,0,0
"k__Bacteria|p__Firmicutes|c__CFGB31455|o__OFGB31455|f__FGB31455|g__GGB4700",0.00213,2.2985,0,0,0,0,0,0,0,0,0,0,0,0,0,0,0,0,0,0,0,0,0,0,0,0,0,0,0,0,0,0,0,0,0,0,0,0,0,0,0,0
"k__Bacteria|p__Firmicutes|c__CFGB3172|o__OFGB3172|f__FGB3172|g__GGB10692",0,0,0,0,0,0,0,0,0,0,0,0,0,0,0,0,0,0,0,0,0,0,0,0,0,0,0,0,0,0,0,0,0,0,0,0,0,0,0.00677,0,0,0
"k__Bacteria|p__Firmicutes|c__CFGB32970|o__OFGB32970|f__FGB32970|g__GGB51884",0.02373,0.03912,0,0,0,0,0,0.00169,0.00079,0,0,0,0,0,0,0,0.00447,0,0,0,0,0,0,0,0,0,0,0,0,0,0,0,0,0,0,0,0,0,0,0,0,0
"k__Bacteria|p__Firmicutes|c__CFGB3625|o__OFGB3625|f__FGB3625|g__GGB3616",0,0,0,0,0,0,0,0,0,0,0,0.00839,0.1044,0,0,0,0.00275,0,0,0.00504,0,0,0,0,0,0,0,0,0,0,0,0,0,0,0,0.0126,0,0,0,0,0,0
"k__Bacteria|p__Firmicutes|c__CFGB38642|o__OFGB38642|f__FGB38642|g__GGB9758",0.06452,0.11243,0,0,0,0,0,1.33122,0.2778,0,0,0,0,0,0,0,0.01704,0,0,0,0,0,0,0,0,0,0,0,0,0.37601,0,0.24431,0,0,0.0206,0,0,0,0.71781,0.27151,0,1.08703
"k__Bacteria|p__Firmicutes|c__CFGB38642|o__OFGB38642|f__FGB38642|g__GGB9765",0,0,0,0,0,0,0,0.00107,0,0,0,0,0,0,0,0,0,0,0,0,0,0.00421,0.014,0,0,0,0,0,0,0,0,0,0,0,0,0,0,0,0.00262,0,0,0
"k__Bacteria|p__Firmicutes|c__CFGB38642|o__OFGB38642|f__FGB38642|g__GGB9766",0.04804,0.01596,0,0,0,0.01059,0.01744,0.02477,0.00233,0,0,0.00339,0.05204,0,0,0.00992,0.01899,0.00823,0.01621,0,0,0,0,0,0,0,0,0,0,0.07281,0.08339,0.07162,0,0,0.0127,0,0,0,0,0,0,0
"k__Bacteria|p__Firmicutes|c__CFGB38703|o__OFGB38703|f__FGB38703|g__GGB44201",0,0,0,0,0,0,0,0,0,0,0,0,0,0,0,0,0,0,0,0,0,0,0,0,0,0,0,0,0,0,0,0,0,0,0,0,0,0,0.01095,0,0,0
"k__Bacteria|p__Firmicutes|c__CFGB38791|o__OFGB38791|f__FGB38791|g__GGB9252",0,0.00397,0,0,0,0,0,0,0,0,0,0,0,0,0,0,0,0,0,0,0,0,0,0,0,0,0,0,0,0,0,0,0,0,0,0,0,0,0,0,0,0
"k__Bacteria|p__Firmicutes|c__CFGB40183|o__OFGB40183|f__FGB40183|g__GGB42389",0,0,0,0,0,0,0,0.00021,0,0,0,0,0.04999,0,0,0,0,0,0,0,0,0.00026,0,0,0,0,0,0,0,0,0,0,0,0,0,0,0,0,0,0,0,0
"k__Bacteria|p__Firmicutes|c__CFGB45503|o__OFGB45503|f__FGB45503|g__GGB48165",0,0,0,0,0,0,0,0,0,0,0,0,0,0,0,0,0,0,0,0,0,0.04158,0.03913,0,0,0,0,0,0,0,0,0,0,0,0,0,0,0,0.0071,0,0,0
"k__Bacteria|p__Firmicutes|c__CFGB45503|o__OFGB45503|f__FGB45503|g__GGB9790",0.08927,0.13056,0.00561,0,0,0,0,0.06484,0.02823,0,0,0.00448,0.06976,0,0,0,0.05953,0,0,0,0,0,0,0,0,0,0,0,0,0.07665,0,0,0,0,0.04741,0,0,0,0,0,0,0
"k__Bacteria|p__Firmicutes|c__CFGB45555|o__OFGB45555|f__FGB45555|g__GGB9697",0.05485,0.70647,0,0,0,0,0,0.10909,0.00255,0,0,0,0,0,0,0,0,0,0,0,0,0,0,0,0,0,0,0,0,0.02802,0.05889,0.00634,0,0,0,0,0,0,0.00865,0,0,0
"k__Bacteria|p__Firmicutes|c__CFGB45555|o__OFGB45555|f__FGB45555|g__GGB9701",0,0,0,0,0,0,0,0.23839,0.0085,0,0,0,0,0,0,0.0046,0.29111,0,0,0,0,0,0,0,0,0,0,0,0,0.27633,0,0,0,0,0,0,0,0,0,0,0,0
"k__Bacteria|p__Firmicutes|c__CFGB4559|o__OFGB4559|f__FGB4559|g__GGB2983",0.07032,0.09996,0,0,0,0,0,0.01828,0.04627,0,0,0,0,0,0,0,0.03403,0,0,0,0,0,0,0,0,0,0,0,0,0,0.00301,0,0,0,0.00316,0.04269,0,0,0,0,0,0.08556
"k__Bacteria|p__Firmicutes|c__CFGB45628|o__OFGB45628|f__FGB45628|g__GGB45613",0.00341,0.00184,0,0,0,0,0,0,0,0,0,0,0.00503,0,0,0.00424,0.00212,0,0,0,0,0.00751,0.01064,0,0,0,0,0,0,0.00515,0,0,0,0,0,0,0,0.01407,0.00779,0.00315,0.00713,0
"k__Bacteria|p__Firmicutes|c__CFGB45628|o__OFGB45628|f__FGB45628|g__GGB58233",0,0,0,0,0,0,0,9e-05,0,0,0,0.00295,0.00898,0,0,0,0,0,0,0,0,0,0,0,0,0,0,0,0,0.0015,0.0054,0.0024,0,0,0,0,0,0,0.00018,0,0,0
"k__Bacteria|p__Firmicutes|c__CFGB4605|o__OFGB4605|f__FGB4605|g__GGB13404",0.02382,0,0,0,0,0,0,0.00512,0.00198,0,0,0,0,0,0,0,0,0.01444,0,0,0,0,0.00382,0,0,0,0,0,0,0.00112,0.03548,0.02625,0,0,0,0,0,0,0.00303,0,0,0
"k__Bacteria|p__Firmicutes|c__CFGB4623|o__OFGB4623|f__FGB4623|g__GGB9525",0,0.00439,0,0,0,0,0,0,0,0,0,0,0,0,0,0,0,0,0,0,0,0,0,0,0,0,0,0,0,0,0,0,0,0,0,0,0,0,0,0,0,0
"k__Bacteria|p__Firmicutes|c__CFGB4648|o__OFGB4648|f__FGB4648|g__GGB3303",0,1.77218,0,0,0,0,0,0.10686,0,0,0,0,0,0,0,0,0.06118,0,0,0,0,0,0,0,0,0,0,0,0,0,0,0,0,0,0,0,0,0,0.34035,0.01845,0,0
"k__Bacteria|p__Firmicutes|c__CFGB4806|o__OFGB4806|f__FGB4806|g__GGB51647",4.2478,2.17239,0,0.01105,0,0,0,1.31921,0.0935,0,0,0,0,1.1648,0.00475,0,0.04664,6.75324,0.33928,0,0,0.78244,4.6145,0,0,0,0,0,0,0.4461,0.0382,0.0943,0,0,0.001,0.00163,0,0,3.15519,0.01371,0,0
"k__Bacteria|p__Firmicutes|c__CFGB52309|o__OFGB52309|f__FGB52309|g__GGB53380",0.03534,0.06349,0,0,0,0,0,0,0,0,0,0,0,0,0,0,0.02852,0,0,0,0,0,0,0,0,0,0,0,0,0.04049,0,0,0,0,0,0,0,0,0,0,0,0
"k__Bacteria|p__Firmicutes|c__CFGB58251|o__OFGB58251|f__FGB58251|g__GGB9762",0.15392,0.23544,0,0,0,0,0,0,0,0,0,0,0,0,0,0,0.08319,0,0,0,0,0,0,0,0,0,0,0,0,0,0,0,0,0,0,0,0,0,0,0,0,0
"k__Bacteria|p__Firmicutes|c__CFGB58291|o__OFGB58291|f__FGB58291|g__GGB9264",0.02583,0.00475,0,0,0,0,0,0,0,0,0,0,0,0,0,0,0,0,0,0,0,0,0,0,0,0,0,0,0,0,0,0,0,0,0,0,0,0,0,0,0,0
"k__Bacteria|p__Firmicutes|c__CFGB72899|o__OFGB72899|f__FGB72899|g__GGB4611",0,0,0,0,0,0,0,0,0,0,0,0,0,0,0,0,0,0,0,0,0,0,0,0,0,0,0,0,0,0,0,0,0,0,0,0,0,0,1.57874,0,0,0
"k__Bacteria|p__Firmicutes|c__CFGB72924|o__OFGB72924|f__FGB72924|g__GGB3612",0,0,0,0,0,0,0,0,0,0,0,0,0,0,0,0,0,0,0,0,0,0,0,0.00103,0.05645,0,0,0,0,0,0,0,0,0,0,0,0,0,0.0195,0,0,0
"k__Bacteria|p__Firmicutes|c__CFGB72939|o__OFGB72939|f__FGB72939|g__GGB74511",0,0,0,0,0,0,0,0,0,0,0,0,0,0.00347,0,0,0,0,0,0,0,0,0,0,0,0,0,0,0,0,0,0,0,0,0,0,0,0,0,0,0,0
"k__Bacteria|p__Firmicutes|c__CFGB73223|o__OFGB73223|f__FGB73223|g__GGB9249",0.02546,0.0019,0,0,0,0,0,0,0,0,0,0,0,0,0,0,0,0,0,0,0,0,0,0,0,0,0,0,0,0,0,0,0,0,0,0,0,0,0,0,0,0
"k__Bacteria|p__Firmicutes|c__CFGB73902|o__OFGB73902|f__FGB73902|g__GGB4689",0,0,0.00457,0,0,0,0,0,0.45801,0,0,0,0,0,0,0,0,0,0,0,0,0,0,0,0,0,0,0,0,0,0,0,0,0,0,0,0,0,0.17404,0,0,0
"k__Bacteria|p__Firmicutes|c__CFGB74971|o__OFGB74971|f__FGB74971|g__GGB9334",0,0,0,0,0,0,0,0,0,0,0,0,0,0,0,0,0,0,0,0,0,0,0,0,0,0,0,0,0,0,0,0,0,0,0,0,0,0,1.20624,0,0,0
"k__Bacteria|p__Firmicutes|c__CFGB75721|o__OFGB75721|f__FGB75721|g__GGB9523",0,0,0,0,0,0,0,0,0,0,0,0,0,0,0,0,0,0,0,0,0,0.01468,0.0178,0,0,0,0,0,0,0,0,0,0,0,0,0,0,0.00535,0,0,0,0
"k__Bacteria|p__Firmicutes|c__CFGB75721|o__OFGB75721|f__FGB75721|g__GGB9524",0,0,0,0,0,0,0,0.02224,0.00448,0,0,0,0,0,0,0,0,0,0,0,0,0,0,0,0,0.02047,0.02088,0,0,0,0,0,0,0,0,0,0,0,0,0,0,0
"k__Bacteria|p__Firmicutes|c__CFGB77202|o__OFGB77202|f__FGB77202|g__GGB34900",0,0,0,0,0,0,0,0,0,0,0,0,0,0,0,0,0,0,0,0,0,0,0,0,0,0,0,0,0,0,0.01433,0.00066,0,0,0,0,0,0,0,0,0,0
"k__Bacteria|p__Firmicutes|c__CFGB77241|o__OFGB77241|f__FGB77241|g__GGB45497",0,0,0,0,0,0,0,0,0,0,0,0,0,0,0,0,0,0,0,0,0,0,0,0,0,0,0,0,0,0,0,0,0,0,0,0,0,0,0.00149,0.00336,0,0
"k__Bacteria|p__Firmicutes|c__CFGB77566|o__OFGB77566|f__FGB77566|g__GGB51139",0,0,0,0,0,0,0,0,0,0,0,0,0,0,0,0,0,0,0,0,0,0,0,0,0,0,0,0,0,0.00345,0,0,0,0,0,0,0,0,0,0,0,0
"k__Bacteria|p__Firmicutes|c__CFGB78183|o__OFGB78183|f__FGB78183|g__GGB9109",0,0,0,0,0,0,0,0,0,0,0,0,0,0,0,0,0,0,0,0,0,0,0,0,0,0,0,0,0,0,0,0,0,0,0,0,0,0,3e-04,0,0,0
"k__Bacteria|p__Firmicutes|c__CFGB78291|o__OFGB78291|f__FGB78291|g__GGB3146",0,0,0,0,0,0,0,0,0,0,0,0,0,0,0,0,0.00789,0,0,0,0,0,0,0,0,0,0,0,0,0,0,0,0,0,0,0,0,0,0,0,0,0
"k__Bacteria|p__Firmicutes|c__CFGB78645|o__OFGB78645|f__FGB78645|g__GGB33539",0,0.00178,0,0,0,0,0,0,0,0,0,0,0,0,0,0,0,0,0,0,0,0,0,0,0,0,0,0,0,0,0,0,0,0,0,0,0,0,0,0,0,0
"k__Bacteria|p__Firmicutes|c__CFGB79237|o__OFGB79237|f__FGB79237|g__GGB9061",0,0,0,0,0,0,0,0,0,0,0,0,0,0,0,0,0,0,0,0,0,0.00081,0.00085,0,0,0,0,0,0,0,0,0,0,0,0,0,0,0,0,0,0,0
"k__Bacteria|p__Firmicutes|c__CFGB79245|o__OFGB79245|f__FGB79245|g__GGB3510",0,0,0,0,0,0.02986,0,0.00076,0,0,0,4e-05,0.02141,0,0,0,0,0,0,0,0,0,0.00686,0,0,0,0,0,0,0,0,0,0,0,0,0,0,0,0,0,0,0
"k__Bacteria|p__Firmicutes|c__CFGB79291|o__OFGB79291|f__FGB79291|g__GGB9522",0.00863,0.01421,0.00447,0,0,0,0,0.02253,0.02522,0,0,0,0,0,0,0.02024,0.0463,0.01437,0.00662,0,0,0,0,0,0,0,0,0,0,0.05307,0.00934,0.0109,0,0,0,0.11262,0,0,0,0,0,0
"k__Bacteria|p__Firmicutes|c__CFGB79294|o__OFGB79294|f__FGB79294|g__GGB87445",0,0,0,0,0,0,0,0.11128,0.00393,0,0,0,0,0,0,0,0.04838,0,0,0,0,0,0,0,0,0,0,0,0,0.17181,0,0,0,0,0,0,0,0,0,0,0,0
"k__Bacteria|p__Firmicutes|c__CFGB79294|o__OFGB79294|f__FGB79294|g__GGB9673",0,0.00258,0,0,0,0,0,0,0,0,0,0,0,0,0,0,0,0,0,0,0,0,0,0,0,0,0,0,0,0,0,0,0,0,0,0,0,0,0,0,0,0
"k__Bacteria|p__Firmicutes|c__CFGB79363|o__OFGB79363|f__FGB79363|g__GGB9288",0.03981,0.12503,0,0,0,0,0,0,0,0,0,0,0,0,0,0,0.0024,0,0,0,0,0,0,0,0,0,0,0,0,0,0,0,0,0,0,0,0,0,0,0,0,0
"k__Bacteria|p__Firmicutes|c__CFGB82363|o__OFGB82363|f__FGB82363|g__GGB9545",0,0,0,0,0,0,0,0,0,0,0,0,0,0,0,0.00067,0,0,0,0,0,0.00084,0.00565,0,0,0,0.00565,0,0,0.00765,0,0,0,0,0,0.005,0,0,0.00622,0.02311,0,0
"k__Bacteria|p__Firmicutes|c__CFGB83839|o__OFGB83839|f__FGB83839|g__GGB3328",0,0,0,0,0,0,0,0.01196,0.03284,0,0,0,0,0,0,0,0,0,0,0,0,0,0,0,0,0,0,0,0,0,0,0,0,0,0,0,0,0,0.03599,0.01507,0,0
"k__Bacteria|p__Firmicutes|c__CFGB9119|o__OFGB9119|f__FGB9119|g__GGB4651",0.24797,0.45572,0,0,0,0,0,0,0,0,0,0,0,0,0,0,0,0,0,0,0,0,0,0,4.02895,0,0,0,0,1.02137,0,0,0,0,0,0,0,0,0.13569,0,0,0
"k__Bacteria|p__Firmicutes|c__CFGB9119|o__OFGB9119|f__FGB9119|g__GGB4727",0,0,0,0,0,0,0,0.17218,0.02083,0,0,0,0,0,0,0,0,0,0,0,0,0,0,0,0,0,0,0,0,0,0,0,0,0,0,0,0,0,0,0,0,0
"k__Bacteria|p__Firmicutes|c__CFGB9120|o__OFGB9120|f__FGB9120|g__GGB4642",0,0,0,0,0,0,0,0.60509,2.04879,0,0,0,0,0,0,0,0,0,0,0,0,0,0,0,0,0,0,0,0,0,0,0,0,0,0,0,0,0,0,0.01623,0,1.15868
"k__Bacteria|p__Firmicutes|c__CFGB9238|o__OFGB9238|f__FGB9238|g__GGB74463",0.01801,0.03144,0,0,0,0,0,4e-05,0,0,0,0,0,0,0,0,0,0,0,0,0,0,0,0,0,0,0,0,0,0.02772,0,0,0,0,0,0,0,0,0,0,0,0
"k__Bacteria|p__Firmicutes|c__CFGB9272|o__OFGB9272|f__FGB9272|g__GGB9296",0.01201,0.00246,0,0,0,0,0,0,0,0,0,0,0,0,0,0,0,0,0,0,0,0,0,0,0,0,0,0,0,0,0,0,0,0,0,0,0,0,0,0,0,0
"k__Bacteria|p__Firmicutes|c__CFGB9491|o__OFGB9491|f__FGB9491|g__GGB9491",0,0,0,0,0,0,0.00051,0,0,0,0,0,0.01261,0,0,0.00692,0.00387,0.00615,0.00116,0,0,0.00013,0,0,0,0.01037,0.00289,0,0,0,0.0057,0.00658,0.00433,0.00297,0,0,0,0,0,0,0,0
"k__Bacteria|p__Firmicutes|c__CFGB9583|o__OFGB9583|f__FGB9583|g__GGB3490",0,0,0,0,0,0,0,0.03159,0.07592,0,0,0,0,0,0,0,0,0,0,0,0,0,0,1.74555,0.07656,0,0,0,0,0,0,0,0.30506,1.61806,0,0,0,0,0,0,0,0
"k__Bacteria|p__Firmicutes|c__CFGB9714|o__OFGB9714|f__FGB9714|g__GGB9711",0.01141,0.0029,0,0,0,0,0,0,0,0,0,0,0,0,0,0,0,0,0,0,0,0,0,0,0,0,0,0,0,0,0,0,0,0,0,0,0,0,0,0,0,0
"k__Bacteria|p__Firmicutes|c__CFGB9718|o__OFGB9718|f__FGB9718|g__GGB3569",0,0,0,0,0,0,0,0,0,0,0,0,0,0,0,0,0,0,0,0,0,0,0,0,0,0,0,0,0,0,0,0,0,0,0,0,0,0,0.00269,0,0,0
"k__Bacteria|p__Firmicutes|c__CFGB9828|o__OFGB9828|f__FGB9828|g__GGB35597",0,0,0,0,0,0,0,0,0,0,0,0,0,0,0,0,0.08357,0,0,0,0,0,0,0,0,0,0,0,0,0,0,0,0,0,0,0,0,0,0,0,0,0
"k__Bacteria|p__Firmicutes|c__CFGB9977|o__OFGB9977|f__FGB9977|g__GGB9606",0,0,0,0,0,0,0,0,0.00701,0,0,0,0,0,0,0,0,0,0,0,0,0,0,0,0,0,0,0,0,0,0,0,0,0,0,0,0,0,0,0,0,0
"k__Bacteria|p__Firmicutes|c__CFGB9989|o__OFGB9989|f__FGB9989|g__GGB9712",0.2393,0.41612,0,0,0,0,0,0.25253,0.02001,0,0,0,0,0,0,0,0.33408,0,0,0,0,0,0,0,0,0,0,0,0,0.81583,0.05574,0.12109,0,0,0.00712,0,0,0,0.25931,0.06807,0,0
"k__Bacteria|p__Firmicutes|c__Clostridia|o__Clostridia_unclassified|f__Clostridia_unclassified|g__Clostridia_unclassified",0.00021,0,0,0.04076,0.00399,0,0.00089,0,0,0.02775,0.00361,0,0.01994,0.01867,0,0.03819,0.00188,0.00894,0.0026,0.21559,0.08889,0.00718,0.00212,0.00411,0.02656,0.00969,0.00701,0.10918,0,0.0026,0.24389,0.1072,0.14159,0.06733,0.00048,0.01588,0.02965,0.06117,0.02801,0.09833,0.01927,0.04504
"k__Bacteria|p__Firmicutes|c__Clostridia|o__Eubacteriales|f__Bianqueaceae|g__Bianquea",0,0,0,0,0,0,0,0,0,0,0,0,0,0,0,0,0,0,0,0,0,0,0,0,0,0.00357,0.01081,0,0,0.00331,0,0,0,0,0,0,0,0,0.00403,0.00147,0,0
"k__Bacteria|p__Firmicutes|c__Clostridia|o__Eubacteriales|f__Christensenellaceae|g__Christensenella",0.0111,0.04068,0,0,0,0.00829,0.00227,0.00626,0.00123,0,0,0.01453,0.11514,0,0,0.1016,0.00097,0,0,0.00789,0.00179,0.04989,0.08509,0.00058,0.01407,0.01207,0.09416,0,0,0.05165,0.23388,0.07962,0.02109,0,0,2e-05,0.00024,0.04285,0.06339,0.06853,0,0
"k__Bacteria|p__Firmicutes|c__Clostridia|o__Eubacteriales|f__Christensenellaceae|g__Christensenellaceae_unclassified",0,0,0,0,0,0,0,0.01029,0,0,0,0,0,0,0,0,0.00159,0,0,0,0,0,0,0,0,0,0.00198,0,0,0.00819,0,0,0,0,0,0,0,0,0,0,0,0
"k__Bacteria|p__Firmicutes|c__Clostridia|o__Eubacteriales|f__Christensenellaceae|g__Gehongia",0.00027,0.00064,0,0,0,0,0,0.00038,0,0,0,0,0.00145,0,0,0,0.00225,0,0,0,0,0.00033,8e-04,0,0,0,0.00065,0,0,0,0,0,0,0,0,0,0,0,0.00056,0.00017,0,0
"k__Bacteria|p__Firmicutes|c__Clostridia|o__Eubacteriales|f__Christensenellaceae|g__GGB9186",0,0,0,0.00121,0,0,0,0,0,0,0,0,0.01082,0,0,0,0,0,0,0,0,0,0,0,0,0,0,0,0,0,0,0,0,0,0,0,0,0,0.00186,0,0,0
"k__Bacteria|p__Firmicutes|c__Clostridia|o__Eubacteriales|f__Christensenellaceae|g__Guopingia",0.00105,0.02745,0,0,0,0,0,0.00707,0.00094,0,0,0,0.00645,0,0,0.00372,0.00093,0,0,0,0,0.00171,0.01465,0,0,0,0,0,0,0.01349,0.02771,0.01236,0,0,0,0.00048,0,0,0.00603,0.00126,0,0
"k__Bacteria|p__Firmicutes|c__Clostridia|o__Eubacteriales|f__Christensenellaceae|g__Luoshenia",0.00559,0.00999,0,0,0,0,0,0.00156,0,0,0,0.00305,0.01453,0,0,0.07232,0.00265,0,0,0,0,0.01561,0.01536,0,0,0,0.00506,0,0,0.0111,0.02832,0.00226,0,0,0,0,0,0,0.00317,0.00091,0,0
"k__Bacteria|p__Firmicutes|c__Clostridia|o__Eubacteriales|f__Clostridiaceae|g__Butyricicoccus",0.23673,0.19271,0,0,0,0,0,0.03939,0.15115,0,0,0,0,0,0,0,0.03723,0.50002,0.79149,0,0,0,0,0,0,0,0.00206,0,0,0.0679,0,0,0,0,0.1665,0,0,0,0,0,0,0.29678
"k__Bacteria|p__Firmicutes|c__Clostridia|o__Eubacteriales|f__Clostridiaceae|g__Clostridiaceae_unclassified",1.19455,0.89384,0.16699,0.54429,1.32914,0.739,1.90077,0.92029,1.5901,0.19715,0.58755,11.36597,1.66195,0.03578,0.01771,7.22608,1.29783,1.53601,0.45062,4.40666,2.08054,0.0395,0.09802,0.54984,0.29815,0.62406,0.44388,0.31049,0,2.43251,0.21206,0.46672,0.04413,0.94925,1.20156,2.84774,0.07196,1.48831,0.24598,0.24386,1.37485,2.52177
"k__Bacteria|p__Firmicutes|c__Clostridia|o__Eubacteriales|f__Clostridiaceae|g__Clostridium",0.38339,0.34114,0.62863,0.04434,0.00588,0.12237,0.83214,1.6121,8.54701,0.61191,3.10244,0.05051,0.22381,0.83904,0.18715,0.19506,0.8556,4.13552,3.47655,0.62031,0.42357,0.08131,0.77265,6.51781,0.93347,0.53686,0.02025,0.91921,0,0.54234,1.44385,0.23239,0.8062,1.57167,0.85825,0.08171,1.47005,0.8498,0.53323,0.54182,0.31896,2.40307
"k__Bacteria|p__Firmicutes|c__Clostridia|o__Eubacteriales|f__Clostridiaceae|g__GGB3480",0,0,0,0,0,0,0,0.00091,0,0,0,0,0,0,0,0,0,0,0,0,0,0,0,0,0,0,0,0,0,0,0,0,0,0,0,0,0,0,0,0,0,0
"k__Bacteria|p__Firmicutes|c__Clostridia|o__Eubacteriales|f__Clostridiaceae|g__GGB3486",0,0,0,0,0,0,0,0,0,0,0,0,0,0,0,0,0,0,0,0,0,0,0,0,0,0,0,0,0,0,0,0,0,0,0,0,0,0,0.01157,0,0,0
"k__Bacteria|p__Firmicutes|c__Clostridia|o__Eubacteriales|f__Clostridiaceae|g__GGB3532",0,0,0,0,0,0,0,0,0,0,0,0,0,0,0,0,0,0,0,0,0,0,0,0,0,0,0,0,0,0,0,0,0,0,0,0,0,0,0.00548,0.00216,0,0
"k__Bacteria|p__Firmicutes|c__Clostridia|o__Eubacteriales|f__Clostridiaceae|g__GGB3548",0,0,0,0,0,0,0,0,0,0,0,0,0,0.04877,0.00345,0,0,0,0,0,0,0,0,0,0,0,0,0,0,0,0,0,0,0,0,0,0,0,0,0,0,0
"k__Bacteria|p__Firmicutes|c__Clostridia|o__Eubacteriales|f__Clostridiaceae|g__GGB3550",0,0,0,0,0.02586,0,0,0,0,0,0,0,0,0.03088,0.01363,0,0,0,0,0.12185,1.38476,0,0,0,0,0.00211,0,0.01702,0,0,0,0.00432,0.01346,0.01308,0,0,0.00034,0.03723,0,0,0,0
"k__Bacteria|p__Firmicutes|c__Clostridia|o__Eubacteriales|f__Clostridiaceae|g__GGB42639",0,0,0,0,0,0,0,0,0,0,0,0,0,0,0,0,0,0,0,0,0,0,0,0,0,0,0,0,0,0,0,0,0,0,0,0,0,0,0,0.0041,0,0
"k__Bacteria|p__Firmicutes|c__Clostridia|o__Eubacteriales|f__Clostridiaceae|g__GGB9574",0,0,0,0.00019,0,0,0,0,0,0,0,0,0,0,0,0,0,0,0,0,0,0,0,0,0.00352,0,0,0,0,0,0,0,0,0,0,0,0,0,0,0,0,0
"k__Bacteria|p__Firmicutes|c__Clostridia|o__Eubacteriales|f__Clostridiaceae|g__GGB9575",0,0,0,0,0,0,0,0,0,0.00663,0.00336,0,0,0,0,0,0,0,0,0,0,0,0,0,0,0,0,0,0,0,0,0,0,0,0,0,0,0,0,0,0,0
"k__Bacteria|p__Firmicutes|c__Clostridia|o__Eubacteriales|f__Clostridiaceae|g__GGB9580",0,0,0,0,0,0,0,0,0,0,0,0,0,0,0,0,0,0,0,0,0,0,0,0,0,0,0,0,0,0,0,0,0,0,0,0,0,0.02342,0.07676,0.00694,0,0.13978
"k__Bacteria|p__Firmicutes|c__Clostridia|o__Eubacteriales|f__Clostridiaceae|g__Hungatella",0,0,0,0,0,0.0017,0,0,0,0.00073,0.00044,0.18631,0.02661,0,0,0.03162,0.00615,0,0,0,0.00445,0.0168,0.00819,0.00367,0,0,0.03587,0.03767,0.01257,0.0671,0.00313,0.00744,0.0408,0.00791,0,0.01575,0,0.05244,0,0,0.00872,0.01333
"k__Bacteria|p__Firmicutes|c__Clostridia|o__Eubacteriales|f__Clostridiaceae|g__Lactonifactor",0,0,0,0.06672,0,0.00277,0,0,0,0,0,0.00136,0.04442,0,0,0,0.00345,0,0,0.01743,0.01813,0.00169,0.00653,0,0,0.00293,0.03987,0,0,0,0.06296,0,0,0,0,0.36413,0,0.01318,0,0.01393,0.02677,0
"k__Bacteria|p__Firmicutes|c__Clostridia|o__Eubacteriales|f__Clostridiaceae|g__Massilioclostridium",0,0,0,0,0,0.00168,0,0,0,0.00173,0.00194,0,0.01929,0.00394,0,0,0,0,1e-04,0.00013,0,0,0.006,0,0,0,0,0.00449,0,0,3e-05,0.00795,0.008,0.00114,0,0,0.01847,0.00658,0.00375,0.02214,0,0.00942
"k__Bacteria|p__Firmicutes|c__Clostridia|o__Eubacteriales|f__Clostridiaceae|g__Paraclostridium",0,0,0,0,0,0,0,0,0,0,0,0,0,0,0,0,0,0,0,0,0,0,0,0,0,0,0,0,0,0,0.01508,0,0,0,0,0.0155,0,0,0,0,0,0
"k__Bacteria|p__Firmicutes|c__Clostridia|o__Eubacteriales|f__Clostridiaceae|g__Sarcina",0,0,0,0,0,0,0,0,0,0,0,0,0,0,0,0,0,0,0,0,0,0,0,0,0,0,0,0,0,0,0,0,0,0,0,0,0,0,0.00059,0,0,0
"k__Bacteria|p__Firmicutes|c__Clostridia|o__Eubacteriales|f__Eubacteriaceae|g__Anaerofustis",0,0,0,0,0,0,0,0.00282,0.00563,0,0,0.00499,0.02259,0,0,0.01014,0,0.00258,0.00158,0,0,0.0052,0.00088,0,0.00139,0,0,0.01722,0,0.00193,0.00754,0.00217,0,0,0,0,0.01969,0.00981,0.00605,0.00504,0,0.0283
"k__Bacteria|p__Firmicutes|c__Clostridia|o__Eubacteriales|f__Eubacteriaceae|g__Eubacteriaceae_unclassified",0.30731,0.42692,0,0,0,0.15286,0.3328,0.06078,0.03698,0.05257,0,0.09366,0.14092,0.04102,0,0.23782,0.12623,0.0803,0.02854,0,0,0.1004,0.03226,0,0.01238,0.01023,0.04281,0,0,0,0.26307,0.14747,0,0,0.18037,0,0.06637,0.0783,0.19119,0.08033,0,0.00188
"k__Bacteria|p__Firmicutes|c__Clostridia|o__Eubacteriales|f__Eubacteriaceae|g__Eubacterium",0.21629,0.27342,0.11717,0.09794,0.37287,2.18857,1.46283,0.51683,0.44837,0.56878,0.55812,0.19673,0.29348,0.32417,0.03974,0.19051,0.3217,0.72234,0.0666,0.93604,1.49613,0.36897,0.49196,1.70867,1.1561,0.37612,0.48195,0.1217,0,1.17281,0.02459,0.07,0.46343,0.98625,0.69809,0.06645,3.9359,1.65319,1.42018,1.20005,1.54663,1.80683
"k__Bacteria|p__Firmicutes|c__Clostridia|o__Eubacteriales|f__Eubacteriaceae|g__GGB3267",0,0,0,0,0,0,0,0,0,0,0,0,0.69822,0,0,0,0,0,0,0,0,0,0,0,0,0,0,0,0,0,0,0,0,0,0,0,0,0,0,0,0,0
"k__Bacteria|p__Firmicutes|c__Clostridia|o__Eubacteriales|f__Eubacteriaceae|g__GGB3277",0.02705,0.69316,0.09221,0,0,0,0,0,0,0,0,0,0,0,0,0,0,0,0,0,0,0,0,0,0,0,0,0,0,0,0,0,0,0,0,0,0,0,0,0,3.86784,3.03022
"k__Bacteria|p__Firmicutes|c__Clostridia|o__Eubacteriales|f__Eubacteriaceae|g__GGB3278",0,0,0,0,0,0,0,2.09806,3.04095,0,0,0,0,0,0,0,0,0,0,0,0,0,0,0.96633,3.86503,0,0,0,0,0,0,0,0,0,0,0,0,0,0,0,0,0
"k__Bacteria|p__Firmicutes|c__Clostridia|o__Eubacteriales|f__Eubacteriaceae|g__GGB35068",0.02439,0.03078,0,0,0,0,0,0.01349,0.01243,0,0,0,0,0.00673,0,0,0.00845,0.04105,0.03269,0,0,0,0,0,0,0.02181,0.02695,0,0,0.02293,0.0056,0.03404,0,0,0.01161,0,0,0,0,0,0,0
"k__Bacteria|p__Firmicutes|c__Clostridia|o__Eubacteriales|f__Eubacteriaceae|g__Intestinibacillus",0,0,0,0,0,0,0,0,0,0,0,0,0,0,0,0,0,0,0,0,0,0,0,0,0,0,0,0,0,0,0.00075,0.00238,0,0,0,7e-05,0,0.00356,0,0,0,0
"k__Bacteria|p__Firmicutes|c__Clostridia|o__Eubacteriales|f__Eubacteriales_Family_XIII_Incertae_Sedis|g__Alterileibacterium",0,0,0,0,0,0,0,0,0,0,0,0,0,0,0,0,0,0,0,0,0,0.05115,0.03039,0,0,0,0,0,0,0,0,0,0,0,0,0,0,0,0,0,0,0
"k__Bacteria|p__Firmicutes|c__Clostridia|o__Eubacteriales|f__Eubacteriales_Family_XIII_Incertae_Sedis|g__Anaerovorax",0,0,0,0,0,0,0,0.00167,0,0,0,9e-05,0.00634,0,0,0,0,0,0,0,0,0,0,0,0,0.00559,0.06673,0,0,0.0074,0,0,0,0,0,0,0,0,0.00038,0.00479,0,0
"k__Bacteria|p__Firmicutes|c__Clostridia|o__Eubacteriales|f__Eubacteriales_Family_XIII_Incertae_Sedis|g__Baileyella",0,0,0,0,0,0,0,0,0,0,0,0,0,0,0,0,0.00205,0,0,0,0,0,0,0,0,0,0,0,0,0,0,0.00288,0,0,0,0,0,0,0,0,0,0
"k__Bacteria|p__Firmicutes|c__Clostridia|o__Eubacteriales|f__Eubacteriales_Family_XIII_Incertae_Sedis|g__Emergencia",0,0,0,0,0,0,0,0,0,0,0,0.02431,0.02253,0,0,0.01098,0,0,0,0,0,0,0,0,0,0.00114,0.0146,0,0,0,0,0,0,0,0,0,0,0,0,0,0,0
"k__Bacteria|p__Firmicutes|c__Clostridia|o__Eubacteriales|f__Eubacteriales_Family_XIII_Incertae_Sedis|g__Eubacteriales_Family_XIII_Incertae_Sedis_unclassified",0,0.00225,0.01845,0.05925,0.00771,0.00107,0,0.0208,0,0,0,0,0.00571,0.0067,0.11419,0,0,0.00235,0.00096,0.00191,0.01204,0.06928,0.00945,0.04709,0.00625,0.00022,1e-04,0.02392,0.03409,0.00833,0.02379,0.00104,0.00545,0,0.01437,0.06261,0.2748,0.46776,0.11782,0.02807,0.00091,0.001
"k__Bacteria|p__Firmicutes|c__Clostridia|o__Eubacteriales|f__Eubacteriales_Family_XIII_Incertae_Sedis|g__GGB2977",0,0.05071,0,0,0,0,0,0,0,0,0,0,0,0,0,0,0.28177,0,0,0,0,0,0,0,0,0,0,0,0,0,0,0,0,0,0,0,0,0,0,0,0,0
"k__Bacteria|p__Firmicutes|c__Clostridia|o__Eubacteriales|f__Eubacteriales_Family_XIII_Incertae_Sedis|g__GGB2980",0,0,0,0.20105,0.02557,0,0,0.05867,0.00453,0,0,0.00146,0.08962,0,0,0.01052,0.05329,0,0,0,0,0.04732,0.15678,0,0,0,0,0.00232,0,0.10663,0,0,0,0,0,0,0,0.00131,0.00739,0.00449,0,0
"k__Bacteria|p__Firmicutes|c__Clostridia|o__Eubacteriales|f__Eubacteriales_Family_XIII_Incertae_Sedis|g__GGB2987",0,0,0,0,0,0,0,0,0,0,0,0,0.00699,0,0,0,0,0,0,0,0,0.0771,0.03347,0,0,0,0,0,0,0,0,0,0,0,0,0,0,0.02834,0,0.00557,0,0
"k__Bacteria|p__Firmicutes|c__Clostridia|o__Eubacteriales|f__Eubacteriales_Family_XIII_Incertae_Sedis|g__GGB32387",0,0,0,0,0.00148,0,0,0,0,0,0,0,0,0,0,0,0,0,0,0,0,0,0,0,0,0,0,0,0,0,0,0,0,0,0,0,0,0.0602,0.07901,0.22823,0,0
"k__Bacteria|p__Firmicutes|c__Clostridia|o__Eubacteriales|f__Eubacteriales_Family_XIII_Incertae_Sedis|g__Lentihominibacter",0.07746,0.05258,0.02996,0,0,0.12002,0.06079,0.05222,0.06038,0.05691,0.0114,0.11312,0.3782,0.02868,0.00261,0.22752,0.27626,0.04727,0.02183,0,0,0.26629,0.57349,0,0,0.21014,0.66756,0.04499,0.01409,0.10125,0.27896,0.21447,0.42716,0.2811,0.09068,0.38514,0,0,0,0.03872,0.17808,0
"k__Bacteria|p__Firmicutes|c__Clostridia|o__Eubacteriales|f__Eubacteriales_Family_XIII_Incertae_Sedis|g__Mogibacterium",6e-04,0.0094,0.09339,0.04588,0.01698,0.00095,0,0.00213,0.00014,0.00099,0.003,0,0.00165,0.00263,0.02534,0.17099,0.01529,0,0.00354,0.01041,0.02641,0.00037,0.00705,0.05276,0.00902,0.00014,0,0.02484,0,0.76111,0.02506,0.01271,0,0,0.0671,1.59451,0.00053,0.00309,0.0024,0.01027,0.00076,0.00217
"k__Bacteria|p__Firmicutes|c__Clostridia|o__Eubacteriales|f__Eubacteriales_Family_XIII_Incertae_Sedis|g__Zhenpiania",0,0,0.01924,0,0,0,0,0.0588,0.05584,0,0,0,0.03441,0.00762,0,0.04542,0,0,0,0,0,0.20894,0.10962,0,0,0.13624,0.38222,0,0,0,0.75765,0.14539,0,0,0.02018,0.66515,0.00974,0.03247,0.13663,0.36174,0,0
"k__Bacteria|p__Firmicutes|c__Clostridia|o__Eubacteriales|f__Eubacteriales_incertae_sedis|g__Candidatus_Cibionibacter",1.48891,0.48774,0.22563,9.82305,2.50722,0,0.00019,1.08664,1.4654,0.02359,0.03288,0.00789,0.51962,0.10462,0.06589,0.10592,0.27866,0.30488,0.10992,0.43139,0.38429,1.13769,0.30067,0,0,0.99044,0.80642,0,0,0.24175,0,0,0,0,0.15392,0.28459,1.23351,1.85362,2.67375,5.14892,0,0
"k__Bacteria|p__Firmicutes|c__Clostridia|o__Eubacteriales|f__Eubacteriales_unclassified|g__Colidextribacter",0,0,0,0,0,0,0,0,0,0,0,0,0,0,0,0,0,0,0,0,0,0.01013,0,0,0,0,0,0,0,0,0,0.00515,0,0,0,0,0,0.00327,0,0,0,0
"k__Bacteria|p__Firmicutes|c__Clostridia|o__Eubacteriales|f__Eubacteriales_unclassified|g__Eubacteriales_unclassified",0.0201,0.43888,0.08855,0.01683,0.65247,0.02958,0.38565,1.13274,0.87625,0.18699,0.19544,0.0069,0.05823,0.05079,0.05216,0.04359,0.08946,0.26148,0.65215,0.89182,0.5856,0.01993,0.00953,1.15416,0.01552,0.3359,0.00213,0.47626,0,0.26738,0.01509,0.00424,0.09215,0.64843,0.107,0.00234,0.54169,0.53474,0.0259,0.00472,0.02253,0.33197
"k__Bacteria|p__Firmicutes|c__Clostridia|o__Eubacteriales|f__Eubacteriales_unclassified|g__Evtepia",0.46791,0.37957,0,0.77787,0.06091,1.25367,0.40639,0,0,0,0,0.43372,1.13731,0.14217,0,0.67444,0,0.39424,0.37122,0,0,1.1647,0.80686,0,0,0.56415,0.45495,0,0,1.52792,0.76205,1.02197,0,0,0.28297,0,0,0,1.17773,1.05558,0,0
"k__Bacteria|p__Firmicutes|c__Clostridia|o__Eubacteriales|f__Eubacteriales_unclassified|g__Fenollaria",0,0,0,0,0,0,0,0,0,0,0,0,0,0,0,0,0,0,0,0,0,0,0,0,0,0,0,0,0,0.00507,0,0,0,0,0.00793,0,0,0,0,0,0,0
"k__Bacteria|p__Firmicutes|c__Clostridia|o__Eubacteriales|f__Eubacteriales_unclassified|g__Gemmiger",1.39194,0.75754,1.25421,0,0,0,0,1.68062,2.15043,0.704,2.29055,0.01329,0.54512,1.52404,0.17999,0.01363,2.27818,3.75887,1.13072,1.42463,0.15685,1.35902,0.36546,3.85514,0.84126,0.77517,0.26671,0.19363,0,2.3248,0.90149,2.32263,0.11243,0.72814,2.22368,5.28247,0,0,0,0,0,0.00483
"k__Bacteria|p__Firmicutes|c__Clostridia|o__Eubacteriales|f__Eubacteriales_unclassified|g__GGB48169",0,0,0,0,0,0,0,0,0,0,0,0,0,0,0,0,0,0,0,0,0,0,0,0,0,0,0,0,0,0,0,0,0,0,0,0,0,0,0.07501,0,0,0
"k__Bacteria|p__Firmicutes|c__Clostridia|o__Eubacteriales|f__Eubacteriales_unclassified|g__GGB9563",0,0,0,0,0,0,0,0,0,0,0,0.01255,0.03965,0,0,0,0,0,0,0,0,0.12109,0.01276,0,0,0,0,0,0,0,0,0,0,0,0,0,0,0,0.04281,0.05042,0,0.02209
"k__Bacteria|p__Firmicutes|c__Clostridia|o__Eubacteriales|f__Eubacteriales_unclassified|g__GGB9759",0.02832,0.03067,0,0,0,0,0,0.02458,0.00171,0.01892,0.03888,0.00058,0.09362,0,0,0.00972,0.05919,0.03523,0.08309,0,0,0,0,0,0,0,0,0,0,0.02767,0.02609,0.03068,0,0,0.10678,0,0,0,0,0,0,0.11542
"k__Bacteria|p__Firmicutes|c__Clostridia|o__Eubacteriales|f__Eubacteriales_unclassified|g__GGB9760",0.07761,0.04474,0.04978,0,0,0,0,0.18311,0.06509,0.02791,0.0385,0.06709,0.40251,0.03486,0,0,0.35684,0.05749,0.0377,0,0,0,0,0,0,0,0,0,0,0.3277,0.13196,0.41597,0.06364,0.03277,0.13727,0,0,0,0.34843,0.27864,0,0.18233
"k__Bacteria|p__Firmicutes|c__Clostridia|o__Eubacteriales|f__Eubacteriales_unclassified|g__Intestinimonas",0.18083,0.17587,0,0,0,0.0042,0.00241,0.0244,0.00925,0.09356,0.15037,0.01065,0.03454,0.00134,0,0.02727,0.00591,0.05876,0.01882,0.49887,0.03928,0.13385,0.18114,0,0,0,0,0,0,0.07849,0,0,0,0,0.00441,0.01365,0,0.03849,0.01854,0,0,0
"k__Bacteria|p__Firmicutes|c__Clostridia|o__Eubacteriales|f__Eubacteriales_unclassified|g__Levyella",0,0,0,0,0,0,0,0,0,0,0,0,0,0,0,0,0,0,0,0,0,0,0,0.00227,0,0,0,0,0,0,0,9e-04,0,0,0,0,0,0,0,0,0,0
"k__Bacteria|p__Firmicutes|c__Clostridia|o__Eubacteriales|f__Eubacteriales_unclassified|g__Massilistercora",0,0,0,0,0,0,0,0.00204,0,0,0,0.02728,1.16898,0,0,0,0,0,0,0,0,0,0,0,0,0,0,0,0,0.0016,0,0,0,0,0,0.00445,0,0,0.0822,0.00672,0,0.01241
"k__Bacteria|p__Firmicutes|c__Clostridia|o__Eubacteriales|f__Feifaniaceae|g__Feifania",0.00038,0.00271,0,0,0,0,0,0,0,0,0,0,0,0,0,0,0,0,0,0,0,0,0,0,0,0,0,0,0,7e-05,0.00139,0.00065,0,0,0,0,0,0,0,0,0,0
"k__Bacteria|p__Firmicutes|c__Clostridia|o__Eubacteriales|f__Lachnospiraceae|g__Anaerobutyricum",0.9979,0.44238,1.51629,0,2.37023,4.24515,2.78658,1.62627,2.9936,0.37979,1.1506,0.00284,2.51549,0.83638,0.40011,0.27775,1.94907,1.76532,0.91347,3.9444,5.91381,1.11965,0.09353,1.21486,7.83656,2.16158,5.24222,1.82836,0,1.52171,1.95546,2.89913,3.91034,3.56008,2.74589,1.74617,2.13501,2.76087,2.73333,2.95473,4.55732,4.20669
"k__Bacteria|p__Firmicutes|c__Clostridia|o__Eubacteriales|f__Lachnospiraceae|g__Anaerosacchariphilus",0.01807,0.01156,0,0,0,0,0,0.00036,0,0.00676,0.00156,0,0,0,0,0,0,0,0,0,0,0.0104,0,0,0,0,0,0,0,0.0035,0,0,0.00878,0.00963,0,0.00319,0,0,0,0,0,0
"k__Bacteria|p__Firmicutes|c__Clostridia|o__Eubacteriales|f__Lachnospiraceae|g__Anaerostipes",14.95651,8.48271,0.28427,6.27642,7.17457,5.65856,4.98001,1.23686,2.31612,3.34821,2.27342,0.00135,0.29914,1.06395,0.20124,0.00364,0.12622,1.63027,2.15799,15.35408,12.30039,1.17093,1.72883,0.00726,0.05899,4.70985,8.51518,1.11679,0.00205,1.15979,0.26885,1.6891,8.86586,5.23356,1.01887,0,9.21018,12.61733,18.0599,33.75478,22.86969,0.26258
"k__Bacteria|p__Firmicutes|c__Clostridia|o__Eubacteriales|f__Lachnospiraceae|g__Anaerotignum",0.03215,0.08911,0.01315,0.00056,0,0,0.01259,0.01215,0.01691,0.76112,0.50048,0.02028,0.04065,0.0106,0,0.20056,0.11747,0.10058,0.06196,0.22621,0.42026,2.24323,0.12456,0,0.01812,0.0734,0.00569,0.00222,0,0.10454,0,0.00841,0.03169,0.15641,0.11788,0.0419,0,0,0.00015,0.00048,0.05333,0.04903
"k__Bacteria|p__Firmicutes|c__Clostridia|o__Eubacteriales|f__Lachnospiraceae|g__Bariatricus",0,0,0,0,0,0,0,0,0,0,0,0,0,0.00027,0,0,0,0,0,0,0,0,0,0,0,0,0,0,0,0,0,0,0,0,0,0,0,0,0,0,0,0
"k__Bacteria|p__Firmicutes|c__Clostridia|o__Eubacteriales|f__Lachnospiraceae|g__Blautia",2.81116,2.86497,2.966,38.89165,15.17267,18.148,16.14375,7.68075,9.52573,3.0876,5.83647,0.62849,5.24668,9.37554,7.25169,2.3385,9.86987,8.06994,8.65508,16.20747,24.86476,7.94667,4.77624,18.84718,15.24245,11.3178,32.21572,3.66356,0,3.76677,6.60906,12.79713,11.8247,22.10778,9.43161,9.58826,7.23601,4.45446,5.79124,6.57228,11.00733,6.36573
"k__Bacteria|p__Firmicutes|c__Clostridia|o__Eubacteriales|f__Lachnospiraceae|g__Brotolimicola",0.02073,0.01941,0,0.02923,0.0047,0.00188,0.00234,0.19772,0.01475,0.03871,0.00674,0,0.07175,0,0,0,0.06054,0.16839,0.12967,0.04723,0,0.0388,0.0014,0,0.01048,0.39918,0.18055,0.11451,0,0.00483,0,0.00736,0.04263,1.29619,0.02801,0.01302,0.00156,0.0229,0.10467,0.03578,0.14445,0.45852
"k__Bacteria|p__Firmicutes|c__Clostridia|o__Eubacteriales|f__Lachnospiraceae|g__Catenibacillus",0.00333,0,0,0,0,0,0,0.00234,0.0011,0,0,0,0.00898,0,0,0,0,0.00484,0.00398,0,0,0.00417,0.00178,0,0,0,0,0,0,0,0.00177,0,0,0,0,0,0.00862,0.00346,0.0111,0.00155,0,0
"k__Bacteria|p__Firmicutes|c__Clostridia|o__Eubacteriales|f__Lachnospiraceae|g__Coprococcus",0.33666,0.43306,0.8261,0.50724,3.35275,1.97963,0.96224,0.7831,1.76284,0.45364,1.15107,0.05713,0.94986,3.27112,0.50994,0.57343,1.43782,5.75486,3.57776,0.50415,0.61536,0.64715,0.45348,0.04902,2.51037,2.05724,0.48852,0,0,0.8304,0.66558,0.4894,0.17954,0.65943,2.28487,1.53326,0.70203,0.4872,0.96422,0.89279,0.47228,0.61431
"k__Bacteria|p__Firmicutes|c__Clostridia|o__Eubacteriales|f__Lachnospiraceae|g__Cuneatibacter",0.00048,0,0,0,0,0,0.00077,0.00122,0,0,0,0.00111,0.02004,0,0,0.00232,0.00276,0,0,0,0.00033,0.00396,0.00721,0,0,0.00122,7e-05,0,0,0.00108,0.00208,0,0,0,0,0,0.00515,0.05708,0,0,0,0
"k__Bacteria|p__Firmicutes|c__Clostridia|o__Eubacteriales|f__Lachnospiraceae|g__Diplocloster",0,0,0,0,0,0,0,0,0,0,0,0.00128,0.00587,0,0,0,0,0,0,0.00059,5e-05,0.00171,0.00179,0,0,0.00023,0,0,0,0.00382,0.00204,0,0,0,0,0.00143,0,0,0,0,0,0
"k__Bacteria|p__Firmicutes|c__Clostridia|o__Eubacteriales|f__Lachnospiraceae|g__Dorea",0.82396,0.69071,1.61481,3.19381,1.16908,4.88754,4.06869,2.64479,3.0438,1.50179,4.41515,0.03578,0.8291,11.43451,3.21375,0.01719,7.63682,2.58071,2.67371,6.15572,6.56699,0.17093,0.32207,1.90206,2.63422,3.03731,3.86516,2.05586,0,0.85708,3.45473,4.24932,0.64543,1.39581,6.96605,2.09295,1.61679,0.90809,1.12387,3.93677,2.22133,0.00504
"k__Bacteria|p__Firmicutes|c__Clostridia|o__Eubacteriales|f__Lachnospiraceae|g__Eisenbergiella",0.0065,0.00192,0.00091,0.05817,0,0.01369,0.02368,0,0,0.01832,0,0.63376,0.25866,0,0,0.34539,0,0,0,0.00351,0.00963,0.05288,0.02542,0,0,7e-05,0.07933,0.01882,0,0.04035,0.0395,0,0.01149,0.00278,0,0.00865,7e-04,0.06773,0,0,0.03292,0
"k__Bacteria|p__Firmicutes|c__Clostridia|o__Eubacteriales|f__Lachnospiraceae|g__Enterocloster",0.00237,0.00062,0,0.00039,0,0,0.03924,0,0,0.01391,0.00807,0.16789,0.06157,0.39249,0.03085,0.01264,0.38258,0.0083,0.01653,0.00935,0.16601,1.0636,0.49651,0.01165,0.00222,0.01301,0,0.17961,0.00139,0.14811,0.00024,0.02061,0.12247,0.0694,0,0.80249,0.01247,0.17291,0,0,0.00676,0.03723
"k__Bacteria|p__Firmicutes|c__Clostridia|o__Eubacteriales|f__Lachnospiraceae|g__Faecalicatena",0.00661,0.04842,0.03437,0.04327,0,0.01973,9e-04,0.1205,0.18995,0.16854,0.14351,0.12759,0.67236,0.00028,0,0.06507,0.04537,2.5393,1.1159,4.36716,0.08677,0.06597,0.06182,0,0,1.47483,0.40117,0.00998,0.01477,0.04744,0.02881,0,0.02933,0.05845,0.03466,0,0,0.0337,0.00547,0.01242,0.00045,0.0776
"k__Bacteria|p__Firmicutes|c__Clostridia|o__Eubacteriales|f__Lachnospiraceae|g__Faecalimonas",0,0,0,0.25514,0.01385,0,0,0,0,0,0,0,0,1.81462,2.03962,0,0,0,0,0,0,0,0,0,0,0,0,1.21882,0,0,0,0,0,0,0,0,0.04173,0.00172,0,0,0,0
"k__Bacteria|p__Firmicutes|c__Clostridia|o__Eubacteriales|f__Lachnospiraceae|g__Frisingicoccus",0,0,0,0,0,0,0,0,0,0,0,0,0.00248,0,0,0,0,0,0,0,0,0.33785,0.05462,0,0,0,0,0,0,0,0,0,0.85142,0.28483,0,0,0,0,0,0,0,0
"k__Bacteria|p__Firmicutes|c__Clostridia|o__Eubacteriales|f__Lachnospiraceae|g__Fusicatenibacter",1.31735,0.81488,0.18892,3.12206,9.18492,5.05278,1.82376,1.08799,1.57311,1.31348,0.99081,0.00083,0.31188,1.28623,0.17623,0.17407,1.30656,2.54062,3.65074,4.04419,2.85915,0.17792,0.14796,11.531,5.52711,5.132,1.04115,0.41489,0,0.18556,1.17291,1.39562,1.58914,6.77072,1.49337,0.08289,7.34852,2.85992,0.65737,0.43935,1.34766,1.79536
"k__Bacteria|p__Firmicutes|c__Clostridia|o__Eubacteriales|f__Lachnospiraceae|g__GGB28640",0,0,0,0,0.00132,0,0,0,0,0,0,0,0,0,0,0,0,0,0,0,0,0,0,0,0,0,0,0,0,0,0,0,0,0,0,0,0,0,0.03286,0.00103,0,0.08194
"k__Bacteria|p__Firmicutes|c__Clostridia|o__Eubacteriales|f__Lachnospiraceae|g__GGB3429",0,0.00793,0,0,0,0,0,0.00084,0.00483,0,0,0,0,0,0,0.01765,0,0,0,0,0,0,0,0,0,0,0,0,0,0.0704,0,0,0,0,0,0,0,0,0,0,0,0
"k__Bacteria|p__Firmicutes|c__Clostridia|o__Eubacteriales|f__Lachnospiraceae|g__GGB3433",0,0,0,1.2303,0.18028,0.01933,0.02269,0,0,0,0,0,0,0.25126,0.03811,0,0,0,0,0,0,0.19466,0.02032,0,0,0.00276,0.0163,0,0,0,0,0,0.14,0.35687,0,0,0.0144,0.05396,0,0,0,0
"k__Bacteria|p__Firmicutes|c__Clostridia|o__Eubacteriales|f__Lachnospiraceae|g__GGB3444",0,0,0,0,0,0,0,0,0,0,0,0,0.01706,0,0,0,0,0,0,0,0,0,0,0,0,0,0,0,0,0.00318,0,0,0,0,0,0,0,0,0,0,0,0
"k__Bacteria|p__Firmicutes|c__Clostridia|o__Eubacteriales|f__Lachnospiraceae|g__GGB3446",0,0,0,0,0,0,0,0,0,0,0,0,0,0,0,0,0,0,0,0,0,0,0,0,0,0,0,0.00394,0,0,0,0,0,0,0,0,0,0,0.00561,0.00123,0,0
"k__Bacteria|p__Firmicutes|c__Clostridia|o__Eubacteriales|f__Lachnospiraceae|g__GGB3496",0,0,0,0,0,0,0,0,0,0,0,0,0,0,0,0,0,0,0,0,0,0.06415,0.02135,0,0,0,0,0,0,0,0,0,0,0,0,0,0,0,0,0,0,0
"k__Bacteria|p__Firmicutes|c__Clostridia|o__Eubacteriales|f__Lachnospiraceae|g__GGB3534",0,0,0,0,0,0,0,0,0,0,0,0,0,0,0,0,0,0,0,0,0,0.00399,0.00234,0,0,0,0,0,0,0,0,0,0,0,0,0,0,0,0,0,0,0.04024
"k__Bacteria|p__Firmicutes|c__Clostridia|o__Eubacteriales|f__Lachnospiraceae|g__GGB3537",0,0,0,0,0,0,0,0.00331,0,0,0,0,0.00058,0,0,0,0,0,0,0,0,0.00418,0.10592,0,0,0,0,0,0,0.00581,0,0,0,0,0,0,0,0.00113,0.0095,0.00397,0,0.25796
"k__Bacteria|p__Firmicutes|c__Clostridia|o__Eubacteriales|f__Lachnospiraceae|g__GGB3583",0,0,0,0,0,0,0,0.00014,0,0,0,0,0,0,0,0,0,0,0,0,0,0.00055,0.00237,0,0,0,0,0,0,0,0,0,0,0,0,0,0,0.00036,0,0,0,0
"k__Bacteria|p__Firmicutes|c__Clostridia|o__Eubacteriales|f__Lachnospiraceae|g__GGB3588",0,0,0,0,0,0,0,0,0,0,0,0,0,0,0,0,0.00241,0,0,0,0,0,0,0,0,0,0,0,0,0.15432,0,0,0,0,0.09604,0,0,0,0,0,0,0
"k__Bacteria|p__Firmicutes|c__Clostridia|o__Eubacteriales|f__Lachnospiraceae|g__GGB3600",0,0,0,0,0,0,0,0,0,0,0,0,0,1.52043,0.07807,0,0,0,0,0,0,0,0,0,0,0,0,0,0,0,0.66951,0.02844,0,0,0,0,0,0,0,0,0,0
"k__Bacteria|p__Firmicutes|c__Clostridia|o__Eubacteriales|f__Lachnospiraceae|g__GGB3606",0,0,0,0,0,0,0,0,0,0,0,0,0,0,0,0,0,0,0,0,0,0,0,0,0,0,0,0,0,0,0,0,0,0,0,0,0.00077,0,0,0,0,0.0884
"k__Bacteria|p__Firmicutes|c__Clostridia|o__Eubacteriales|f__Lachnospiraceae|g__GGB3619",0.00176,0.03151,0,0,0,0,0,0.00748,0.00461,0,0,0,0.55602,0,0,0.00408,0,0.00121,0.15011,0,0,0,0,0,0,0.00938,0,0,0,0.00072,0,0,0,0,0.00073,0,0,0,0,0,0.00211,0
"k__Bacteria|p__Firmicutes|c__Clostridia|o__Eubacteriales|f__Lachnospiraceae|g__GGB3626",0.009,0,0,0,0,0,0,0.00011,0,0,0,0,0,0,0,0,0,0.00054,0.01497,0.00079,0,0.00023,0.00096,0,0,0,0,0,0,0,0,0,0,0,0,0.00356,0,0,0,0,0,0
"k__Bacteria|p__Firmicutes|c__Clostridia|o__Eubacteriales|f__Lachnospiraceae|g__GGB3627",0,0.00222,0,0,0,0,0,0,0,0,0,0,0,0,0,0,0,0,0,0,0,0.00864,0,0,0,0,0,0,0,0.01231,0,0,0,0,0,0,0,0,0,0,0.01087,0
"k__Bacteria|p__Firmicutes|c__Clostridia|o__Eubacteriales|f__Lachnospiraceae|g__GGB3632",0,0,0,0,0,0,0,0.13487,0.3872,0,0,0,0,0,0,0,0,0,0,0,0,0.00316,0.00063,0,0,0,0,0,0,0,0,0,0,0,0,0,0,0,0.03809,0,0,0
"k__Bacteria|p__Firmicutes|c__Clostridia|o__Eubacteriales|f__Lachnospiraceae|g__GGB3649",0,0,0,0,0,0,0,0,0,0,0,0,0,1.79589,0.07645,0,0.12397,0,0,0,0,0,0,0,0,0,0,0,0,0.01334,0,0,0,0,0,0.036,0,0,0,0,0,0
"k__Bacteria|p__Firmicutes|c__Clostridia|o__Eubacteriales|f__Lachnospiraceae|g__GGB3653",0.02184,0.0548,0,0,0,0,0,0.04914,0.03506,0,0,0.00163,0.57044,0,0,0.03448,0.03102,0,0,0,0,0.09987,0.04435,0.0226,0.02174,0,0,0,0,0.09286,0,0.00351,0,0,0.10693,0.16098,0,0.24805,0.04724,0.03911,0,0.23721
"k__Bacteria|p__Firmicutes|c__Clostridia|o__Eubacteriales|f__Lachnospiraceae|g__GGB3733",0,0,0,0,0,0,0,0,0,0,0,0,0,0,0,0,0.00307,0,0,0,0,0,0,0,0,0,0,0,0,0,0,0,0,0,0,0,0,0,0,0,0,0
"k__Bacteria|p__Firmicutes|c__Clostridia|o__Eubacteriales|f__Lachnospiraceae|g__GGB3737",0,0,0,0,0,0,0,0,0,0,0,0,0,0,0,0,0,0,0,0,0,0,0,0,0,0,0,0,0,0,0,0,0,0,0,0,0.08034,0.37615,0,0,0,0
"k__Bacteria|p__Firmicutes|c__Clostridia|o__Eubacteriales|f__Lachnospiraceae|g__GGB3740",0,0,1.02854,0.11184,0.03414,0,0,0,0,0.06533,0.14947,0.03055,0.00632,0,0,0,0,0.27754,0.16891,0,0,0.08327,0.27269,0.03876,0,0.01728,0,0,0,0.01646,0.00191,0.00677,0.42047,0.15731,0,0,0.03313,0.06231,0.00808,0,0,0.0071
"k__Bacteria|p__Firmicutes|c__Clostridia|o__Eubacteriales|f__Lachnospiraceae|g__GGB3816",0,0,0,0,0,0,0,0,0,0,0,0,0,0,0,0,0,0,0,0,0,0.04589,0.02565,0,0,0,0,0,0,0,0,0,0,0,0,0,0,0,0,0,0,0
"k__Bacteria|p__Firmicutes|c__Clostridia|o__Eubacteriales|f__Lachnospiraceae|g__GGB3817",0,0,0,0,0,0,0,0,0,0,0,0.03534,0.03937,0,0,0,0,0,0,0,0,0,0,0,0,0,0,0,0,0,0,0,0,0,0,0,0.01421,0.07283,0,0,0,0.10873
"k__Bacteria|p__Firmicutes|c__Clostridia|o__Eubacteriales|f__Lachnospiraceae|g__GGB3818",0,0,0,0,0,0,0,0,0,0,0,0,0,0,0,0,0,0,0,0,0,0.00269,0,0,0,0,0.00151,0,0,0,0,0,0,0,0,0,0,0,0,0,0,0
"k__Bacteria|p__Firmicutes|c__Clostridia|o__Eubacteriales|f__Lachnospiraceae|g__GGB3819",0,0,0,0,0,0,0,0,0,0,0,0,0,0,0,0,0,0,0,0,0,0,0,0,0,0,0,0,0,0,0,0,0.01581,0.01843,0,0,0,0,0,0,0.02861,0
"k__Bacteria|p__Firmicutes|c__Clostridia|o__Eubacteriales|f__Lachnospiraceae|g__GGB38239",0,0,0.01055,0,0,0,0,0,0,0,0,0,0,0,0,0,0.01928,0.03492,0.03994,0,0,0,0,0,0,0,0,0,0,0,0,0,0,0,0.02153,0,0,0,0,0,0,0
"k__Bacteria|p__Firmicutes|c__Clostridia|o__Eubacteriales|f__Lachnospiraceae|g__GGB3828",0,0,0,0,0,0,0,0,0,0,0,0,0,0,0,0,0,0,0.01083,0,0,0,0,0,0,0,0,0,0,0,0,0,0,0,0.00053,0,0,0,0,0,0,0
"k__Bacteria|p__Firmicutes|c__Clostridia|o__Eubacteriales|f__Lachnospiraceae|g__GGB3883",0,0,0,0,0,0,0,0,0,0,0,0,0,0,0,0,0,0,0,0,0,0,0,0.00289,0,0,0,0,0,0,0,0,0,0,0,0,0,0,0,0,0,0
"k__Bacteria|p__Firmicutes|c__Clostridia|o__Eubacteriales|f__Lachnospiraceae|g__GGB3885",0,0,0,0,0,0,0,0,0,0,0,0,0,0,0,0,0,0,0,0,0,0,0,0,0,0,0,0,0,0,0,0,0,0,0.00081,0,0,0,0,0,0,0
"k__Bacteria|p__Firmicutes|c__Clostridia|o__Eubacteriales|f__Lachnospiraceae|g__GGB51441",0,0,0,0,0,0,0,0.05828,0.11749,0.06758,0.02713,0,0.00893,0.00479,0,0,0.0557,0.20518,0.15381,0,0,0,0.03637,0,0,0.0595,0.05113,0,0,0.01575,0,0,0.01906,0.11955,0.0812,0.06878,0,0,0.00214,0,0,0
"k__Bacteria|p__Firmicutes|c__Clostridia|o__Eubacteriales|f__Lachnospiraceae|g__GGB51521",0,0,0,0,0,0,0,0,0,0,0,0,0,0.00291,0,0,0,0,0,0,0,0,0,0,0,0,0,0,0,0,0,0,0,0,0,0,0,0,0,0,0,0
"k__Bacteria|p__Firmicutes|c__Clostridia|o__Eubacteriales|f__Lachnospiraceae|g__GGB55957",0,0,0,0,0,0,0,0,0,0,0,0,0,0,0,0,0,0,0,0,0,0,0,0,0,0,0,0,0,0,0,0,0,0,0,0,0.00352,0.00883,0,0,0,0
"k__Bacteria|p__Firmicutes|c__Clostridia|o__Eubacteriales|f__Lachnospiraceae|g__GGB58067",0,0,0.02021,0,0,0,0,0,0,0,0,0,0,0,0,0,0.01305,0,0,0,0,0,0,0,0,0,0,0,0,0,0,0,0,0,0.00263,0,0,0,0,0,0,0
"k__Bacteria|p__Firmicutes|c__Clostridia|o__Eubacteriales|f__Lachnospiraceae|g__GGB74505",0,0,0,0,0,0,0,0,0,0,0,0,0,0.0155,0,0,0,0,0,0,0,0,0,0,0,0.0029,0.00147,0,0,0,0,0,0,0,0,0,0,0,0,0,0,0
"k__Bacteria|p__Firmicutes|c__Clostridia|o__Eubacteriales|f__Lachnospiraceae|g__GGB79394",0,0,0,0,0,0,0,0,0,0,0,0,0,0.01601,0,0,0,0,0,0,0,0,0,0,0,0,0,0,0,0,0,0,0,0,0,0,0,0,0,0,0,0
"k__Bacteria|p__Firmicutes|c__Clostridia|o__Eubacteriales|f__Lachnospiraceae|g__Jingyaoa",0,0,0,0,0,0,0,0.01776,0.02034,0,0,0,0,0,0,0,0.00744,0.02185,0.01805,0,0,0,0,0,0,0,0,0,0,0.01822,0,0,0,0,0.00843,0,0,0,0,0,0,0
"k__Bacteria|p__Firmicutes|c__Clostridia|o__Eubacteriales|f__Lachnospiraceae|g__Jutongia",0,0,0,0.38588,0.20146,0,0.00131,0.0329,0.04745,0,0,0,0.00212,0,0,0,0,0.38765,0.00561,0,0,0.01622,0.01976,0.01195,0.0626,0,0,0.00098,0,0.09772,0,0,0,0,0,0,0,0,0.02483,0.00323,0.39133,0.11314
"k__Bacteria|p__Firmicutes|c__Clostridia|o__Eubacteriales|f__Lachnospiraceae|g__Kineothrix",0,0,0,0,0,0,0,0,0.01415,0,0,0,0,0,0,0,0,0,0,0,0,0.00745,0.00746,0,0,0,0,0,0,0,0,0,0,0,0,0,0,0,0,0,0,0
"k__Bacteria|p__Firmicutes|c__Clostridia|o__Eubacteriales|f__Lachnospiraceae|g__Lachnoanaerobaculum",0,0,0,0,0,0,0,0,0,0,0.00132,0,0,0,0,0,0,0,0,0,0,0,0,0,0,0,0,0,0,0,0,0,0,0,0,0,0,0,0,0,0,0
"k__Bacteria|p__Firmicutes|c__Clostridia|o__Eubacteriales|f__Lachnospiraceae|g__Lachnoclostridium",0.00083,0,0,0.29496,0.00135,0.00766,0.01166,0,0,0.02955,0.01814,0.92035,0.79767,0.0034,0,0.5099,0,0,0,0.00756,0,0.03736,0.15436,0.00641,0.08724,0.0151,0.02098,0.10122,0.0018,0.00406,0.0592,2e-04,0.19444,0.19537,0,0.05449,0.0115,0.23488,0.00317,0,0.0993,0.0934
"k__Bacteria|p__Firmicutes|c__Clostridia|o__Eubacteriales|f__Lachnospiraceae|g__Lachnospira",0.6181,0.53633,0.55932,0.00522,0,0,0.19404,0.64066,0.33512,0.3023,1.02837,0.04511,0.18511,0.2475,0.3003,2.61948,0.07181,0.42706,1.18588,0.35138,0.82975,0.08291,0.03741,0.61049,0.35911,0.45252,0.01688,0.02009,0,0.91794,0.04919,0.09948,0.97757,0.63886,0.46569,0,0.32728,0.6494,0.04701,0.01682,0.29334,0.29703
"k__Bacteria|p__Firmicutes|c__Clostridia|o__Eubacteriales|f__Lachnospiraceae|g__Lachnospiraceae_unclassified",0.70392,0.24848,2.73652,1.22369,3.14767,1.07377,5.64635,7.4495,10.63486,6.30185,0.43691,0.04095,4.25179,1.35057,0.26846,0.19033,1.02451,4.23558,9.10167,0.8698,3.18994,1.73008,0.56477,0.25745,0.15339,1.84757,0.46683,3.0093,0,0.58839,0.94455,4.17902,1.35755,0.77458,4.90364,0.02886,6.32972,2.91493,0.65286,7.30423,3.25154,2.61546
"k__Bacteria|p__Firmicutes|c__Clostridia|o__Eubacteriales|f__Lachnospiraceae|g__Lachnotalea",0,0,0,0,0,0,0,0,0,0,0,0.00328,0.00237,0,0,0,0,0,0,0,0,0.00101,0.00476,0,0,0.00128,0.00188,0,0,0,0.0204,0.00337,0,0,0,0.14446,0,0,0.00054,0,0,0
"k__Bacteria|p__Firmicutes|c__Clostridia|o__Eubacteriales|f__Lachnospiraceae|g__Lacrimispora",0.00577,0.03276,0.06478,0,0,0,0.00131,0.03184,0.00163,0.03795,0.25191,0,0,0,0,9e-05,0.0032,0.077,0.42721,0.01404,0.05139,0.06438,0.01537,0,0,0.04436,0,0.202,0,0.00468,0,0.00672,0,0,0.10895,0,0.04225,0.03776,6e-05,0,0,0
"k__Bacteria|p__Firmicutes|c__Clostridia|o__Eubacteriales|f__Lachnospiraceae|g__Luxibacter",0,0,0,0,0,0,0,0,0,0,0,0,0,0,0,0,0,0,0,0,0,0,0,0,0.00666,0,0,0,0,0,0,0,0,0,0,0,0,0,0,0,0,0.00387
"k__Bacteria|p__Firmicutes|c__Clostridia|o__Eubacteriales|f__Lachnospiraceae|g__Mediterraneibacter",0.57696,0.26545,0.67918,1.50528,0.43001,1.92903,5.71082,2.1666,2.36261,1.65746,8.99117,0.32588,1.00013,9.63654,6.04753,2.04017,6.34418,0.26799,0.23145,4.25828,23.22344,1.46829,0.20145,0.74139,2.16265,1.40411,1.60162,9.33369,0.10961,5.4413,5.95266,9.67668,2.48226,10.7894,1.53189,11.93843,0.87234,1.04584,1.6757,0.2277,0.16451,1.54911
"k__Bacteria|p__Firmicutes|c__Clostridia|o__Eubacteriales|f__Lachnospiraceae|g__Merdimonas",0,0,0,0,0.00073,0,0,0,0,0,0,0.00124,0.55117,0,0,1.45013,0,5e-05,0,0,0,2.56838,0.52909,0,0,0,0,0,0,0,0,0,0,0,0,0,0,0,0.00626,0.00114,0,1.33153
"k__Bacteria|p__Firmicutes|c__Clostridia|o__Eubacteriales|f__Lachnospiraceae|g__Muricomes",0,0,0,0.01962,0,0,0,0,0,0,0,0,0,0,0,0,0,0,0,0,0,8e-05,0,0,0,0,0,0,0,0,0,0,0,0,0,0,0,0,0,0,0,0
"k__Bacteria|p__Firmicutes|c__Clostridia|o__Eubacteriales|f__Lachnospiraceae|g__Murimonas",0,0,0,0,0,0,0,0,0,0,0,0,0,0,0,0,0,0,0,0,0,0,0,0,0,0,0,0,0,0,0,0,0,0,0,0,0,1e-04,0,0,0,0
"k__Bacteria|p__Firmicutes|c__Clostridia|o__Eubacteriales|f__Lachnospiraceae|g__Oliverpabstia",0.20959,0.10429,0.6285,0,0,0,0,0.93102,0.69141,0.1392,0.3926,0,0,0,0,0,0.48038,0.45098,2.14035,0,0,0.15287,0.11928,0,0,0,0,0,0,0.23239,0.03356,0.27958,0,0,1.01234,0.04181,0,0,0.07263,0.43616,0,0
"k__Bacteria|p__Firmicutes|c__Clostridia|o__Eubacteriales|f__Lachnospiraceae|g__Oribacterium",0,0,0.00018,0,0,0,0,0,0,0.00083,0.0024,0,0,0,0,0,0,0,0,0,0,0,0,0.00403,0,0,0,0,0,0.00389,0,0,0,0,0.05107,1e-04,0,0,0,0,0,0
"k__Bacteria|p__Firmicutes|c__Clostridia|o__Eubacteriales|f__Lachnospiraceae|g__Roseburia",1.00286,0.25185,1.50888,0.07393,0.6318,0.72242,1.09073,2.24442,1.49026,0.10534,1.56627,0.00257,0.4554,0.46867,0.00799,0.60027,0.79829,3.36144,4.40299,3.10432,3.2398,0.64089,0.08922,1.1209,1.10888,4.09804,0.23309,0.93266,0,1.19422,0.21684,1.01625,0.35439,0.50512,1.14222,0.1522,7.99337,0.73819,1.3292,0.21954,0.78161,3.68309
"k__Bacteria|p__Firmicutes|c__Clostridia|o__Eubacteriales|f__Lachnospiraceae|g__Sellimonas",0,0,0,0.012,0,0,0,0,0,0,0,0.07293,2.17292,0,0,0.43538,0,0,0,0.03349,0.00626,0.00204,0,0.00328,0.00039,0,0,0.18334,0,0,0.02698,0.00114,0.00249,0.001,0,0,0.01204,0.01663,0.00162,0.03253,0.45405,1.66212
"k__Bacteria|p__Firmicutes|c__Clostridia|o__Eubacteriales|f__Lachnospiraceae|g__Shuttleworthia",0,0,0,0,0,0,0,0,0,0,0,0,0,0,0.00113,0,0,0,0,0,0,0,0,0,0,0,0,0,0,0,0.00017,0,0,0,0,0,0,0,0,0,0,0
"k__Bacteria|p__Firmicutes|c__Clostridia|o__Eubacteriales|f__Lachnospiraceae|g__Simiaoa",0.133,0.17578,0.11711,0,0,0,0,0.30833,0.31394,4.70044,0.29851,0.00055,0.18329,0.00622,0,0.00025,0.33479,1.04074,0.18739,0.02172,0.01938,0.89053,0.06509,0,0,0.05292,0.03252,0,0,0.36034,0.17507,0.38577,0.02109,0.00935,0.00717,0.01596,0,0,0.00298,0.00934,0.00208,0
"k__Bacteria|p__Firmicutes|c__Clostridia|o__Eubacteriales|f__Lachnospiraceae|g__Tyzzerella",0,0,0,0,0,0,0,0,0,0,0,0,0,1.25301,0.09096,0,0,0,0,0,0,0,0,0,0,0,0,2.73724,0.00359,0,0.00592,0.00116,0.17958,0.89049,0.00024,0.0986,0.11549,0.05386,0,0,0,0.1549
"k__Bacteria|p__Firmicutes|c__Clostridia|o__Eubacteriales|f__Lachnospiraceae|g__Wansuia",0.00574,0.00618,3e-04,0.05405,0.00903,0.00236,0.0208,0.00819,0.00793,0,0,0.00434,0.04205,0.00198,0,0.00743,0.01495,0.00697,0.00317,0.02768,0.02209,0.01272,0.02201,0,0,0.01423,0.03852,0.00601,0,0.04275,0.05445,0.02021,0,0,3e-05,0,0,0,0.01751,0.03225,0.02272,0
"k__Bacteria|p__Firmicutes|c__Clostridia|o__Eubacteriales|f__Lachnospiraceae|g__Wujia",0.36418,1.95977,0.14431,0,0.00239,0,0,0.84409,0.41403,0,0,0.00413,0,0,0,0,1.79893,0,0,0,0,0.59737,0.02952,0,0,0,0,0,0,0.86352,0.05491,0.24416,0,0,0.62133,0,0,0,0.34785,0.44027,0.13206,2.91446
"k__Bacteria|p__Firmicutes|c__Clostridia|o__Eubacteriales|f__Oscillospiraceae|g__Acetivibrio",0,0.06218,0,0,0,0,0,0,0,0,0,0,0,0,0,0,0,0,0,0,0,0,0,0,0,0,0,0,0,0,0,0,0,0,0,0,0,0,0,0,0,0
"k__Bacteria|p__Firmicutes|c__Clostridia|o__Eubacteriales|f__Oscillospiraceae|g__Agathobaculum",0.95985,0.04266,0.60889,1.4377,1.2751,0.59347,0.8728,0.29702,1.56539,0.58213,0.67659,0.03934,0.18731,0.32694,0.00542,0.00496,0.16613,0.50778,0.47283,1.17441,0.22174,0.03592,0.02274,0.25377,0.04777,0.57973,0.27641,0.47871,0,0.3027,0.17283,0.40817,0.18792,1.24305,0.62361,0.03246,1.38806,1.43856,0.06356,0.06306,1.08256,0
"k__Bacteria|p__Firmicutes|c__Clostridia|o__Eubacteriales|f__Oscillospiraceae|g__Anaerofilum",0,0,0,0,0,0,0,0.00019,0,0,0,0,0,0,0,0.00036,0,0,0,0.00223,0.00035,0,0,0,0,0,0,0,0,0.00105,0,0,0,0,0,0,0,0,0,0,0,0
"k__Bacteria|p__Firmicutes|c__Clostridia|o__Eubacteriales|f__Oscillospiraceae|g__Anaeromassilibacillus",0.00779,0,0,0.02982,0.00255,0.00177,0.00012,0.00532,0,0,0,0,0.00824,0,0,0.00561,0.03231,0,0,0,0,0.01771,0.03956,0,0,0.01644,0.03374,0,0,0,0,0,0,0,0,0.01792,0,0,0,0,0,0.06149
"k__Bacteria|p__Firmicutes|c__Clostridia|o__Eubacteriales|f__Oscillospiraceae|g__Anaerotruncus",0.00249,0.00605,0,0.0013,0,0,0,0,0,0.00139,0,0.07425,0.09647,0,0,0.29754,0.01023,0,0,0.02796,0.0173,0.00715,0.01896,0,0,0.01327,0.02857,0.00028,0,0.02526,0,0.01592,0.01502,0.00244,0,0,0,0.04467,0.01479,0.01749,0.00146,0.02816
"k__Bacteria|p__Firmicutes|c__Clostridia|o__Eubacteriales|f__Oscillospiraceae|g__Angelakisella",0,0,0,0,0,0,0,0,0,0,0,0.01448,0.00084,0,0,0,0,0,0,0,0,0,0,0,0,0,0,0,0,0.00731,0,0,0,0,0,0,0,0,0,0,0,0
"k__Bacteria|p__Firmicutes|c__Clostridia|o__Eubacteriales|f__Oscillospiraceae|g__Bittarella",0.00066,0.00156,0,0.00543,0,0.00313,0,0.0015,0.00434,0,0,0,0.00366,0,0,0.01647,0.00564,0,0,0.05183,0.01363,0,0.00327,0,0,0,0,0,0,0.00113,0.06733,0.01153,0.00999,0.0102,0.00607,0.00955,0,0.00809,0.00124,0,0,0.00219
"k__Bacteria|p__Firmicutes|c__Clostridia|o__Eubacteriales|f__Oscillospiraceae|g__Congzhengia",0,0,0,0,0,0,0,0,0,0,0,0,0.00825,0,0,0,0,0,0,0,0,0,0,0,0,0,0,0,0,0,0,0,0,0,0,0,0,0,0,0,0,0
"k__Bacteria|p__Firmicutes|c__Clostridia|o__Eubacteriales|f__Oscillospiraceae|g__Drancourtella",0,0,0,0,0,0,0,0,0,0,0,0,0.00411,0,0,0,0,0,0,0,0,0,0,0,0,0,0,0,0,0,0,0,0,0,0,0,0,0,0,0,0,0.14595
"k__Bacteria|p__Firmicutes|c__Clostridia|o__Eubacteriales|f__Oscillospiraceae|g__Dysosmobacter",0.11516,0.0246,0,0,0,0,0,0.00407,0,0.05631,0.06544,0.03759,0.01844,0,0,0.03168,0.08357,0.00254,0.00215,0.02198,0.01729,0.21398,0.0911,0,0.00454,0.02266,0.05147,0.00917,0,0.06229,0.33728,0.21402,0.26289,0.03187,0,0.00133,0.0051,0.28413,0.0394,0.03752,0.05226,0.70295
"k__Bacteria|p__Firmicutes|c__Clostridia|o__Eubacteriales|f__Oscillospiraceae|g__Faecalibacterium",7.88137,4.22519,11.28033,0.24917,0.92259,2.56634,6.22219,10.78169,13.84836,17.03022,12.86583,0.23512,1.03219,1.74797,0.00445,5.06884,8.79501,7.23145,19.92865,3.82264,1.03396,2.48463,0.23545,25.49896,20.39672,10.50546,3.34618,9.77093,0,1.72343,1.47102,2.69429,13.92849,16.93531,8.05943,4.34671,12.65446,12.67213,1.09462,2.2745,14.65174,16.24304
"k__Bacteria|p__Firmicutes|c__Clostridia|o__Eubacteriales|f__Oscillospiraceae|g__Fastidiosipila",0,0,0,0,0,0,0,0,0,0,0,0,0,0,0,0,0,0,0,0,0,0,0,0,0,0,0,0,0,0,0,0,0,0,0,0,0,0,0,0,0,0.00127
"k__Bacteria|p__Firmicutes|c__Clostridia|o__Eubacteriales|f__Oscillospiraceae|g__Flavonifractor",0.005,0.00142,0,0.01373,0,0.01371,0.00668,0.00182,0.01328,0.10995,0.05661,0.15175,0.3004,0.00637,0,0.03026,0.0481,0.03572,0.04664,0.13291,0.07197,0.14397,0.05846,0.00385,0.05076,0.02745,0.04297,0.49271,0,0.0559,0.06755,0.49891,0.30664,0.17626,0.00216,0.02811,0.16274,0.55047,0.01607,0.03936,0.03007,1.22305
"k__Bacteria|p__Firmicutes|c__Clostridia|o__Eubacteriales|f__Oscillospiraceae|g__Fournierella",0,0,0,0,0,0,0,0.00765,0.01004,0,0,0,0,0,0,0,0.00025,0,0.01308,0,0,0,0,0,0,0.00839,7e-04,0,0,0.01704,0.00194,0.01169,0,0,0,0,0,0,0,0,0,0
"k__Bacteria|p__Firmicutes|c__Clostridia|o__Eubacteriales|f__Oscillospiraceae|g__Fumia",0,0,0,0,0,0.00024,0.00114,0,0,0,0,0,0,0,0,0,0,0,0,0,0,0,0,0,0,0.01271,0.04511,0,0,0,0,0,0,0,0,0,0,0.04408,0,0,0.00039,0
"k__Bacteria|p__Firmicutes|c__Clostridia|o__Eubacteriales|f__Oscillospiraceae|g__GGB13489",0.15356,0.12748,0,0,0,0,0,0.01112,0.00216,0,0,0,0,0,0,0,0.03239,0,0,0,0,0.04624,0.01417,0,0,0,0,0,0,0.11654,0,0,0,0,0,0,0,0,0.00766,0.00052,0,0
"k__Bacteria|p__Firmicutes|c__Clostridia|o__Eubacteriales|f__Oscillospiraceae|g__GGB13493",0.64337,0.96491,0,0,0,0,0,0.00011,0.00427,0,0,0.01258,0.39764,0,0,0,0.00471,0,0,0,0,0,0,0,0,0,0,0,0,0.01636,0,0,0,0,0,0,0,0,0.1789,0,0,0
"k__Bacteria|p__Firmicutes|c__Clostridia|o__Eubacteriales|f__Oscillospiraceae|g__GGB32900",0,0,0,0,0,0,0,0,0,0,0,0,0.17957,0,0,0,0,0,0,0,0,0,0,0,0,0,0,0,0,0,0,0,0,0,0,0,0,0,0,0,0,0
"k__Bacteria|p__Firmicutes|c__Clostridia|o__Eubacteriales|f__Oscillospiraceae|g__GGB3343",0,0,0,0,0,0,0,0.00198,0,0,0,0,0,0,0,0,0,0,0,0,0,0.00597,0,0,0,0,0,0,0,0,0,0,0,0,0,0,0,0,0,0,0,0
"k__Bacteria|p__Firmicutes|c__Clostridia|o__Eubacteriales|f__Oscillospiraceae|g__GGB3345",0,0,0,0.14654,0.04433,0,0,0.25939,0.52887,0,0,0,0,0,0,0,0.12895,0,0,0,0,0.00521,0,0.1229,0.38455,0,0,0,0,0.20889,0.09175,0.24355,0,0,0,0,0,0,0.48454,0.33285,0,0.90966
"k__Bacteria|p__Firmicutes|c__Clostridia|o__Eubacteriales|f__Oscillospiraceae|g__GGB33469",0.49876,0.81692,0.03321,0,0,0,0,0.04451,0.01817,0,0,0.04827,0.00163,0,0,0,0.20782,0.01265,0.00887,0,0,0,0,0,0,0,0,0,0,0.44487,0,0,0,0,8e-04,0,0,0,0.04793,0,0,0
"k__Bacteria|p__Firmicutes|c__Clostridia|o__Eubacteriales|f__Oscillospiraceae|g__GGB34228",0.02279,0.03376,0.00043,0,0,0.00913,7e-05,0.00473,0.01373,0,0,0,0,0,0,0,0,0,0,0,0,0,0,0,0,0,0,0,0,0,0,0.00031,0,0,0,0,0,0,0.00243,0,0,0
"k__Bacteria|p__Firmicutes|c__Clostridia|o__Eubacteriales|f__Oscillospiraceae|g__GGB36331",0,0,0,0,0,0,0,0,0,0,0,0,0,0,0,0,0,0,0,0,0,0,0,0.00291,0.31834,0,0,0,0,0,0,0,0,0,0,2.11547,0,0.00026,0,0,0.48319,0.00686
"k__Bacteria|p__Firmicutes|c__Clostridia|o__Eubacteriales|f__Oscillospiraceae|g__GGB38744",0.0024,0,0,0,0,0,0,0.01102,0.00042,0,0,0.00876,0.05292,0,0,0,0.02164,0,0,0.01942,0,0.00594,0.01325,0.01284,0.15994,0,0,0,0,0,0,0,0,0,0,0,0,0.00272,0.00839,0.0418,0,0
"k__Bacteria|p__Firmicutes|c__Clostridia|o__Eubacteriales|f__Oscillospiraceae|g__GGB38987",0,0,0,0,0,0,0,0,0,0,0,0,0.00087,0,0,0,0,0,0,0,0,0,0,0,0,0,0,0,0,0,0.11335,0.00415,0,0,0,0,0,0,0,0,0,0
"k__Bacteria|p__Firmicutes|c__Clostridia|o__Eubacteriales|f__Oscillospiraceae|g__GGB45596",0,0,0,0.08734,0.00493,0,0,0,0,0,0,0,0,0,0,0,0,0,0,0,0,0,0,0,0,0,0,0,0,0,0,0,0,0,0,0,0,0,0,0,0,0
"k__Bacteria|p__Firmicutes|c__Clostridia|o__Eubacteriales|f__Oscillospiraceae|g__GGB45600",0,0,0,0,0,0,0,0,0,0,0,0,0,0,0,0,0,0,0,0,0,0,0,0,0,0,0,0,0,0,0,0,0,0,0,0,0,0,0,0,0,0.00107
"k__Bacteria|p__Firmicutes|c__Clostridia|o__Eubacteriales|f__Oscillospiraceae|g__GGB9237",0.00725,0.00225,0,0,0,0,0,0.00221,0,0,0,0.02718,0.0201,0,0,0,0,0,0,0,0,0,0,0,0,0,0.00076,0,0,0.02528,0,0,0,0,0.00076,0,0,0,0,0,0,0
"k__Bacteria|p__Firmicutes|c__Clostridia|o__Eubacteriales|f__Oscillospiraceae|g__GGB9452",0,0,0,0,0,0,0,0,0,0,0,0,0,0,0,0,0.00142,0,0,0,0,0,0,0,0,0,0,0,0,0,0,0,0,0,0,0,0,0,0.0032,0,0,0
"k__Bacteria|p__Firmicutes|c__Clostridia|o__Eubacteriales|f__Oscillospiraceae|g__GGB9453",0,0,0,0.1207,0,0,0,0,0,0,0,0.00478,0.20212,0,0,0,0,0,0,0,0,0.018,0.00217,0,0,0,0,0,0,0,0,0,0,0,0,0,0.01,0.03124,0,0,0,0.02968
"k__Bacteria|p__Firmicutes|c__Clostridia|o__Eubacteriales|f__Oscillospiraceae|g__GGB9469",0,0,0,0,0,0,0,0,0,0,0,0,0.03179,0,0,0.0018,0,0,0,0,0,0.00067,0.00442,0,0,0,0,0,0,0,0,0,0,0,0,0,0,0.02295,0,0,0,0
"k__Bacteria|p__Firmicutes|c__Clostridia|o__Eubacteriales|f__Oscillospiraceae|g__GGB9589",0,0,0.0087,0,0,0,0,0,0,0,0,0,0,0,0,0,0,0,0,0,0,0,0,0,0,0,0,0,0,0,0,0,0,0,0,0,0,0,0,0,0,0
"k__Bacteria|p__Firmicutes|c__Clostridia|o__Eubacteriales|f__Oscillospiraceae|g__GGB9590",0,0,0.02572,0,0,0.00011,0.00582,0.00091,0.00288,0,0,0,0,0,0,0,0,0.03002,0.00767,0,0,0,0,0,0,0,0,0,0,0.01016,0,0,0,0,0,0,0,0,0,0,0,0
"k__Bacteria|p__Firmicutes|c__Clostridia|o__Eubacteriales|f__Oscillospiraceae|g__GGB9593",0.01289,0.00837,0.03734,0,0,0,0,0,0.00046,0,0,0,0,0,0,0,0,0.01159,0.02064,0,0,0,0,0,0,0,0,0,0,0,0,0,0,0,0,0,0,0,0,0,0,0
"k__Bacteria|p__Firmicutes|c__Clostridia|o__Eubacteriales|f__Oscillospiraceae|g__GGB9595",0.01428,0.01166,0,0,0,0,0,0.02752,0.01074,0,0,0,0,0,0,0,0,0.07491,0.01295,0,0,0,0,0,0,0,0,0,0,0,0,0,0,0,0,0,0,0,0,0,0,0
"k__Bacteria|p__Firmicutes|c__Clostridia|o__Eubacteriales|f__Oscillospiraceae|g__GGB9597",0.0055,0.0026,0.0113,0,0,0,0,0.02435,0.02524,0.0289,0.04076,0,0,0,0,0,0.01184,0,0,0,0,0,0,0,0,0,0,0,0,0,0,0,0,0,0,0,0,0,0,0,0,0
"k__Bacteria|p__Firmicutes|c__Clostridia|o__Eubacteriales|f__Oscillospiraceae|g__GGB9602",0.08222,0.19451,0.00662,0,0,0,0,0.15385,0.04229,0,0,0.02108,0.01536,0,0,0,0.09777,0.06101,0.06421,0,0,0.00114,0.07295,0,0,0,0,0,0,0.80528,0.09528,0.23686,0,0,0,0,0,0,0.00522,0.00437,0,0
"k__Bacteria|p__Firmicutes|c__Clostridia|o__Eubacteriales|f__Oscillospiraceae|g__GGB9603",0,0.00346,0,0,0,0,0,0.07132,0.03413,0,0,0,0,0,0,0,0.00228,0.08734,0.03435,0,0,0,0,0,0,0,0,0,0,0.05673,0,0,0,0,0,0,0,0,0,0,0,0
"k__Bacteria|p__Firmicutes|c__Clostridia|o__Eubacteriales|f__Oscillospiraceae|g__GGB9608",0,0.00849,0,0,0,0,0,0.17944,0.05087,0,0,0,0,0,0,0,0,0,0,0,0,0,0,0,0,0,0,0,0,0,0,0,0,0,0,0,0,0,0.18756,0.14564,0,0
"k__Bacteria|p__Firmicutes|c__Clostridia|o__Eubacteriales|f__Oscillospiraceae|g__GGB9611",0,0,0,0,0,0,0,0,0,0,0,0,0,0,0,0,0,0,0,0,0,0,0,0,0,0,0,0,0,0.00287,0,0,0,0,0,0,0,0,0,0,0,0
"k__Bacteria|p__Firmicutes|c__Clostridia|o__Eubacteriales|f__Oscillospiraceae|g__GGB9614",0.05416,0,0.0033,0,0.00862,0,0.00035,0,0,0.09956,0.05671,0,0,0,0,0,0,0.00868,0.03089,0.00048,0,0,0.00395,0,0,0.00863,0.00525,0,0,0,0,0,0,0.00732,0,0,0,0,0,0,0,0
"k__Bacteria|p__Firmicutes|c__Clostridia|o__Eubacteriales|f__Oscillospiraceae|g__GGB9616",0.00273,0,0.00688,0,0,0.00292,0,0.00129,0.00181,0,0,0,0,0,0,0,0,0.01704,0.00416,0.02656,0,0,0,0,0,0.03141,0.00044,0,0,0,0,0,0,0,0.00572,0,0,0,0,0,0,0
"k__Bacteria|p__Firmicutes|c__Clostridia|o__Eubacteriales|f__Oscillospiraceae|g__GGB9618",0.08534,0.03358,0,0,0,0,0,0.01773,0.01189,0,0,0,0,0,0,0,0.00839,0,0,0.05956,0,0,0,0,0,8e-05,0.00125,0,0,0.02539,0,0,0,0,0,0,0,0,0,0,0,0
"k__Bacteria|p__Firmicutes|c__Clostridia|o__Eubacteriales|f__Oscillospiraceae|g__GGB9619",0,0,0,0,0,0,0,0,0,0,0,0,0,0,0,0,0,0,0,0,0,0,0,0,0,0,0,0,0,0.00175,0,0,0,0,0,0,0,0,0,0,0,0.01624
"k__Bacteria|p__Firmicutes|c__Clostridia|o__Eubacteriales|f__Oscillospiraceae|g__GGB9620",0,0,0,0,0,0,0,0,0,0,0,0,0,0,0,0,0,0,0,0,0,0,0,0,0.00964,0,0,0,0,0,0,0,0,0,0,0,0,0,0,0,0,0
"k__Bacteria|p__Firmicutes|c__Clostridia|o__Eubacteriales|f__Oscillospiraceae|g__GGB9621",0.02226,0.00279,0,0,0,0,0,0,0,0.02531,0.00648,0,0,0,0,0,0,0,0,0,0,0,0,0,0,0,0,0,0,0,0.57669,0.03957,0,0,0,0,0,0,0.00352,0,0,0
"k__Bacteria|p__Firmicutes|c__Clostridia|o__Eubacteriales|f__Oscillospiraceae|g__GGB9623",0.06886,0.00637,0,0,0,0,0,0,0,0,0,0,0,0,0,0,0,0,0,0,0,0,0,0,0,0,0,0,0,0,0,0,0,0,0,0,0,0,0,0,0,0
"k__Bacteria|p__Firmicutes|c__Clostridia|o__Eubacteriales|f__Oscillospiraceae|g__GGB9627",0.08906,0.05157,0.01563,0,0,0,0.00726,0.00446,0.05072,0.36777,0.03223,0,0,0.0011,0,0,0.29503,0.30817,0.07353,0,0,0,0,0,0,0,0,0,0,0.00779,0.01284,0.1091,0,0,0.01645,0.1204,0,0,0.20726,0,0,0
"k__Bacteria|p__Firmicutes|c__Clostridia|o__Eubacteriales|f__Oscillospiraceae|g__GGB9628",0,0,0,0,0,0,0,0.00498,0.00773,0,0,0,0,0,0,0,0.00126,0,0,0,0,0,0,0,0,0,0,0,0,0,0,0,0,0,0,0,0,0,0,0,0,0
"k__Bacteria|p__Firmicutes|c__Clostridia|o__Eubacteriales|f__Oscillospiraceae|g__GGB9634",0.14541,0.43756,0.07695,0,0,0,0,0.47249,0.08444,0,0,0,0,0,0,0.04016,0.82528,0,0,0,0,0,0,0,0,0.07131,0.14754,0,0,0.43653,2.6146,3.63025,0,0,0.00805,0,0,0,0.12696,0,0,0
"k__Bacteria|p__Firmicutes|c__Clostridia|o__Eubacteriales|f__Oscillospiraceae|g__GGB9635",0.94488,0.60735,0.09046,0,0,0,0,2.20265,0.31143,0,0,0.60265,0.05318,0,0,0,0.2982,0.0168,0.0352,0,0,0,0,0,0,0,0.00731,0,0,3.50923,0.06241,0.01784,0,0,0.00469,0.02475,0,0,0.29008,0.603,0,0
"k__Bacteria|p__Firmicutes|c__Clostridia|o__Eubacteriales|f__Oscillospiraceae|g__GGB9636",0.01953,0.61662,0,0,0,0,0,0.0428,0,0,0,0,0,0,0,0,0.43139,0,0,0,0,0,0,0,0,0,0,0,0,2.88074,0,0,0,0,0,0.02135,0,0,0.00741,0.00042,0,0
"k__Bacteria|p__Firmicutes|c__Clostridia|o__Eubacteriales|f__Oscillospiraceae|g__GGB9637",0.13359,0.08847,0.00096,0,0,0,0,0,0,0,0,0,0,0,0,0,0.00038,0,0,0,0,0,0,0,0,0,0,0,0,0,0,0,0,0,0,0,0,0,0,0,0,0
"k__Bacteria|p__Firmicutes|c__Clostridia|o__Eubacteriales|f__Oscillospiraceae|g__GGB9640",0,0,0,0,0,0,0,0,0,0,0,0,0,0,0,0,0.04517,0,0,0,0,0,0,0,0,0,0,0,0,0,0,0,0,0,0,0,0,0,0,0,0,0
"k__Bacteria|p__Firmicutes|c__Clostridia|o__Eubacteriales|f__Oscillospiraceae|g__GGB9642",0,0,0.01074,0,0,0,0,0.74936,0.34402,0.10069,0,0,0,0,0,0,2.32086,0,0,0,0,0,0,0,0,0,0,0,0,0,0,0,0,0,0,0,0,0,0,0,0,0
"k__Bacteria|p__Firmicutes|c__Clostridia|o__Eubacteriales|f__Oscillospiraceae|g__GGB9646",0.00482,0.00134,0,0,0,0,0,0.00141,0,0,0,0,0,0,0,0,0,0,0,0,0,0,0,0,0,0,0,0,0,0,0,0,0,0,0,0,0,0,0,0,0,0
"k__Bacteria|p__Firmicutes|c__Clostridia|o__Eubacteriales|f__Oscillospiraceae|g__GGB9667",0,0.01727,0,0,0,0,0,0,0,0,0,0,0,0,0,0,0,0,0,0,0,0,0,0,0,0,0,0,0,0,0.04529,0.01273,0,0,0,0,0,0,0.00264,0,0,0
"k__Bacteria|p__Firmicutes|c__Clostridia|o__Eubacteriales|f__Oscillospiraceae|g__GGB9699",0.2273,0.12854,0.02088,0.02321,0,3e-04,0.02654,0,0,0,0,0.28345,0,0,0,0.02034,0,0.08029,0.04782,0.04167,0.00289,0.22651,0.02603,0,0,0.07075,0.09429,0,0,0.4094,0.23161,0.09602,0,0,0.01295,0,0,0,0.00057,0.00222,0.12105,0
"k__Bacteria|p__Firmicutes|c__Clostridia|o__Eubacteriales|f__Oscillospiraceae|g__GGB9707",0.11215,0.17375,0.02361,0,0,0.00908,0.00646,0.00745,0.02233,0,0,0.0018,0.00472,0,0,0,0.01794,0.18129,0.16444,0,0,0,0,0,0,0.08524,0.00888,0,0,0.04772,0.02919,0.20541,0,0,0.00352,0.02694,0,0,0.00027,0,0,0
"k__Bacteria|p__Firmicutes|c__Clostridia|o__Eubacteriales|f__Oscillospiraceae|g__GGB9708",0.13552,0.0613,0.15384,0,0,0,0,0.48249,0.02745,0,0,0,0,0,0,0.25992,0.31929,0.03031,0.00975,0.00335,0,0,0,0,0,0.02025,0.02943,0,0,1.91706,0.05777,0.49762,0,0,0.00052,0,0,0,0.1679,0,0,0
"k__Bacteria|p__Firmicutes|c__Clostridia|o__Eubacteriales|f__Oscillospiraceae|g__GGB9710",0.01023,0.02054,0,0,0,0,0,0.00059,0.00523,0,0,0,0,0,0,0,0.52912,0,0,0,0,0,0,0,0,0,0,0,0,0.06567,0,0,0,0,0.08365,0,0,0,0,0,0,0
"k__Bacteria|p__Firmicutes|c__Clostridia|o__Eubacteriales|f__Oscillospiraceae|g__GGB9715",0.29769,1.63922,0.24297,0,0,0.22635,0.11803,0.09911,0.03884,0,0,0.05588,0.38148,0.05399,0,1.42712,0.36252,0.19168,0.18005,0,0,1.1868,0.08633,0,0,2.58923,0.53165,0,0,0.30083,1.26264,0.05246,0,0,0.13691,0.01888,0,0,0.44466,0.12912,0,0
"k__Bacteria|p__Firmicutes|c__Clostridia|o__Eubacteriales|f__Oscillospiraceae|g__GGB9724",0,0,0,0,0,0,0,0,0,0,0,0,0,0,0,0,0,0,0,0,0,0.12158,0.04178,0,0,0,0,0,0,0.0269,0,0,0,0,0,0,0,0,0,0,0,0.06388
"k__Bacteria|p__Firmicutes|c__Clostridia|o__Eubacteriales|f__Oscillospiraceae|g__GGB9730",0.22697,0.11576,0.22964,0,0,0,0,0.20505,0.12416,0.06508,0.07723,0.00877,0.10501,0,0,0.0012,0.19925,0.70218,0.27655,0,0,0.39596,0.1575,0,0,0.59755,0.2204,0,0,0.12897,0.05559,0.10731,0.01596,0.10882,0.26889,0,0,0,1.04178,0.06678,0,4.30394
"k__Bacteria|p__Firmicutes|c__Clostridia|o__Eubacteriales|f__Oscillospiraceae|g__GGB9743",0,0,0,0,0,0,0,0,0,0,0,0,0,0,0,0.00986,0,0,0,0.00112,0,0.00663,0,0,0,0,0,0.00712,0,0,0,0,0,0,0.00832,0,0,0,0,0,0,0
"k__Bacteria|p__Firmicutes|c__Clostridia|o__Eubacteriales|f__Oscillospiraceae|g__Hydrogeniiclostridium",0,0,0,0,0,0,0,0,0,0,0,0,0.00166,0,0,0,0,0.00164,0.00145,0,0,0.01835,0.0584,0,0,0.02151,0.03762,0.00088,0,0.00102,0.00221,0,0,0,0,0,0,0,0.00151,0.00068,0,0
"k__Bacteria|p__Firmicutes|c__Clostridia|o__Eubacteriales|f__Oscillospiraceae|g__Hydrogenoanaerobacterium",0.08911,0.0417,0.01539,0,0,0,0,0.01433,0.00025,0.01603,0,0.01891,0.01527,0,0,0,0.01041,0.01816,0.01789,0,0,0,0,0.00186,0.00149,0,0,0,0,0,0,0.0017,0,0,0,0.01213,0,0,0.00719,0.00802,0.00342,0
"k__Bacteria|p__Firmicutes|c__Clostridia|o__Eubacteriales|f__Oscillospiraceae|g__Lawsonibacter",0.03326,0.00096,0.00525,0.00351,0,0.12851,0.0067,0.05583,0.03411,0.17878,0.04213,0.04789,0.13283,0,0,0.02005,0.00038,0.00528,0.0076,0.16181,0.00103,0.2695,0.08808,0,0.01176,0.00891,0.00234,0.00192,0,0.18035,0.02955,0.03482,0,0,0,0.00017,0.00644,0.23722,0.03574,0.00483,0.02754,0
"k__Bacteria|p__Firmicutes|c__Clostridia|o__Eubacteriales|f__Oscillospiraceae|g__Ligaoa",0,0,0,0,0,0,0,0,0,0,0,0,0,0,0,0,0,0,0,0,0,0.00587,0.00878,0,0,0,0,0,0,0,0,0,0,0,0,0,0,0,0.00032,0,0,0
"k__Bacteria|p__Firmicutes|c__Clostridia|o__Eubacteriales|f__Oscillospiraceae|g__Massiliimalia",0.00092,0,0.00093,0,0,0,0,0.00231,0.00043,0,0,0,0.00187,0,0,0.00322,0.00436,0.01116,0.00704,0,0,0,0,0,0,0.0067,0.00293,0,0,0.00365,0.01416,0.00753,0,0,0.00023,0.00659,7e-04,0.0081,0.00043,0.00074,0.02352,0
"k__Bacteria|p__Firmicutes|c__Clostridia|o__Eubacteriales|f__Oscillospiraceae|g__Monoglobus",0,0,0,0,0,0,0,0.07841,0,0,0,0,0,0,0,0,0,0,0,0,0,0,0,0,0,0,0,0,0,0,0,0,0.01502,0.39413,0,0,0,0,0,0,0,0.33945
"k__Bacteria|p__Firmicutes|c__Clostridia|o__Eubacteriales|f__Oscillospiraceae|g__Neobittarella",0,0,0.00026,0,0,0,0,0,0,0.00254,0.00396,0,0,0,0,0,0.00298,0.00011,0.00044,0.01012,0.0262,0,0.00326,0,0,0.00147,0.00203,0,0,0,0.01116,0.00338,0,0,0,0,0,0,0,0.01134,0,0
"k__Bacteria|p__Firmicutes|c__Clostridia|o__Eubacteriales|f__Oscillospiraceae|g__Oscillibacter",1.52161,1.99111,0.31041,0.00404,0.03787,0.06162,0.0641,1.04171,0.43513,1.26722,0.86781,1.02893,0.95311,0.05761,0,0.3464,1.52178,0.48657,0.44553,0.17912,0.06542,2.90592,0.30645,0.00926,0.28503,0.93905,0.04263,0,0.00237,2.49149,0.12654,0.41382,0.06908,0.44372,0.75403,0.02014,0,0.14473,0.30576,0.20715,0.00548,0.29706
"k__Bacteria|p__Firmicutes|c__Clostridia|o__Eubacteriales|f__Oscillospiraceae|g__Oscillospiraceae_unclassified",0.96435,1.93923,0.11821,0.04951,0,1.10821,0.37953,1.89634,0.35001,0.10328,0.70517,0.19738,0.76737,0.0052,0,0.12615,0.45043,0.72097,0.71696,1.68337,0.31397,0.1502,0.23661,0,0.001,0.3084,0.03175,0.14164,0,1.68037,1.55776,0.45175,0.01115,0.07816,0.13519,0.97558,0.02627,2.52519,0.09969,0.16244,0.27234,0.37152
"k__Bacteria|p__Firmicutes|c__Clostridia|o__Eubacteriales|f__Oscillospiraceae|g__Phocea",0.00131,0.00218,0,0,0,0,0,0.00107,0,0,0,0.00512,0,0,0,0.01116,0.00511,0,0,0,0,0,0,0,0,0.01058,0,0.00313,0,0.00146,0.00014,0,0,0,0.00167,0,0,0.03137,0,0,0,0
"k__Bacteria|p__Firmicutes|c__Clostridia|o__Eubacteriales|f__Oscillospiraceae|g__Provencibacterium",0,0,0,0,0,0,0,0.00222,0,0,0,0.00252,0.00973,0,0,0,0,0,0,0,0,0.00095,0,0,0,0,0,0,0,0.00086,0,0,0,0,0,0,0,0,0.00121,0.0032,0,0
"k__Bacteria|p__Firmicutes|c__Clostridia|o__Eubacteriales|f__Oscillospiraceae|g__Pseudoflavonifractor",7e-04,0,0,0,0,0.00018,0.00129,0.00037,0,0.00881,0.00265,0.78654,1.23154,0,0,0,0,0,0,0,0,0.15329,0.05175,0,0,0,0,0.00894,0,0,0.00022,0.00308,0.02762,0.00446,0.00616,0,0,0,0.00505,0.00219,0,0.16569
"k__Bacteria|p__Firmicutes|c__Clostridia|o__Eubacteriales|f__Oscillospiraceae|g__Pseudoruminococcus",0,0,0,0,0,0,0,0,0,0,0,0,0,0,0,0,0,0,0,0,0,0,0,0,0,0,0,0,0,0,0,0,0,0,0,0,0,0,0.26031,0,0,0
"k__Bacteria|p__Firmicutes|c__Clostridia|o__Eubacteriales|f__Oscillospiraceae|g__Qingrenia",0,0,0,0,0,0,0,0,0,0,0,0,0,0,0,0,0,0,0,0,0,0,0,0,0,0,0,0,0,0.03396,0,0,0,0,0,0,0,0,0.01766,0.00593,0,0
"k__Bacteria|p__Firmicutes|c__Clostridia|o__Eubacteriales|f__Oscillospiraceae|g__Ruminococcus",3.6079,2.82299,0.53254,0,0.05494,10.09697,11.48754,8.18975,5.23207,0.44125,0.20287,0.14434,2.94518,2.61426,0.36042,2.2959,3.24132,4.2439,4.34975,0.00816,0.01624,2.21966,2.20375,0.47433,2.98785,10.92579,2.37289,0.35495,0,5.31463,0.46149,1.05656,0,0,1.18908,0.00186,1.74969,4.96343,4.25431,9.2001,4.5534,4.95042
"k__Bacteria|p__Firmicutes|c__Clostridia|o__Eubacteriales|f__Oscillospiraceae|g__Ruthenibacterium",0.04846,0.04053,0.00428,0.16496,0.03582,0.12401,0.06485,0.02763,0.0082,0.03379,0.00582,0.31254,0.32131,0.05433,7e-04,0.18971,0.03758,0.02054,0.02936,0.19203,1.14692,0.79487,0.7376,0.00639,0.03168,0.15126,0.2418,0.75991,6e-05,1.09488,0.26904,0.03291,0.37382,0.18205,0.06095,0.33683,0.0823,0.4392,0.07754,0.10596,0.04929,0.54063
"k__Bacteria|p__Firmicutes|c__Clostridia|o__Eubacteriales|f__Oscillospiraceae|g__Vescimonas",0.8158,0.54383,0.27836,0,0,0.00186,0.02304,0.02211,0.01826,0.33381,0.07638,0.3087,0.56849,0,0,0.08409,0.18334,0.0928,0.07709,0.40899,0.17702,4.40358,0.96088,0.03212,0.05762,0.13894,0.0539,0,0,0.16444,0.00509,0.06979,0.00981,0.01593,0.12425,0.14355,0,0,0.11952,0.50156,0.12584,0
"k__Bacteria|p__Firmicutes|c__Clostridia|o__Eubacteriales|f__Oscillospiraceae|g__Youxingia",0.00043,0,0,0,0,0,0,0.0026,0,0,0,0,0,0,0,0,0.00801,0,0,0,0,0,0,0,0,0,0,0,0,0.00209,0,0,0,0,0,0,0,0,0,0,0,0
"k__Bacteria|p__Firmicutes|c__Clostridia|o__Eubacteriales|f__Peptostreptococcaceae|g__Criibacterium",0,0,0,0,0,0,0,0,0,0,0,0,0,0,0,0,0,0,0,0,0,0,0,0,0,0,0,0,0,0,0,0,0,0,0.07242,0,0,0,0,0,0,0
"k__Bacteria|p__Firmicutes|c__Clostridia|o__Eubacteriales|f__Peptostreptococcaceae|g__GGB4456",0,0,0.28168,0,0,0.00674,0,0.01289,0.02823,0,0,0,0,0,0,0,0,0.07583,0,0,0,0.00181,0.00044,0,0,0,0,0,0,0.08567,0.12908,0.01087,0.00737,0,0.03578,0,0,0.18819,0.00522,0,0,0.67067
"k__Bacteria|p__Firmicutes|c__Clostridia|o__Eubacteriales|f__Peptostreptococcaceae|g__Intestinibacter",0,0.41753,0.00746,0.00418,0,0,0,0.02328,0,0,0,0.06318,0.09017,0.3135,0,0.06501,0,0.00705,0.05896,0,0,0.05697,0.30379,0.02168,0.0394,0,0,0.018,0,0.06394,1.02203,0.0548,0.27028,0.04376,0,0,0.89196,0.54207,0.10463,0,0.02743,0.69107
"k__Bacteria|p__Firmicutes|c__Clostridia|o__Eubacteriales|f__Peptostreptococcaceae|g__Paeniclostridium",0,0,0,0,0,0,0,0,0,0,0,0,0,0,0,0,0,0,0,0,0,0,0,0,0,0,0,0,0,0,0.00036,0,0,0,0,0,0,0,0,0,0,0
"k__Bacteria|p__Firmicutes|c__Clostridia|o__Eubacteriales|f__Peptostreptococcaceae|g__Peptostreptococcus",0,0.00053,0.18023,0.10285,0,0.00786,0,0.05874,0.00483,0.21872,0.00276,2.66241,0.05814,0.20079,0.00047,0.2215,0,0.11028,0,0.06256,0,1.81503,0.68134,0.02246,0.00061,0.05711,0.01271,0,19.26417,0.354,0.36443,0.00879,0,0.00511,0.57288,0.03279,0.22184,0.17219,0.50418,0.06324,0,0.5795
"k__Bacteria|p__Firmicutes|c__Clostridia|o__Eubacteriales|f__Peptostreptococcaceae|g__Romboutsia",0.52786,0.12808,0.95741,0.32425,1.12548,0.19074,0.26721,0.5464,0.04405,0.00178,0.39293,0.09063,0.15503,0.2283,0.05235,0.15725,0.30514,0.39209,0.18509,0.26246,0.10738,0.46793,1.23452,2.48481,0.21277,0.16088,1.01839,0.09121,0,1.06939,0.66456,0.09311,0.3994,0.5391,0.82396,0.00745,0.2485,0.60373,0.38874,0.40127,0.02718,0.44089
"k__Bacteria|p__Firmicutes|c__Clostridia|o__Eubacteriales|f__Peptostreptococcaceae|g__Terrisporobacter",0,0,0,0.00025,0,0,0,0,0,0,0,0,0,0,0,0,0,0,0,0,0,0,0,0,0,0,0,0,0,0,0,0,0,0,0,0,0,0,0,0,0,0
"k__Bacteria|p__Firmicutes|c__Clostridia|o__Eubacteriales|f__Yeguiaceae|g__Yeguia",0.01307,0.02536,0,0,0,0,0,0.00187,0,0,0,0,0,0,0,0,0.00281,0.00039,0,0,0,0,0,0,0,0,0,0,0,0.00237,0.0034,0.00087,0,0,0,0,0,0,0,0,0,0
"k__Bacteria|p__Firmicutes|c__Erysipelotrichia|o__Erysipelotrichales|f__Coprobacillaceae|g__Catenibacterium",0,0,4.66624,0,0,0,0,0,0,0,0,0,0,0,0,0,5.58841,4.16992,3.99861,0,0,0,0,0,0,0,0,0,0,1.25742,0,0,0,0,1.05126,0,0,0,0,0,0,0
"k__Bacteria|p__Firmicutes|c__Erysipelotrichia|o__Erysipelotrichales|f__Coprobacillaceae|g__Coprobacillus",0,0,0,0.23514,0,0.00668,0,0.00102,0,0.00179,0,0.58495,0,0,0,0.03152,0.02259,0,0,0.02477,0.02496,0.0657,0.00618,0,0,0.00986,0,0,0,0,0.00666,0,0,0,0.09372,0,0.00724,0.03199,0,0,0.00105,0.00319
"k__Bacteria|p__Firmicutes|c__Erysipelotrichia|o__Erysipelotrichales|f__Erysipelotrichaceae|g__Amedibacillus",0,0,0,0.00957,0.02332,0,0,0,0,0,0,0,0.0021,0.04626,0.09655,0,0,0,0,0,0,0,0,0.00287,0,0,0,0.11855,0,0,0,0,0,0,0,0,0,0.00627,0,0,0,0
"k__Bacteria|p__Firmicutes|c__Erysipelotrichia|o__Erysipelotrichales|f__Erysipelotrichaceae|g__Amedibacterium",0,0,0,0.33373,0,0,0,0,0,0,0,0,0,0.14478,0.03788,0,0,0,0,0,0,0,0,0,0,0,0,0.28133,0,0,0,0,0,0,0,0.35183,0.00774,0.01051,0,0,0,0
"k__Bacteria|p__Firmicutes|c__Erysipelotrichia|o__Erysipelotrichales|f__Erysipelotrichaceae|g__Bulleidia",0,0,0,0,0,0,0,0,0,0,0,0,0,0,0,0,0,0,0,0,0,0,0,0,0,0,0,0,0,0,0,0,0,0,0,0.00017,0,0,0,0,0,0
"k__Bacteria|p__Firmicutes|c__Erysipelotrichia|o__Erysipelotrichales|f__Erysipelotrichaceae|g__Dielma",0,0,0,0,0,0,0,0,0,0.01206,0.02018,0,0,0,0,0,0.00244,0,0,0,0,0,0,0,0,0,0,0,0,0,0,0,0,0,0,0,0,0,0,0.00062,0,0
"k__Bacteria|p__Firmicutes|c__Erysipelotrichia|o__Erysipelotrichales|f__Erysipelotrichaceae|g__Erysipelatoclostridium",0.00515,0,0,0.40635,0.00377,0.00844,0.01472,0.00529,0,0.00396,0.00986,1.28238,0.06689,0.01894,0.00223,1.12159,0.02611,0.01353,0.00196,0.1753,1.03176,0.03788,0.04199,0.13457,0.08467,0.00216,0.06861,0.14562,0.01297,0.05715,0.07024,2e-04,0.03907,0.04825,0.00112,1.20123,0.08075,0.05126,0.00539,0.07578,0.0418,0.46873
"k__Bacteria|p__Firmicutes|c__Erysipelotrichia|o__Erysipelotrichales|f__Erysipelotrichaceae|g__Erysipelotrichaceae_unclassified",0,0,0.86576,0,0,0,0,0,0,0,0,0,0,0,0,0,0.35446,0,0,0,0,0,0,0,0,0,0,0,0,0,0,0,0,0,0,0,0,0,0,0,0,0
"k__Bacteria|p__Firmicutes|c__Erysipelotrichia|o__Erysipelotrichales|f__Erysipelotrichaceae|g__Faecalibacillus",0.78757,1.45293,0.00678,2.75014,1.51833,1.88411,0.99467,0.90094,1.27303,0.20277,1.29622,0.00226,1.18033,1.81202,2.63144,0.00222,0.36034,0.05387,0.25584,0,0,0.39596,1.58831,3.22787,16.68623,1.52444,5.27778,0.87697,0,0.07939,2.17447,0.83603,3.08208,2.13805,0.17881,1.23465,3.25418,4.97159,0.33616,0.30215,3.46788,0
"k__Bacteria|p__Firmicutes|c__Erysipelotrichia|o__Erysipelotrichales|f__Erysipelotrichaceae|g__Faecalicoccus",0,0,0,0,0,0.01402,0.00241,0.07144,0.02046,0,0,0.01675,4.50385,0,0,0,0,0,0,0,0,0,0,0,0,0.01846,0.01864,0,0,0,0.57863,0.04209,0,0,0,0,0,0,0.35965,0.0437,0,0.41325
"k__Bacteria|p__Firmicutes|c__Erysipelotrichia|o__Erysipelotrichales|f__Erysipelotrichaceae|g__Faecalitalea",0,0,0,0,0,0,0,0,0,0,0,0,0,0.00035,0,0,0,0,0,0,0,0,0,0,0,0,0,0,0,0,0,0,0,0,0,0.94303,0,0,0.08267,0.01108,0,0
"k__Bacteria|p__Firmicutes|c__Erysipelotrichia|o__Erysipelotrichales|f__Erysipelotrichaceae|g__GGB31183",0,0,0,0,0,0,0,0,0,0,0,0,0,0,0,0,0,0,0,0,0,0,0,0,0,0,0,0,0,0,0,0,0,0,0,0,0,0,0,0,0,0.00084
"k__Bacteria|p__Firmicutes|c__Erysipelotrichia|o__Erysipelotrichales|f__Erysipelotrichaceae|g__GGB4888",0,0,0.074,0,0,0,0,0,0,0,0,0,0,0,0,0,0,0,0,0,0,0,0,0,0,0,0,0,0,0,0,0,0,0,0,0,0,0,0,0,0,0
"k__Bacteria|p__Firmicutes|c__Erysipelotrichia|o__Erysipelotrichales|f__Erysipelotrichaceae|g__Holdemanella",0,0,6.6679,0,0,0,0,0,0,0,0,0,0,1.62238,2.70901,0,3.59357,0.88525,0.79224,0,0,0,0,0,0,0,0,0,0,0,3.52999,3.80239,0,0,8.92089,22.31666,0,0,0,0,0,0
"k__Bacteria|p__Firmicutes|c__Erysipelotrichia|o__Erysipelotrichales|f__Erysipelotrichaceae|g__Holdemania",0.0213,0.02761,0,0,0,0.03935,0.03708,0.0091,0.00206,0.03242,0.03935,0.03039,0.09921,0.02053,0,0.01729,0.03682,0.04143,0.05669,0.1251,0.21922,0.02914,0.0215,0,0,0.03137,0.0293,0.1923,0,0.05885,0.02528,0.05524,0.09281,0.09736,0.01209,0.2822,0.00042,0.06007,0.00145,0.00317,0,0
"k__Bacteria|p__Firmicutes|c__Erysipelotrichia|o__Erysipelotrichales|f__Erysipelotrichaceae|g__Longicatena",0,0,0,0,0,0.02357,0.0221,0,0,0,0,0,0,0,0,0,0,0,0,0,0,0.05812,0.0031,0,0,0.0888,0,0,0,0,0,0,0,0,0,0.14793,0,0.02899,0,0,0,0
"k__Bacteria|p__Firmicutes|c__Erysipelotrichia|o__Erysipelotrichales|f__Erysipelotrichaceae|g__Massilicoli",0,0,0,0,0,0,0,0,0,0,0,0,0.00047,0,0,0,0,0,0,0,0,0,0.0577,0,0,0,0,0,0,0,0,0,0,0,0,0,0,0,0,0,0,0
"k__Bacteria|p__Firmicutes|c__Erysipelotrichia|o__Erysipelotrichales|f__Erysipelotrichaceae|g__Massilimicrobiota",0,0,0,0.04242,0.00466,0.00177,0,0,0,0,0,0,0.03849,0,0,0.00529,0,0,0,0,0,0.0215,0.05074,0,0.00449,0,0,0.02452,0,0,0,0,0.00623,0,0,0.00603,0,0.022,0.09247,0.15901,0.00469,0.10344
"k__Bacteria|p__Firmicutes|c__Erysipelotrichia|o__Erysipelotrichales|f__Erysipelotrichaceae|g__Solobacterium",0,0,0.01047,0.00486,0.00079,0.00885,0.00043,0,0,0,0.00056,0.90221,0.00218,0.00031,0.01804,0.15553,0.0073,0.01344,0.00076,0.03172,0.00486,0.08695,0,0.0212,0.00247,0,0,0.00645,1.78499,0.01814,0.03779,0.01459,0,0,0.27173,0.07598,0,0,0.01673,0.02229,0.00132,0.12359
"k__Bacteria|p__Firmicutes|c__Erysipelotrichia|o__Erysipelotrichales|f__Turicibacteraceae|g__Turicibacter",0,0.00822,0.08265,0,0,0.12265,0.11206,0.00723,0,0,0,0,0.00705,0,0,0,0,0.00755,0,0,0,0.04815,0.04212,0,0,0,0.00973,0.1055,0,0.00505,0.20245,0.00079,0.00609,0,0,0,0,1.58846,0.04082,0,0.01459,0.08219
"k__Bacteria|p__Firmicutes|c__Firmicutes_unclassified|o__Firmicutes_unclassified|f__Firmicutes_unclassified|g__Firmicutes_unclassified",0,0,0,0,0,0,0,0,0,0,0,0,0,0,0,0,0,0,0,0,0,0,0,0,0,0,0,0,0,0,0,0,0,0,0,0,0.29812,0.26693,0,0,0,0
"k__Bacteria|p__Firmicutes|c__Firmicutes_unclassified|o__Firmicutes_unclassified|f__Firmicutes_unclassified|g__GGB9509",0,0,0,0,0,0,0,0,0,0,0,0.00797,0.04332,0,0,0,0,0,0,0,0,0.17679,0.04076,0,0,0,0,0,0,0,0,0,0,0,0,0,0,0,0,0,0,0.26219
"k__Bacteria|p__Firmicutes|c__Firmicutes_unclassified|o__Firmicutes_unclassified|f__Firmicutes_unclassified|g__GGB9511",0,0,0,0,0,0,0,0,0,0,0,0,0,0,0,0,0.15667,0,0,0,0,0,0,0,0,0,0,0,0,0,0,0,0,0,0,0,0,0,0,0,0,0
"k__Bacteria|p__Firmicutes|c__Firmicutes_unclassified|o__Firmicutes_unclassified|f__Firmicutes_unclassified|g__GGB9512",0,0,0,0,0,0,0,0,0,0,0,0,0,0,0,2.9627,0,0,0,0,0,0,0,0,0,0,0,0,0,0.78137,0,0,0,0,0,0,0,0,0,0,0,0
"k__Bacteria|p__Firmicutes|c__Firmicutes_unclassified|o__Firmicutes_unclassified|f__Firmicutes_unclassified|g__Negativibacillus",0,0,0.03088,0,0,0,0.00693,0.08802,0.00933,0,0,0.3592,0.38962,0.00506,0,0.25849,0,0,0,0,0,0.20007,0.05938,0,0,0.02716,0.0156,0,0,0,0.04152,0.03767,0,0,0.03092,0,0,0.00223,0.032,0.00484,0.05696,0
"k__Bacteria|p__Firmicutes|c__Negativicutes|o__Acidaminococcales|f__Acidaminococcaceae|g__Acidaminococcus",0,0,0,0,0,0,0,0,0,0,0,0,0,0,0,0,0.008,0,0.00199,0,0,0,0,0,0,0,0,0,0,0,0.00182,0.03668,0,0,0,0,0,0,0,0,0,0
"k__Bacteria|p__Firmicutes|c__Negativicutes|o__Acidaminococcales|f__Acidaminococcaceae|g__Phascolarctobacterium",0.00298,0.68695,0.01308,0.02073,0,0.06936,0.04315,0.01452,0.04073,0.9889,1.05625,0.66913,0.63758,0.75446,0.00325,1.73114,0.50526,0,0.0156,0.01501,0.60464,0.11578,0.08894,0,0,0,0,0,0.00035,0.03588,0.04087,0.36402,0.0596,0.17892,0.1061,0,0.24603,1.95079,0,0,0,0
"k__Bacteria|p__Firmicutes|c__Negativicutes|o__Selenomonadales|f__Selenomonadaceae|g__Megamonas",0,0,8.32841,0.00696,0.0043,0,0,0.31999,0.06214,0,0.0052,0.01588,0.14486,8.96455,27.32246,0,1.32141,0,0,0,0,0,0,0,0,0,0,0,0,0,0.85294,1.22161,0.3255,0.04953,9.65945,0.0123,0,0,0,0,0,0
"k__Bacteria|p__Firmicutes|c__Negativicutes|o__Selenomonadales|f__Selenomonadaceae|g__Mitsuokella",0,0,0,0,0,0,0,0.01886,0,0,0,0,0,0,0,0,0.00693,0,0,0,0,0,0,0,0,0.00094,0,0.01197,0,0,0,0.00889,0,0,0,0.00086,0,0,0,0,0,0
"k__Bacteria|p__Firmicutes|c__Negativicutes|o__Selenomonadales|f__Selenomonadaceae|g__Selenomonas",0,0,0,0,0,0,0,0,0,0,0,0,0,0,0,0.16678,0,0,0,0,0,0,0,0,0,0,0,0,0,0.00469,0,0,0,0,0.01228,0,0,0,0,0,0,0
"k__Bacteria|p__Firmicutes|c__Negativicutes|o__Veillonellales|f__Veillonellaceae|g__Allisonella",0,0,0.03144,0,0,0,0,0.03057,0.027,0,0,0,0,0.11697,0,0,0.04439,0,0,0,0,0,0,0,0,0.12154,0,0,0,0,0.01874,0.03539,0,0,0.03144,0.00288,0.00353,0.00752,0,0,0,0
"k__Bacteria|p__Firmicutes|c__Negativicutes|o__Veillonellales|f__Veillonellaceae|g__Dialister",6.19674,4.74653,2.47046,0,0,0,0.00157,3.9304,2.34082,0.00018,0,0,0.03257,0,0,0.0508,0,5.57199,7.7242,0,0,1.3221,1.01206,0.74594,0.11488,1.61957,0.0799,0,1.29504,1.84945,9e-04,0,0,0,0.06874,5.51535,0,0,1.42839,1.94238,4.46991,2.97718
"k__Bacteria|p__Firmicutes|c__Negativicutes|o__Veillonellales|f__Veillonellaceae|g__GGB4266",0,0,0,0,0,0,0,0,0,0,0,0,0,0,0,0,0,0,0,0,0,0,0,0,0,0,0,0.76705,0,0,0,0,0,0,0,0,0,0,0,0,0,0
"k__Bacteria|p__Firmicutes|c__Negativicutes|o__Veillonellales|f__Veillonellaceae|g__GGB4277",0,0,0,0,0,0,0,0,0,0,0,0,0,0,0,0,0,0,0,0,0,0,0,0.00017,0,0,0,0,0,0,0,0,0,0,0,0,0,0,0,0,0,0
"k__Bacteria|p__Firmicutes|c__Negativicutes|o__Veillonellales|f__Veillonellaceae|g__Megasphaera",0,0,0,0,0,0,0,0.14829,0.01627,0,0,0,0.01102,0.11325,0.00128,0,0.0868,0,0,0,0,0,0,0,0,0.10755,0.00163,0,0,0.0259,0.22919,0.049,0,0,0,0.34396,0,0,0,0,0,0.00628
"k__Bacteria|p__Firmicutes|c__Negativicutes|o__Veillonellales|f__Veillonellaceae|g__Veillonella",0.00775,0.01282,0.08963,0,0.00216,0,0.02779,0,0.00044,3.76275,1.41275,0.00201,0,0,0.00301,0.11734,0,0.13669,0.53855,0.20877,0.00052,0,0,0.01793,0,0,0,0.03456,0,0.00587,0.01626,0,0,0.0015,0.08469,0,0.32856,0.01419,0,0,0.00135,0.69352
"k__Bacteria|p__Firmicutes|c__Tissierellia|o__Tissierellales|f__Peptoniphilaceae|g__Anaerococcus",0,0,0.00041,0.02548,0,0.0028,0,0,0,0,0,0.00073,0,0.03596,0,0.08256,0,0.00638,0,0.00052,0,0,0,0.00239,0,0,0,0,12.90624,0.0158,0.03539,0.00013,0,0,0,0,0,0,0,0,0,0.0504
"k__Bacteria|p__Firmicutes|c__Tissierellia|o__Tissierellales|f__Peptoniphilaceae|g__Finegoldia",0,0,0,0.00139,0,0.00054,0,0,0,0,0,0,0,0.00098,0,0.00073,0,0,0,0.00275,0,0,0,0,0,0,0,0,0.06428,0,0,0,0,0,0,0,0,0,0,0,0,0
"k__Bacteria|p__Firmicutes|c__Tissierellia|o__Tissierellales|f__Peptoniphilaceae|g__Helcococcus",0,0,0,0,0,0,0,0,0,0,0,0,0,0,0,0,0,0,0,0,0,0,0,0,0,0,0,0,0,0,0,0,0.00077,0,0,0,0,0,0,0,0,0
"k__Bacteria|p__Firmicutes|c__Tissierellia|o__Tissierellales|f__Peptoniphilaceae|g__Parvimonas",0.00146,0.00141,0.1964,0.34447,0,0.04629,0.00294,0.21535,0,0.00017,0.00075,5.38385,0.06991,0.03528,0.00792,0.77126,0,0.25853,0,0.57215,0,1.77556,0.02492,0.02972,0.00396,0.00177,0,0.00265,13.46018,0.33051,0.76266,0.00665,0.00398,0.01724,0.7281,0.04605,0.27283,0.29491,0.08199,0.04668,0,0.22533
"k__Bacteria|p__Firmicutes|c__Tissierellia|o__Tissierellales|f__Peptoniphilaceae|g__Peptoniphilus",0,0,0,0,0,0,0,0,0,0,0,0,0,0.00011,0,0.00033,0,0,0,0,0,0.01569,0,0,0,0,0,0,0.03779,0.00346,0.00015,0.00586,0,0,0,0,0,0,0,0,0,0
"k__Bacteria|p__Firmicutes|c__Tissierellia|o__Tissierellales|f__Peptoniphilaceae|g__Urinicoccus",0,0,0,0,0,0,0,0,0,0,0,0,0,0,0,0,0,0.0567,0,0,0,0,0,0,0,0,0,0,0,0,0,0,0,0,0,0,0,0,0,0,0,0
"k__Bacteria|p__Firmicutes|c__Tissierellia|o__Tissierellia_unclassified|f__Tissierellia_unclassified|g__Ezakiella",0,0,0,0,0,0,0,0,0,0,0,0,0,0,0,0,0,0,0,0,0,0,0,0.00186,0,0,0,0,0,0.00306,0,0,0,0,0,0,0,0,0,0,0,0
"k__Bacteria|p__Fusobacteria|c__Fusobacteriia|o__Fusobacteriales|f__Fusobacteriaceae|g__Fusobacterium",0,0,0.00495,0,0,0.02217,0,0.01003,0,0,0,22.19627,0.02175,0.04001,0.00918,0.11009,0,0.00169,0,0.01032,0,0.05209,0.05555,0,0,0,0,0.03053,1.22028,0.33749,0.01019,0,0.09291,0,0.08172,0,0.00472,0.00287,0.00085,0.00591,0,0.03018
"k__Bacteria|p__Fusobacteria|c__Fusobacteriia|o__Fusobacteriales|f__Fusobacteriaceae|g__GGB4386",0,0,0,0,0,0,0,0,0,0,0.00187,0,0,6.01556,1.26783,0,0,0,0,0,0,0,0,0,0,0,0,0,0,0,0,0,0,0,0,0,0,0,0,0,0,0
"k__Bacteria|p__Lentisphaerae|c__CFGB2345|o__OFGB2345|f__FGB2345|g__GGB6470",0,0,0,0,0,0,0,0,0,0,0,0.02151,0,0,0,0,0,0,0,0,0,0,0,0,0,0,0,0,0,0,0,0,0,0,0,0,0,0,0,0,0,0
"k__Bacteria|p__Lentisphaerae|c__Lentisphaeria|o__Victivallales|f__Victivallaceae|g__Victivallis",0,0,0,0,0,0,0,0,0,0,0,0,0,0,0,0,0,0,0,0,0,0,0,0,0,0,0,0,0,0.0031,0,0,0,0,0,0,0,0,0,0,0,0
"k__Bacteria|p__Proteobacteria|c__Betaproteobacteria|o__Burkholderiales|f__Comamonadaceae|g__Comamonas",0,0,0,0,0,0,0,0,0,0,0,0,0,0,0,0,0,0,0,0,0,0,0,0,0,0,0,0,0,0.00192,0,0,0,0,0,0,0,0.0045,0,0,0,0
"k__Bacteria|p__Proteobacteria|c__Betaproteobacteria|o__Burkholderiales|f__Oxalobacteraceae|g__GGB6649",0,0.00297,0,0,0,0,0,0.00068,0,0,0,0.00467,0.00093,0,0,0,0.01658,0,0,0,0,0.01394,0.0125,0,0,0,0,0.0201,0,0,0,0.02142,0,0,0,0,0,0,0,0,0,0
"k__Bacteria|p__Proteobacteria|c__Betaproteobacteria|o__Burkholderiales|f__Sutterellaceae|g__Duodenibacillus",0,0,0,0,0,0,0,0,0,0,0,0,0,0,0,0,0,0,0,0,0,0,0,0,0,0,0,0,0,0.00989,0,0,0,0,0,0,0,0,0,0,0,0.00297
"k__Bacteria|p__Proteobacteria|c__Betaproteobacteria|o__Burkholderiales|f__Sutterellaceae|g__GGB6554",0,0,0,0,0,0,0,0,0,0,0,0,0,0,0,0,0,0,0,0,0,0,0,0,0,0,0,0,0,0,0,0,0,0,0,0,0,0,0,0,0,0.00066
"k__Bacteria|p__Proteobacteria|c__Betaproteobacteria|o__Burkholderiales|f__Sutterellaceae|g__GGB6567",0,0,0,0,0,0,0,0,0,0,0,0,0,0,0,0,0,0,0,0,0.00317,0,0,0,0,0,0,0,0,0,0,0,0,0,0,0,0,0,0,0,0,0
"k__Bacteria|p__Proteobacteria|c__Betaproteobacteria|o__Burkholderiales|f__Sutterellaceae|g__Mesosutterella",0,0,0,0,0,0,0,0,0,0,0,0,0,0,0,0,0,0,0,0,0,0.00598,0,0,0,0,0,0,0,0,0,0,0,0,0,0,0,0,0,0,0,0
"k__Bacteria|p__Proteobacteria|c__Betaproteobacteria|o__Burkholderiales|f__Sutterellaceae|g__Parasutterella",0,0.00137,0.00052,0,0,0,0,0,0,0,0,0,0.00495,0,0,0,0,0,0,0.00077,0.04215,0,0,0.20145,0.04011,0,0,0,0,0,0,0,0.01181,0.06215,0,0.00885,0,0,0,0,0,0.00436
"k__Bacteria|p__Proteobacteria|c__Betaproteobacteria|o__Burkholderiales|f__Sutterellaceae|g__Sutterella",0.1535,0.00676,0.017,0,0,0,0,0.00966,0.00179,0.42582,0.09434,0.0101,0.00885,0.04671,0.00166,0.44928,0.00502,0.06357,0.00466,0.00187,0.00842,0.14551,0.09449,0,0,0.02576,0.00693,0,0.12176,0,0,0.05438,0.01612,0.0286,0.04515,0,0.00144,0,0.01255,0.03042,0.00033,0
"k__Bacteria|p__Proteobacteria|c__Betaproteobacteria|o__Neisseriales|f__Chromobacteriaceae|g__Microvirgula",0,0,0,0,0,0,0,0,0,0,0,0,0,0,0,0,0,0,0,0,0,0,0,0,0,0,0,0,0,0,0,0,0,4e-05,0,0,0,0,0,0,0,0
"k__Bacteria|p__Proteobacteria|c__Betaproteobacteria|o__Neisseriales|f__Neisseriaceae|g__Neisseria",0,0.00149,0.06682,0,0,0,0,0,0,0,0.03296,0,0,0,0,0,0,0,6e-04,0,0,0,0,0,0,0,0,0,0,0,0,0,0,0,0,0,0,0,0,0,0,0
"k__Bacteria|p__Proteobacteria|c__CFGB2404|o__OFGB2404|f__FGB2404|g__GGB6613",0,0,0,0,0,0,0,0,0,0,0,0,0.02078,0,0,0,0,0,0,0,0,0,0,0,0,0,0,0,0,0,0,0,0,0,0,0,0,0,0,0,0,0
"k__Bacteria|p__Proteobacteria|c__Deltaproteobacteria|o__Desulfovibrionales|f__Desulfovibrionaceae|g__Bilophila",0.03464,0.02355,0.01441,0.04659,0.01341,0.00521,0.05623,0.02193,0.00334,0.01491,0.20122,0.79869,0.07947,0.01969,0.05399,0.27883,0.04183,0,0.04022,0,0,0.16253,0.08274,0,0,0.02564,0.00768,0.56999,0.70494,0.00908,0.0527,0.08267,0.04601,0.00067,0.00078,0.02292,0,0.13763,0,0.00448,0,0.00178
"k__Bacteria|p__Proteobacteria|c__Deltaproteobacteria|o__Desulfovibrionales|f__Desulfovibrionaceae|g__Desulfovibrio",0.2099,0.08584,0,0.24505,0,0,0,0,0,0,0,0.00651,0.00924,0.04553,0.01917,0.49055,0.09435,0,0,0,0,0.1576,0.04489,0,0,0,0.01129,0,0.00204,0.04267,0.14312,0.02298,0.21161,0.21922,0.03632,0.55739,0,0,0.0275,0.16217,0,0
"k__Bacteria|p__Proteobacteria|c__Deltaproteobacteria|o__Desulfovibrionales|f__Desulfovibrionaceae|g__GGB9813",0,0,0,0,0,0,0,0,0,0,0,0,0,0,0,0,0,0.1346,0.00137,0,0,0,0,0,0,0,0,0,0,0.32085,0,0,0,0,0,0,0,0,0,0,0,0
"k__Bacteria|p__Proteobacteria|c__Deltaproteobacteria|o__Desulfovibrionales|f__Desulfovibrionaceae|g__GGB9819",0,0,0,0,0,0,0,0,0,0,0,0,0,0,0,0,0,0,0,0,0,0,0,0,0,0,0,0,0,0,0,0.00168,0,0,0,0,0,0,0,0,0,0
"k__Bacteria|p__Proteobacteria|c__Epsilonproteobacteria|o__Campylobacterales|f__Campylobacteraceae|g__Campylobacter",0,0,0,0,0,0,0,0,0,0,0,0.01207,0,0,0,0.00466,0,0,0,0,0,0,0,0,0,0,0,0,0.02905,0.0016,0,0,0,0,0,0,0,0,0,0,0,0
"k__Bacteria|p__Proteobacteria|c__Gammaproteobacteria|o__Aeromonadales|f__Aeromonadaceae|g__Aeromonas",0,0,0,0,0,0,0,0,0,0,0,0,0,0,0,0,0,0,0,0,0,0,0,0,0,0,0,0,0,0,0,0,0.28241,0,0,0,0,0,0,0,0,0
"k__Bacteria|p__Proteobacteria|c__Gammaproteobacteria|o__Enterobacterales|f__Enterobacteriaceae|g__Atlantibacter",0,0,0,0,0,0,0.054,0,0,0,0,0,0,0,0,0,0,0,0,0,0,0,0,0,0,0,0,0,0,0,0,0,0,0,0,0,0,0,0,0,0,0
"k__Bacteria|p__Proteobacteria|c__Gammaproteobacteria|o__Enterobacterales|f__Enterobacteriaceae|g__Citrobacter",0,0.15815,0,0,0,0,0.14693,0,0,0,0,0,0,0,0,0,0,0,0,0,0,0,0.00301,4e-04,0,0,0,0.00634,0,0,0.04523,0,1.76721,0.44078,0,0,0,0,0,0,0,0.24665
"k__Bacteria|p__Proteobacteria|c__Gammaproteobacteria|o__Enterobacterales|f__Enterobacteriaceae|g__Enterobacter",0,0,0.082,0,0,0,0.1577,0,0,0.47149,0,0,0,0,0,0,0,0,0,0,0,0,0.02374,0.00125,0,0,0,0.01078,0,0.0019,0.07932,0,0.01341,0.03718,0,0.01186,0,0,0,0,0,0.099
"k__Bacteria|p__Proteobacteria|c__Gammaproteobacteria|o__Enterobacterales|f__Enterobacteriaceae|g__Escherichia",0,0.00177,2.03032,0.00466,0,0.046,0.17443,0.01605,0,0.009,0.32183,0.02454,4.61803,3.58873,37.13203,0,0.25386,0.015,0,0.00066,0.00114,0.04174,0.05736,0.00457,0,0.00228,0.11788,0.2628,0.86651,0.01274,0.02667,0.01554,4.79195,0.37771,0.00325,1.57202,0,0.01388,0.00385,0,0,0.38578
"k__Bacteria|p__Proteobacteria|c__Gammaproteobacteria|o__Enterobacterales|f__Enterobacteriaceae|g__Klebsiella",0,0,2.95124,0,0,0.08039,0.82117,0.01203,0,0,0,0,0,0,0,0.72645,0.10633,0,0,0,0,0.00832,0.03116,0.01114,0,0,0,0,0,0,0.32484,0,0,0.22293,0.28746,0.00164,0,0,0,0,0,0.03165
"k__Bacteria|p__Proteobacteria|c__Gammaproteobacteria|o__Enterobacterales|f__Enterobacteriaceae|g__Kluyvera",0,0,0,0,0,0,0,0,0,0,0,0,0,0,0,0,0,0,0,0,0,0,0.00474,0.00339,0,0,0,0,0,0,0,0,0.11714,0.00315,0,0,0,0,0,0,0,0.00312
"k__Bacteria|p__Proteobacteria|c__Gammaproteobacteria|o__Enterobacterales|f__Enterobacteriaceae|g__Leclercia",0,0,0,0,0,0,0,0,0,0,0,0,0,0,0,0,0,0,0,0,0,0,0,0,0,0,0,0,0,0,0,0,0,0,0,0,0,0,0,0,0,0.00072
"k__Bacteria|p__Proteobacteria|c__Gammaproteobacteria|o__Enterobacterales|f__Enterobacteriaceae|g__Pseudescherichia",0,0,0,0,0,0,0.00536,0,0,0,0,0,0,0,0,0,0,0,0,0,0,0,0,0,0,0,0,0,0,0,0,0,0,0,0,0,0,0,0,0,0,0
"k__Bacteria|p__Proteobacteria|c__Gammaproteobacteria|o__Enterobacterales|f__Enterobacteriaceae|g__Raoultella",0,0,0,0,0,0,0.00085,0,0,0,0,0,0,1.23174,0,0,0,0,0,0,0,0,0.00143,0,0,0,0.01328,0,0,0,0.0019,0,0.02845,0.00716,0,0,0,0,0,0,0,0.1504
"k__Bacteria|p__Proteobacteria|c__Gammaproteobacteria|o__Enterobacterales|f__Hafniaceae|g__Hafnia",0,0,0,0,0,0,0,0,0,0,0,0,0,0,0,0,0,0,0,0,0,0,0.00176,0,0,0,0,0,0,0,0,0,0,0,0,0,0,0,0,0,0,0
"k__Bacteria|p__Proteobacteria|c__Gammaproteobacteria|o__Enterobacterales|f__Morganellaceae|g__Providencia",0,0,0,0,0,0,0,0,0,0,0,0,0,0,0,0,0,0,0,0,0,0,0,0,0,0,0,0,0,0,0,0,0,0.01336,0,0,0,0,0,0,0,0
"k__Bacteria|p__Proteobacteria|c__Gammaproteobacteria|o__Pasteurellales|f__Pasteurellaceae|g__Aggregatibacter",0,0,0.00785,0,0,0,0,0,0,0,0,0,0,0,0,0,0,0,0,0,0,0,0,0.00012,0,0,0,0,0.79958,0,0,0,0,0,0,0,0,0,0,0,0,0
"k__Bacteria|p__Proteobacteria|c__Gammaproteobacteria|o__Pasteurellales|f__Pasteurellaceae|g__Haemophilus",0,0.01628,0.71124,0,0,0,0.00623,0,0,0.05006,0.15621,0,0,0,0,0,0,0.07632,0.04368,0.00309,0,0,0,0.00624,0,0,0,0.40557,0.00072,0,0,0,0.00131,0,0,0,0,0,0,0,0,0
"k__Bacteria|p__Proteobacteria|c__Gammaproteobacteria|o__Pseudomonadales|f__Pseudomonadaceae|g__Pseudomonas",0,0,0,0,0,0,0,0,0,0,0,0,0,0,0,0,0,0,0,0,0,0,0,0,0,0,0,0,0,0,0,0,7.13708,0,0.00025,0,0,0,0,0,0,0
"k__Bacteria|p__Synergistetes|c__Synergistia|o__Synergistales|f__Synergistaceae|g__Cloacibacillus",0,0,7e-05,0.0136,0,0,0,0.02079,0,0,0,0.19801,0.40406,0,0,0.00549,0.10119,0,0,0,0,0.01062,0.29521,0,0,0,0.00682,0,0,0.41243,0,0.00259,0,0,0,0.00011,0,0,0.00287,0.00288,0,0
"k__Bacteria|p__Synergistetes|c__Synergistia|o__Synergistales|f__Synergistaceae|g__Fretibacterium",0,0,0,0,0,0,0,0,0,0,0,0,0,0,0,0,0,0,0,0,0,0,0,0,0,0,0,0,0,0,0,0,0,0,0.00713,0,0,0,0,0,0,0
"k__Bacteria|p__Synergistetes|c__Synergistia|o__Synergistales|f__Synergistaceae|g__GGB10852",0,0,0,0,0,0,0,0,0,0,0,0,0,0,0,0,0,0,0,0,0,0,0,0,0,0,0,0,0,0,0,0,0,0,0.00573,0,0,0,0,0,0,0
"k__Bacteria|p__Synergistetes|c__Synergistia|o__Synergistales|f__Synergistaceae|g__Pyramidobacter",0,0,0.00015,0,0,0,0,0,0,0,0,0,0.14093,0,0,0,0,0,0,0,0,0,0,0,0,0,0,0,0,0,0,0,0,0,0,0,0,0,0,0,0,0
"k__Bacteria|p__Tenericutes|c__CFGB1787|o__OFGB1787|f__FGB1787|g__GGB4745",0,0,0,0,0,0,0,0,0,0,0,0,0,0,0,0,0,0,0,0,0,0,0,0,0,0,0,0,0,0,0,0,0,0,0,0,0,0,0.00839,0.01274,0,0
"k__Bacteria|p__Tenericutes|c__CFGB1787|o__OFGB1787|f__FGB1787|g__GGB4750",0,0.04887,0,0,0,0,0,0,0,0,0,0,0,0,0,0,0,0,0,0,0,0,0,0,0,0,0,0,0,0,0,0,0,0,0,0,0,0,0,0,0,0
"k__Bacteria|p__Tenericutes|c__CFGB1800|o__OFGB1800|f__FGB1800|g__GGB13818",0.00934,0.01209,0,0,0,0,0,0,0,0,0,0,0,0,0,0,0,0,0,0,0,0,0,0,0,0,0,0,0,0,0,0,0,0,0,0,0,0,0,0,0,0
"k__Bacteria|p__Verrucomicrobia|c__Opitutae|o__Puniceicoccales|f__Puniceicoccaceae|g__GGB6128",0,0,0,0,0,0,0,0,0,0,0,0,0,0,0,0,0,0,0,0,0,0,0,0,0,0,0,0,0,0,0,0,0,0,0,0.00392,0,0,0,0,0,0
"k__Bacteria|p__Verrucomicrobia|c__Verrucomicrobiae|o__Verrucomicrobiales|f__Akkermansiaceae|g__Akkermansia",0,0,0,0,0,0,0,0,0,0,0,12.70682,10.55949,0.00078,0,2.3005,0.06771,0,0.00791,0,0,1.87939,3.03915,0.00117,0.04778,0,0,0,0,1.32728,0,0,3.15391,4.05796,0,0,0.68573,10.73254,1.01342,0.11855,0,0
